# .PCD v0.7 - Point Cloud Data file format
VERSION 0.7
FIELDS x y z rgb
SIZE 4 4 4 4
TYPE F F F U
COUNT 1 1 1 1
WIDTH 18000
HEIGHT 1
VIEWPOINT 0 0 0 1 0 0 0
POINTS 18000
DATA ascii
-6.165 -17.909 -0.284 8191851
-6.576 -19.842 2.838 6737151
-9.703 -21.126 1.966 6737151
-5.640 -14.860 -0.205 3003583
-4.500 -8.694 -0.457 8191851
-8.035 -21.019 4.494 6737151
-6.827 -18.927 0.236 8191851
-9.363 -21.910 2.230 3718648
-10.141 -20.273 2.683 3718648
-10.881 -18.629 1.530 6737151
-8.148 -12.816 1.217 3003583
-3.537 -5.512 -0.370 3003583
-9.725 -21.119 0.134 8191851
-8.878 -12.593 0.873 3003583
5.032 11.885 1.531 16757844
-9.963 -20.623 1.291 3718648
-8.457 -12.879 0.939 3003583
-11.954 -18.932 2.241 3718648
-10.184 -20.138 1.864 3718648
-9.644 -12.749 1.265 3003583
5.257 11.336 2.322 16739210
5.341 11.093 4.707 16739210
5.579 10.677 1.152 16376911
-2.860 -2.387 -0.280 8191851
-8.446 -12.904 0.040 3003583
-12.594 -18.176 2.814 3718648
-9.567 -13.018 1.347 6737151
5.723 10.406 1.403 16757844
5.491 10.901 2.019 12616956
5.216 11.440 1.854 16376911
-8.201 -13.225 0.719 8191851
-11.103 -18.378 1.936 3718648
-8.973 -12.513 0.691 3003583
-11.823 -16.913 1.371 8191851
5.455 11.010 1.292 16757844
5.462 11.009 0.556 16757844
5.817 10.177 2.636 16739210
-12.040 -16.191 3.115 6737151
-4.894 -5.003 -0.358 3003583
-12.276 -15.681 0.473 3003583
-13.239 -13.614 0.863 3003583
4.100 7.540 0.525 16376911
-7.229 -7.115 -0.297 8191851
-10.044 -11.926 0.131 3003583
-12.482 -15.235 0.509 3003583
-13.440 -13.217 0.890 3003583
-13.467 -13.159 1.346 3003583
-12.553 -15.001 1.943 3718648
6.110 9.489 3.072 16739210
-13.119 -13.900 2.336 3718648
-12.626 -14.898 4.436 6737151
-5.305 -4.786 -0.354 3003583
6.165 9.403 1.425 16757844
-12.866 -14.442 0.572 3003583
-13.776 -12.492 0.938 3003583
2.817 5.681 1.282 16757844
-10.636 -11.109 0.207 3003583
-13.522 -13.077 0.447 3003583
-13.086 -13.965 1.068 8191851
4.715 7.183 1.449 16757844
-14.061 -11.818 0.320 8191851
4.798 7.143 1.998 16739210
-5.716 -4.553 -0.354 3003583
6.331 9.286 2.756 12616956
6.014 9.773 1.315 16376911
4.528 6.064 1.555 16757844
6.093 9.623 1.557 16376911
4.739 7.225 1.124 16757844
3.525 5.889 0.354 16757844
4.413 6.696 1.495 16376911
-14.593 -10.727 1.047 3003583
-3.842 -1.660 -0.256 8191851
-14.656 -10.519 1.918 6737151
6.421 9.265 2.397 12616956
4.581 5.643 1.854 12616956
-8.617 -5.790 -0.205 8191851
4.528 6.363 2.351 12616956
-14.476 -10.973 2.439 3718648
-16.552 -11.183 1.972 6737151
-15.610 -10.261 0.411 8191851
-14.185 -11.539 3.183 6737151
7.001 7.640 4.093 16739210
4.796 5.414 1.211 16376911
-6.355 -3.726 -0.270 3003583
4.368 6.239 1.526 16376911
-6.414 -3.600 -0.255 3003583
4.955 6.093 2.341 12616956
5.320 5.471 1.845 12616956
3.918 5.239 0.355 16757844
-13.070 -7.942 0.128 8191851
-14.788 -10.286 0.858 3003583
-23.231 -13.633 0.897 3003583
-23.261 -13.553 1.533 3003583
-10.738 -6.700 0.009 3003583
-20.632 -12.972 3.374 3718648
4.009 5.053 0.356 16757844
-16.601 -11.055 2.686 3718648
5.133 5.395 0.982 16376911
-23.057 -13.942 1.672 6737151
4.692 5.802 1.500 16376911
-14.730 -10.334 2.674 6737151
4.965 4.712 1.800 12616956
4.807 4.933 1.397 16757844
-20.541 -12.873 0.652 3003583
-18.581 -8.655 0.435 8191851
-22.899 -13.987 1.194 8191851
4.686 5.418 1.645 16739210
-18.094 -11.799 2.398 3718648
-24.324 -11.222 1.639 3003583
8.983 7.690 3.538 12616956
-23.395 -13.290 1.230 8191851
4.919 4.575 1.532 12616956
5.154 4.632 2.397 16739210
-7.024 -2.521 -0.167 3003583
4.727 3.960 1.209 16376911
-24.939 -9.917 2.321 6737151
5.270 4.695 2.709 12616956
4.844 4.109 2.031 16739210
-22.383 -12.002 1.428 8191851
4.818 4.000 1.026 16376911
-24.381 -11.146 1.957 8191851
-25.617 -8.676 2.376 6737151
-21.001 -7.844 0.659 3003583
-24.445 -10.942 5.909 6737151
-24.157 -11.952 2.082 3718648
-20.265 -6.064 0.525 8191851
4.937 4.526 1.308 16376911
4.869 3.773 1.647 12616956
4.827 4.002 1.866 16739210
3.934 3.345 0.071 16376911
5.072 3.340 1.456 16757844
5.025 3.588 2.006 16739210
-20.507 -5.071 1.299 3003583
-25.501 -9.065 2.048 8191851
5.205 3.495 2.303 16739210
-22.124 -8.627 1.003 8191851
4.998 3.629 2.124 12616956
-25.268 -9.444 2.187 3718648
4.966 3.516 1.844 16739210
-4.882 0.091 -0.188 8191851
-20.222 -5.514 2.011 8191851
5.197 3.442 2.124 12616956
5.116 2.794 1.713 12616956
4.937 2.999 1.216 16757844
-22.696 -4.664 3.570 3718648
5.273 2.923 1.983 16739210
5.131 2.553 1.433 16757844
-22.348 -5.985 1.116 8191851
5.222 3.052 1.654 16739210
5.252 2.703 2.256 16739210
-21.285 -3.809 3.080 3718648
-20.068 -3.444 3.704 6737151
5.224 2.618 0.594 16376911
-16.738 -1.542 0.325 8191851
-23.878 -2.825 3.139 3718648
-21.104 -4.225 3.184 6737151
-22.268 -1.087 1.919 3003583
-24.718 -1.257 2.511 6737151
-20.387 -2.718 3.743 6737151
-24.807 -0.832 3.091 6737151
-6.095 0.429 0.388 3003583
4.258 2.098 1.250 16757844
4.283 2.073 1.591 12616956
5.047 2.703 1.271 16376911
4.319 2.013 1.474 12616956
4.230 2.200 1.987 12616956
34.537 3.706 2.207 12616956
34.154 3.572 1.386 12616956
-6.533 0.894 0.784 8191851
4.352 1.844 1.064 16376911
-5.086 1.154 -0.155 8191851
4.309 2.028 1.389 16376911
-24.823 -1.008 2.805 3718648
30.560 1.734 1.370 12616956
-22.112 -1.418 3.302 6737151
-26.080 1.966 2.032 3003583
-12.925 0.562 0.939 3003583
-24.705 -1.353 1.237 8191851
28.674 0.894 1.367 12616956
-7.249 1.050 0.975 3003583
-24.665 -1.067 3.503 6737151
16.030 1.579 2.577 16739210
-21.902 0.556 3.945 6737151
-26.584 3.334 1.457 3003583
14.980 1.143 2.505 16739210
21.441 2.073 0.157 16757844
-26.383 2.656 3.403 3718648
22.270 0.621 1.007 12616956
13.525 0.165 0.799 16757844
12.689 0.851 0.157 16376911
-6.848 1.865 0.759 8191851
-26.688 3.314 3.437 3718648
15.905 -0.441 0.659 16757844
-27.554 5.124 1.472 3003583
11.219 1.055 2.509 12616956
-27.267 4.148 1.618 3003583
15.796 0.719 0.880 16376911
6.295 1.098 -0.028 16757844
11.997 0.065 2.914 16739210
-27.440 4.929 1.628 3003583
-7.099 2.001 1.009 3003583
23.603 0.858 2.671 12616956
-5.025 2.101 -0.123 8191851
-33.205 7.974 3.770 6737151
22.144 0.461 0.742 16376911
6.823 0.350 1.729 16739210
-25.293 3.287 3.057 3718648
26.033 -0.208 2.762 12616956
-27.022 3.930 1.308 8191851
10.774 -0.007 0.066 16757844
-7.291 2.477 0.990 3003583
-33.401 8.370 6.154 3718648
-33.518 8.610 2.428 6737151
13.406 0.013 1.048 16376911
5.245 -0.095 1.518 12616956
-27.534 5.077 3.213 3718648
5.468 0.100 1.700 16739210
6.807 0.160 0.583 16757844
-25.104 5.106 3.083 3718648
6.647 0.077 1.810 16739210
-29.975 10.761 2.206 3003583
-33.478 8.604 3.408 3718648
5.190 -0.025 1.919 16739210
5.250 -0.117 1.271 16757844
5.262 -0.144 1.127 16757844
-7.442 3.181 0.108 3003583
-7.865 3.307 1.277 3003583
5.313 -0.271 1.696 16739210
-29.319 10.964 3.785 3718648
7.269 -1.172 1.539 12616956
5.359 -0.300 1.770 16739210
-16.741 7.693 1.182 3003583
-16.519 6.977 0.758 3003583
8.038 -2.358 0.814 16376911
7.311 -1.176 0.463 16757844
-9.135 4.549 0.764 3003583
7.626 -1.830 2.075 16739210
-26.169 12.387 4.272 3718648
-29.409 10.869 3.435 3718648
8.137 -2.767 0.793 16376911
7.663 -1.616 1.588 16739210
8.120 -2.859 1.248 16757844
8.609 -3.193 0.745 16376911
-26.331 12.308 3.139 3718648
-26.044 14.054 1.673 3003583
4.753 -1.082 -0.350 16376911
8.362 -2.326 3.014 12616956
8.422 -2.925 2.143 16739210
-9.803 6.797 1.624 3003583
-28.743 12.805 2.028 8191851
8.062 -2.493 0.920 16757844
8.440 -3.264 1.292 12616956
-25.948 12.462 3.285 3718648
7.981 -2.596 1.145 16376911
-9.803 7.280 1.619 3003583
8.497 -3.489 1.531 12616956
-7.353 4.937 -0.003 3003583
-9.150 5.912 1.162 3003583
9.163 -4.083 0.342 16376911
6.215 -2.008 -0.234 16757844
-27.931 18.046 3.143 6737151
9.897 -4.678 0.669 16757844
10.676 -5.957 1.759 12616956
4.518 -1.592 -0.362 16376911
10.150 -5.086 0.639 16757844
-26.367 14.665 2.009 8191851
11.231 -6.936 1.438 12616956
-9.586 6.391 1.570 8191851
-29.419 21.324 6.336 3718648
-29.557 21.596 2.449 6737151
-9.408 7.027 1.114 3003583
10.804 -6.255 1.845 16739210
9.751 -4.892 0.458 16757844
-27.507 17.139 2.746 3718648
-30.229 23.040 3.323 6737151
11.271 -6.887 0.504 16757844
15.711 -11.323 1.874 12616956
15.859 -11.610 0.897 16757844
10.648 -6.083 0.969 16376911
-28.813 21.469 5.459 6737151
-31.597 26.025 2.509 6737151
15.569 -10.909 2.751 16739210
-24.027 18.533 1.803 8191851
-30.389 23.439 3.551 3718648
-24.665 19.535 2.501 8191851
-11.026 10.200 0.650 8191851
-27.092 23.914 4.010 3718648
16.248 -12.365 1.004 12616956
11.596 -8.760 -0.146 16376911
-27.402 25.078 2.402 6737151
-30.277 23.101 4.611 6737151
-30.461 23.467 2.908 3718648
11.377 -7.039 2.211 12616956
16.032 -11.950 0.638 16376911
13.689 -11.486 2.716 16739210
16.654 -13.543 1.119 16376911
16.111 -12.099 1.765 16739210
-3.674 4.669 -0.085 8191851
21.082 -22.995 2.145 12616956
14.235 -12.425 3.180 12616956
16.733 -13.443 1.251 16739210
-12.303 14.501 0.302 8191851
-5.726 6.694 0.042 3003583
3.691 -3.373 -0.508 16376911
21.134 -18.816 0.478 16376911
-19.576 24.178 0.643 3003583
-36.856 37.773 2.052 8191851
-5.489 6.916 0.036 3003583
-22.759 27.260 0.893 3003583
-21.994 27.615 0.877 3003583
-13.224 17.308 0.446 3003583
-8.741 11.949 0.253 3003583
-12.629 17.446 0.447 3003583
-31.134 43.411 1.565 8191851
-35.777 46.749 4.597 3718648
-37.726 50.680 1.925 8191851
-23.167 32.412 0.935 8191851
-29.515 47.233 1.457 8191851
-21.216 31.869 0.932 8191851
-12.934 25.037 0.589 3003583
-19.788 31.773 0.917 8191851
-9.897 23.058 0.385 8191851
-9.546 18.497 0.406 3003583
-9.217 23.305 0.360 8191851
11.247 -24.655 -1.203 16376911
-13.824 33.093 5.748 3718648
10.733 -24.980 -1.190 16376911
-8.660 18.944 0.372 3003583
-24.776 58.726 2.528 8191851
-24.835 53.122 1.544 8191851
-24.301 53.335 1.525 8191851
-8.204 24.111 0.568 3003583
-6.049 21.444 0.432 8191851
-5.811 21.365 0.432 8191851
-9.480 27.339 0.727 3003583
-5.052 20.906 0.444 8191851
-7.290 26.700 2.359 6737151
-4.555 14.033 0.115 3003583
2.166 -7.639 -0.518 16757844
-4.216 20.749 1.114 3003583
-4.026 20.971 2.013 6737151
2.570 -12.637 -0.665 16376911
-9.595 32.205 2.171 3718648
-2.927 18.405 0.560 8191851
2.378 -11.267 0.092 16757844
-5.454 24.235 2.913 3718648
-2.671 14.873 3.154 3718648
-6.708 26.035 2.030 3718648
-4.670 23.052 2.820 3718648
3.042 -36.589 -0.488 16376911
-5.954 45.544 4.621 3718648
-5.379 23.569 1.965 3718648
-1.641 18.428 1.882 6737151
-1.678 10.748 0.104 8191851
-2.921 17.944 1.746 8191851
-1.664 8.564 -0.058 3003583
-1.092 5.917 -0.175 8191851
-1.018 22.974 1.889 6737151
1.060 -25.669 1.587 12616956
-1.347 23.336 1.528 6737151
-1.227 8.499 -0.049 3003583
-0.616 14.903 4.387 3718648
-0.579 20.840 0.509 3003583
0.685 -25.306 1.132 16376911
-2.834 -36.370 2.471 12616956
0.071 22.590 2.933 3718648
-0.224 -17.836 2.194 16739210
-1.772 -29.753 0.269 16757844
-2.328 -37.144 2.689 12616956
0.694 21.576 2.376 3718648
-0.933 -8.590 -0.489 16757844
-0.028 20.378 1.166 8191851
-0.330 12.011 0.281 3003583
-1.704 -29.835 -0.291 16757844
-0.066 14.605 0.533 3003583
-2.232 -14.270 -0.635 16376911
-5.517 -31.088 0.188 16376911
0.707 21.407 2.023 3718648
-6.023 -31.389 1.756 16757844
-4.914 -23.327 0.543 16376911
-1.652 -5.248 -0.390 16376911
-6.700 -31.720 2.582 12616956
0.257 9.399 3.905 6737151
0.745 14.629 0.486 3003583
0.418 11.131 0.357 3003583
-8.057 -32.353 2.669 12616956
0.173 5.322 1.779 6737151
2.172 21.384 1.489 8191851
-8.779 -32.638 1.073 16757844
-2.130 -5.248 -0.388 16376911
-5.448 -31.140 1.343 16376911
-7.356 -32.069 2.825 12616956
0.291 5.328 1.509 3003583
-4.181 -18.993 -0.381 16757844
0.129 5.354 1.259 8191851
0.927 9.945 2.826 6737151
-8.622 -32.625 1.271 16757844
-6.681 -18.987 0.828 16376911
0.023 5.520 0.657 3003583
-5.469 -31.142 0.764 16376911
0.160 5.283 0.016 8191851
-8.577 -23.712 1.295 16757844
-5.918 -23.049 0.895 16757844
-6.309 -31.531 1.576 16376911
0.182 5.313 2.192 6737151
3.856 14.367 1.892 6737151
0.210 5.328 1.646 8191851
0.069 5.424 1.497 8191851
-5.851 -18.153 -0.245 16757844
-9.463 -21.805 3.140 12616956
-6.921 -18.899 0.590 16757844
1.870 9.924 0.403 3003583
4.441 13.119 1.537 6737151
3.778 14.609 1.425 8191851
-9.681 -21.214 3.278 16739210
4.304 13.457 1.622 6737151
-7.379 -13.108 0.660 16376911
-8.490 -20.441 2.333 16739210
-9.999 -20.658 1.721 16376911
-9.296 -22.101 2.993 16739210
-8.658 -19.968 2.339 16739210
4.448 13.121 1.974 3718648
4.586 12.840 2.388 6737151
-9.784 -21.062 2.419 16739210
-10.444 -19.573 4.610 12616956
-11.772 -16.989 3.135 12616956
-4.341 -4.765 -0.359 16376911
-11.284 -17.959 4.108 16739210
-10.112 -20.385 2.992 16739210
2.668 7.744 0.277 8191851
1.851 6.761 0.096 3003583
5.465 10.932 1.720 6737151
-11.275 -18.345 4.581 12616956
-11.074 -17.646 3.490 16739210
4.151 9.462 0.458 8191851
5.188 11.532 4.680 6737151
-12.630 -14.923 3.137 12616956
-12.711 -14.752 2.186 16757844
-12.205 -15.798 4.046 16739210
5.310 11.315 2.996 6737151
5.000 11.926 1.428 3718648
5.309 11.303 0.813 3003583
5.861 10.145 0.933 3003583
-11.971 -16.302 4.475 12616956
5.707 10.472 2.011 3718648
3.195 7.122 0.288 8191851
-12.667 -14.805 4.029 16739210
5.831 10.143 3.499 3718648
-12.857 -14.430 1.844 16757844
-11.595 -16.173 3.708 12616956
5.640 10.579 2.912 6737151
5.914 10.021 1.489 6737151
-12.557 -15.085 3.500 16739210
2.579 6.219 1.035 3003583
-12.727 -14.720 3.500 16739210
2.509 6.088 0.114 3003583
-13.796 -12.413 1.817 16757844
5.878 10.100 2.174 6737151
-12.652 -14.928 1.585 16376911
4.762 7.272 1.280 3003583
-12.750 -14.650 3.737 12616956
6.383 9.310 1.938 3718648
6.073 9.610 1.535 3718648
-13.878 -12.265 1.490 16757844
-14.272 -11.351 3.185 12616956
-14.327 -11.268 2.747 12616956
2.723 5.751 0.132 3003583
-13.129 -13.861 2.102 16376911
4.810 7.227 1.866 3718648
-14.504 -10.887 2.758 12616956
-13.690 -12.576 4.391 12616956
-13.371 -13.339 1.661 16376911
3.088 5.080 1.412 3003583
4.416 7.112 0.762 3003583
6.588 9.068 2.769 6737151
6.498 8.740 2.731 6737151
-17.294 -11.481 1.499 16376911
-14.261 -11.393 2.965 16739210
-13.899 -12.145 3.734 12616956
-15.482 -10.585 2.048 16757844
-20.614 -12.921 2.678 16757844
-14.555 -10.717 4.383 12616956
-12.765 -7.672 0.103 16376911
3.080 5.076 0.799 3003583
4.701 5.415 1.442 6737151
-14.521 -10.858 1.779 16376911
6.946 7.793 4.060 6737151
-16.342 -10.984 2.669 16376911
-14.592 -10.690 3.750 12616956
4.622 5.559 1.793 3718648
4.559 5.529 0.695 8191851
5.345 5.543 1.239 3003583
4.712 5.493 1.326 6737151
-15.187 -10.424 2.258 16376911
4.639 5.745 1.917 6737151
4.999 5.513 2.752 3718648
-18.220 -10.876 0.413 16757844
4.879 5.302 1.779 3718648
-24.141 -11.642 3.545 12616956
-23.066 -13.913 3.141 16376911
4.750 5.488 1.362 8191851
4.735 5.094 0.689 8191851
-24.396 -11.077 4.196 12616956
5.095 4.840 1.257 3003583
-22.216 -13.795 1.998 16376911
-14.167 -5.893 0.188 16376911
-22.955 -14.044 2.655 16376911
4.657 5.538 1.099 8191851
4.973 4.945 1.151 3003583
2.442 3.625 -0.161 8191851
-23.162 -13.709 4.908 12616956
5.189 5.284 2.338 6737151
3.495 4.369 0.147 3003583
4.828 4.690 1.461 6737151
-23.946 -12.046 4.638 16739210
-25.296 -9.366 2.387 16757844
-14.643 -5.109 0.221 16376911
-23.310 -10.048 1.397 16757844
5.319 4.513 1.432 6737151
-15.039 -4.515 0.239 16376911
-24.730 -10.287 3.281 16376911
-25.594 -8.784 2.570 16757844
-25.628 -8.652 1.947 16757844
5.206 4.530 2.281 6737151
-25.354 -9.290 2.706 16376911
-20.150 -5.665 1.163 16376911
-25.337 -9.014 3.338 16376911
-25.371 -9.203 2.866 16376911
-23.411 -4.416 1.871 16376911
3.844 3.570 0.119 3003583
3.982 3.275 1.248 3003583
5.523 3.347 0.828 8191851
-26.968 -5.539 5.652 16739210
-12.206 -1.212 0.636 16376911
-19.799 -5.148 3.551 16739210
-20.662 -2.088 3.773 12616956
-20.783 -1.826 3.790 12616956
-24.267 -2.162 1.948 16376911
5.315 3.072 1.951 3718648
-21.745 -2.227 1.277 16376911
5.117 2.911 0.677 8191851
-28.942 -5.970 2.448 16376911
-23.366 -3.123 1.637 16757844
4.473 2.352 1.283 3003583
-25.008 -0.592 2.567 16757844
-9.027 -0.108 2.050 16376911
4.965 3.094 1.079 8191851
-22.368 -0.472 3.599 12616956
-25.417 0.562 3.182 16757844
-21.099 -1.150 4.194 16739210
-23.635 -0.267 3.184 12616956
-22.158 1.109 3.982 12616956
5.588 2.578 0.720 3003583
-21.970 0.675 4.078 16739210
-22.595 2.092 4.050 12616956
4.297 1.975 1.320 6737151
-30.004 0.991 6.150 16739210
-21.362 -0.658 3.745 16739210
13.202 0.864 0.197 3003583
4.283 1.989 0.916 3003583
-22.729 2.317 4.198 16739210
-22.302 1.362 3.750 16739210
11.595 1.778 2.635 6737151
2.880 1.711 -0.243 8191851
22.125 0.262 0.983 3718648
-23.144 3.135 3.739 12616956
-25.701 1.115 2.486 16376911
-26.352 2.568 3.582 16376911
-23.357 3.676 4.306 16739210
-26.520 2.929 3.603 16376911
-27.213 4.386 2.297 16757844
-23.585 4.125 3.805 12616956
-27.411 4.776 2.309 16757844
-26.990 3.570 1.820 16757844
10.717 0.212 3.242 3718648
-23.988 5.042 4.416 16739210
6.761 0.333 1.047 3003583
4.941 1.287 -0.229 3003583
-27.303 4.570 3.077 16376911
13.386 0.143 2.751 6737151
6.025 0.713 -0.050 8191851
13.186 0.603 1.098 3718648
13.124 -0.150 1.827 6737151
20.058 -1.256 0.157 8191851
6.852 0.331 1.269 6737151
-29.095 6.099 1.876 16757844
-25.283 4.653 3.690 16739210
5.365 0.050 0.771 8191851
6.657 0.012 1.633 3718648
-30.072 10.700 3.000 16757844
5.651 0.179 1.487 3718648
-27.824 7.832 2.531 16757844
-7.664 3.485 0.693 16757844
-30.613 10.286 3.196 16757844
-33.578 7.845 6.418 12616956
-16.235 5.672 1.123 16757844
-32.005 9.617 4.188 16376911
-24.881 6.941 3.716 16739210
-29.252 10.988 3.145 16757844
5.349 -0.357 0.033 8191851
-27.854 11.611 6.204 16739210
5.409 -0.443 1.916 3718648
-27.494 11.744 3.739 12616956
-27.258 11.812 3.065 16757844
-28.865 11.132 1.928 16757844
4.785 -0.137 -0.309 3003583
-26.031 12.379 5.976 16739210
8.025 -1.439 2.387 6737151
-25.775 12.527 3.641 12616956
-8.540 4.920 0.539 16757844
-26.462 14.945 2.923 16757844
-25.908 13.702 4.985 16739210
-27.153 16.498 5.091 12616956
8.642 -3.558 0.768 3003583
-26.507 14.962 2.423 16757844
-26.620 15.152 4.456 12616956
7.637 -2.148 1.449 3718648
9.397 -4.377 0.395 3003583
-27.074 16.168 3.144 16757844
7.591 -1.801 1.508 6737151
8.275 -2.156 0.787 8191851
-25.490 12.716 3.941 16739210
8.012 -2.721 1.785 6737151
-25.758 13.392 3.345 16376911
-26.753 15.562 5.519 16739210
-9.427 7.070 0.896 16376911
-9.626 6.789 1.304 16757844
7.695 -3.559 -0.112 8191851
-28.762 19.640 4.839 12616956
4.363 -1.145 -0.332 3003583
-27.648 17.495 3.378 16376911
9.937 -5.345 0.368 3003583
-9.463 7.053 0.311 16757844
-30.626 23.962 3.255 16757844
10.457 -5.106 2.673 6737151
7.173 -3.797 0.697 3003583
4.249 -1.373 -0.340 3003583
8.538 -3.580 1.477 6737151
-9.889 7.788 1.278 16757844
8.662 -3.787 1.212 3718648
-29.754 21.973 2.775 16757844
2.253 -0.541 -0.413 8191851
-30.004 22.580 3.621 16376911
10.039 -5.420 1.435 6737151
16.338 -12.572 -0.049 6737151
-30.807 24.325 6.552 16739210
3.958 -1.796 -0.341 3003583
10.831 -6.328 1.414 6737151
14.554 -11.813 2.400 3718648
8.451 -5.683 -0.193 3003583
-14.647 13.025 1.766 16757844
-30.717 24.097 4.779 16739210
13.167 -11.292 1.575 3718648
15.640 -11.001 0.796 3718648
17.961 -18.176 -0.544 3003583
-31.520 25.795 3.098 16376911
-11.345 11.186 1.155 16757844
8.476 -6.623 0.506 8191851
19.693 -19.470 0.143 6737151
6.827 -5.411 -0.480 3003583
-27.023 24.750 2.909 16376911
11.216 -10.376 -0.321 3003583
-27.840 26.472 2.962 16376911
21.020 -18.833 0.441 3718648
12.904 -16.149 0.440 6737151
4.939 -5.072 -0.559 8191851
13.506 -17.504 0.368 6737151
20.007 -19.304 0.479 3718648
10.526 -11.050 -0.303 3003583
11.099 -12.306 0.430 8191851
8.499 -9.608 -0.581 3003583
14.641 -19.978 0.393 6737151
12.515 -15.441 0.224 8191851
13.167 -21.103 -0.987 3003583
5.793 -7.500 -0.618 3003583
8.669 -15.314 -0.937 8191851
13.142 -24.723 -1.239 3003583
14.387 -19.368 -0.504 8191851
7.867 -15.722 -0.906 8191851
16.447 -24.136 -0.903 8191851
4.981 -8.204 -0.620 3003583
17.202 -26.794 -1.098 8191851
-13.357 23.668 0.601 16757844
3.065 -6.488 -0.544 8191851
-25.647 49.953 1.552 16757844
8.696 -24.454 -0.901 3003583
-22.573 59.907 2.000 16376911
-13.817 35.111 5.373 16739210
2.165 -6.915 -0.523 8191851
-12.168 32.998 0.847 16376911
-17.629 49.645 2.182 16757844
7.384 -23.981 0.023 6737151
-13.626 35.021 3.078 16376911
-13.490 35.326 2.251 16757844
-9.813 26.743 5.879 12616956
-10.023 31.856 0.824 16376911
-4.431 11.946 0.076 16757844
-12.891 32.762 5.880 12616956
8.468 -23.763 -0.998 8191851
5.326 -19.147 0.496 8191851
7.922 -23.968 0.314 3718648
-4.938 22.886 2.582 16757844
2.071 -9.565 -0.537 3003583
2.439 -11.296 -0.196 3003583
2.037 -13.173 0.466 3003583
7.569 -29.708 0.127 3718648
-6.765 27.994 3.175 16376911
1.040 -12.165 -0.494 8191851
-3.009 12.158 0.047 16757844
-4.776 21.926 1.363 16757844
-2.130 16.531 2.878 12616956
1.163 -11.756 0.368 3003583
-9.648 43.843 4.347 16739210
1.623 -31.339 -0.808 3003583
0.027 -13.858 -0.681 8191851
-5.124 35.535 4.241 16739210
-2.014 18.049 1.046 16376911
-3.382 19.673 2.279 16376911
1.470 -33.791 0.077 8191851
-2.261 18.700 1.709 16757844
-2.650 -28.435 -0.571 3003583
-0.762 -4.712 -0.356 3003583
-1.757 17.885 2.051 16376911
-1.241 -7.871 -0.473 8191851
-3.312 -28.587 -0.554 3003583
0.788 -27.004 -0.798 8191851
-2.671 -36.522 1.740 3718648
-0.078 -17.850 1.881 6737151
-3.401 -34.723 0.918 6737151
-1.818 -7.975 -0.475 8191851
-0.609 13.300 3.236 12616956
-4.152 -33.033 4.088 3718648
-3.351 -34.779 1.993 3718648
-4.959 -30.597 -0.447 3003583
0.240 22.065 2.527 16376911
-2.416 -36.776 0.365 3718648
-4.132 -19.876 -0.370 3003583
1.748 23.077 2.878 12616956
-4.466 -32.316 3.251 6737151
-3.261 -34.949 0.472 3718648
-3.874 -22.411 -0.344 3003583
0.701 12.932 2.249 12616956
-2.737 -11.233 -0.561 3003583
-4.029 -33.361 -0.267 8191851
0.638 21.454 2.592 16739210
-3.760 -15.453 -0.410 3003583
1.106 10.605 2.232 12616956
1.439 11.851 1.859 16757844
1.989 21.779 1.971 16376911
-5.115 -31.046 -0.081 8191851
2.440 23.207 2.484 16376911
-9.130 -32.877 2.072 3718648
-6.069 -18.326 -0.155 3003583
-2.076 -1.855 -0.269 8191851
3.139 23.511 4.606 12616956
0.174 10.157 2.181 16739210
-3.884 -10.949 -0.489 3003583
4.747 24.532 3.394 16739210
1.431 15.353 2.536 16739210
-5.640 -19.543 0.103 8191851
-4.637 -10.658 -0.433 3003583
0.658 7.775 2.803 12616956
0.318 5.348 1.826 12616956
0.212 5.342 2.551 16739210
4.253 13.573 2.385 12616956
0.095 5.357 1.016 16757844
4.180 13.697 1.297 16757844
4.210 13.657 1.368 16757844
4.332 13.412 1.360 16757844
4.169 13.782 2.034 16739210
-3.695 1.209 -0.150 8191851
-8.277 -12.840 1.177 6737151
-7.963 -13.951 0.759 8191851
-6.565 -7.308 -0.290 3003583
-9.281 -12.310 1.243 6737151
-10.652 -19.162 4.870 6737151
-10.701 -12.219 0.061 8191851
-12.588 -14.975 1.108 3003583
-11.441 -17.690 2.355 3718648
-12.886 -14.329 1.670 6737151
-11.942 -12.091 0.084 8191851
-11.897 -16.457 3.211 6737151
-12.080 -16.128 0.754 8191851
-13.315 -13.412 1.215 3003583
-11.736 -17.006 0.827 8191851
-11.763 -16.915 2.515 6737151
-10.009 -8.302 -0.060 8191851
-12.554 -15.100 1.364 8191851
3.283 15.656 1.397 16757844
-13.250 -13.543 1.332 6737151
-13.289 -13.521 2.345 3718648
-7.806 -3.724 -0.185 8191851
1.636 11.473 2.138 12616956
-6.051 -1.317 -0.226 3003583
-12.937 -14.222 4.657 6737151
-8.884 -6.174 -0.135 3003583
-13.220 -13.707 1.450 8191851
1.644 11.757 1.666 16757844
-12.795 -14.506 1.009 8191851
-8.317 -3.497 -0.170 8191851
1.599 11.425 0.754 16376911
-14.102 -11.711 1.447 6737151
1.602 11.843 1.715 16376911
-13.682 -12.641 3.239 6737151
0.662 10.232 1.441 16757844
3.362 15.468 1.802 16376911
1.615 11.429 2.047 16739210
-14.043 -11.819 2.523 3718648
-14.635 -10.620 0.462 3003583
3.564 15.098 2.319 16739210
-5.174 1.852 -0.135 8191851
0.910 9.542 2.495 16739210
-14.318 -11.282 0.641 3003583
-16.095 -9.727 0.297 8191851
-15.565 -10.668 3.836 3718648
-14.101 -11.730 1.687 3718648
0.969 9.706 2.768 12616956
1.270 10.654 2.269 12616956
-16.355 -11.037 3.932 3718648
-20.085 -12.844 2.619 6737151
-17.246 -11.415 3.124 3718648
0.976 9.594 1.200 16757844
-15.458 -10.562 2.141 3718648
-15.606 -10.645 2.628 3718648
-22.012 -13.732 1.446 3003583
4.783 12.421 1.701 16757844
-13.898 -7.933 0.236 3003583
4.572 12.862 0.942 16376911
-5.557 2.155 -0.123 8191851
4.155 13.745 1.710 16376911
-23.216 -13.665 1.479 3003583
3.204 10.927 2.807 16739210
-23.541 -13.132 2.163 6737151
-19.196 -12.260 0.593 3003583
1.264 8.949 0.218 16376911
-19.853 -12.615 2.900 3718648
-6.751 1.422 0.811 8191851
4.729 12.504 2.820 12616956
4.539 12.963 2.152 16739210
-15.190 -6.788 0.319 3003583
5.023 11.859 2.193 16739210
4.816 12.355 1.107 16757844
-6.863 1.598 0.827 8191851
-21.287 -8.780 1.102 3003583
4.700 12.632 1.890 16739210
-21.233 -13.349 2.523 3718648
-19.647 -9.954 0.755 3003583
5.198 11.535 1.712 12616956
4.797 12.385 1.404 16376911
4.899 12.189 2.099 16739210
5.166 11.566 3.448 12616956
5.371 11.147 2.146 16739210
-22.087 -11.991 1.374 8191851
-12.500 -1.071 1.091 8191851
5.442 10.994 2.137 16739210
4.524 10.026 0.444 16376911
-7.359 2.188 1.275 8191851
-23.035 -10.636 0.848 8191851
5.659 10.545 1.885 12616956
-24.813 -10.116 2.619 3718648
-24.869 -10.052 3.258 3718648
-7.269 2.452 0.898 8191851
-22.290 -6.301 0.700 3003583
-21.214 -6.875 1.467 8191851
5.816 10.188 1.197 16757844
-25.362 -9.242 6.020 6737151
1.038 7.481 2.411 12616956
-22.122 -6.593 1.489 8191851
-6.424 3.267 -0.072 8191851
2.381 7.903 3.059 16739210
-25.781 -8.382 6.049 6737151
6.034 9.689 4.045 16739210
-20.076 -3.470 4.145 3718648
5.699 10.425 2.328 12616956
-6.540 3.478 -0.067 8191851
-14.135 0.656 1.147 8191851
-22.318 -6.133 1.110 8191851
-20.959 -4.121 2.074 8191851
-20.042 -3.510 3.677 6737151
-7.605 3.157 0.934 8191851
6.090 9.576 2.602 12616956
-22.829 -3.243 3.575 3718648
6.098 9.590 0.610 16757844
5.741 8.313 1.127 16376911
-21.853 -2.034 1.560 3003583
6.437 8.819 1.358 16757844
-24.497 -1.567 3.062 6737151
-23.579 -3.466 1.636 8191851
2.029 7.324 0.645 16757844
11.582 11.215 3.086 12616956
-24.839 -1.083 1.463 3003583
3.376 7.803 0.327 16757844
5.553 8.141 0.892 16376911
-23.445 -3.733 2.291 3718648
-24.536 -1.482 0.910 3003583
-24.730 -1.287 2.674 6737151
-18.805 0.798 0.403 8191851
-22.219 -1.164 1.716 8191851
-23.901 -2.791 2.333 3718648
6.835 7.964 2.813 16739210
5.473 7.574 1.953 16739210
5.337 7.806 1.057 16757844
5.805 8.267 2.193 12616956
3.983 6.963 0.619 16376911
7.045 7.542 3.998 16739210
3.435 7.041 0.341 16757844
6.899 7.845 3.237 12616956
5.371 7.882 1.294 16376911
-22.482 1.734 4.435 3718648
-14.998 2.623 0.417 3003583
4.814 7.103 1.444 16376911
-26.554 2.641 2.139 3003583
-22.271 1.350 3.927 6737151
-23.821 2.303 2.213 6737151
-26.164 2.050 2.815 6737151
-23.892 2.486 1.716 3003583
-13.317 4.027 1.462 3003583
-15.354 3.294 0.417 3003583
-6.967 4.966 -0.016 8191851
-13.465 4.325 1.467 3003583
-25.810 1.340 2.505 3718648
0.126 5.598 2.002 16739210
-23.827 2.301 2.465 3718648
-13.472 4.408 1.183 3003583
-25.792 2.243 1.431 8191851
0.195 5.658 1.552 16757844
0.052 5.526 0.917 16376911
0.159 5.597 2.801 12616956
0.116 5.544 2.782 12616956
-26.832 3.225 2.015 8191851
-27.337 4.651 1.331 3003583
-26.917 3.762 3.171 3718648
-6.975 5.636 0.009 8191851
-27.227 4.402 2.048 8191851
-9.478 5.853 1.311 8191851
3.195 4.856 1.263 16376911
-28.672 5.265 1.471 8191851
-32.052 5.351 2.115 8191851
4.933 4.763 1.859 16739210
5.238 4.646 2.522 16739210
-9.056 6.091 1.162 3003583
-29.298 10.921 3.628 6737151
-33.018 7.271 2.163 8191851
-8.988 6.258 0.368 3003583
-32.764 9.483 2.024 8191851
-6.888 6.278 0.029 8191851
-27.744 11.615 3.549 6737151
5.180 4.325 1.724 16739210
20.891 1.779 0.058 16757844
2.789 4.332 -0.029 16376911
-9.345 6.799 0.279 3003583
-25.765 12.541 3.451 6737151
-31.173 10.031 2.872 3718648
-28.873 11.106 3.920 3718648
-28.711 11.173 4.856 6737151
-10.171 8.018 1.530 8191851
-25.767 13.360 1.752 3003583
4.833 3.845 0.709 16757844
-27.625 11.684 4.758 6737151
-25.789 12.555 5.171 3718648
-27.223 11.838 3.223 3718648
5.307 3.141 1.094 16757844
-25.505 12.820 4.150 3718648
-25.653 13.113 3.031 6737151
4.711 3.930 1.246 16376911
-26.033 12.438 3.751 3718648
5.191 2.453 1.803 12616956
5.219 2.405 1.609 12616956
-27.233 11.977 1.586 8191851
5.170 2.734 1.660 12616956
-25.558 12.996 3.166 3718648
-25.641 13.139 1.469 3003583
-26.296 12.326 2.754 3718648
-26.013 13.973 3.210 3718648
-26.147 14.239 4.701 6737151
-27.909 18.809 0.739 8191851
-26.685 15.398 4.808 6737151
-26.100 14.098 3.363 3718648
-27.827 17.779 1.090 3003583
-27.075 16.251 3.314 3718648
-27.136 16.400 3.950 3718648
-24.269 17.906 1.750 3003583
-27.303 16.724 2.700 8191851
-29.429 21.198 3.179 6737151
4.688 1.870 2.149 16739210
4.236 2.054 0.870 16376911
-28.982 19.848 3.314 6737151
-14.587 13.052 2.452 6737151
6.800 0.393 1.640 12616956
11.204 -1.318 2.826 12616956
-24.000 18.266 1.894 3003583
6.683 0.199 1.395 12616956
-29.801 22.085 3.394 6737151
5.824 0.540 -0.003 16376911
-11.766 11.751 1.536 3003583
-31.173 25.093 5.139 3718648
-28.015 25.187 3.184 6737151
8.386 -2.061 2.433 16739210
6.632 -0.258 2.020 16739210
13.280 -5.756 3.681 16739210
-31.037 24.853 5.725 6737151
5.639 0.160 1.709 16739210
-11.306 12.197 0.238 8191851
-5.974 8.190 0.074 8191851
-57.421 53.791 6.526 6737151
6.650 -0.275 1.517 16739210
8.416 -2.232 2.702 12616956
-24.131 20.014 1.582 8191851
5.294 -0.259 1.036 16757844
-27.640 23.629 2.964 3718648
-28.132 26.565 1.280 3003583
10.720 -6.314 0.379 16757844
16.694 -13.559 1.430 12616956
-47.019 52.422 2.861 3003583
7.994 -2.494 2.250 12616956
-23.920 26.629 0.937 3003583
14.119 -12.130 0.913 16757844
-23.814 26.954 0.927 3003583
-32.573 39.653 1.465 3003583
-12.960 15.346 0.368 3003583
21.416 -18.697 1.559 12616956
9.607 -4.794 1.442 16739210
13.882 -11.597 3.059 16739210
1.825 0.869 -0.330 16376911
-23.346 28.642 0.868 3003583
-36.946 37.712 2.366 8191851
-18.553 26.745 0.646 8191851
-31.771 34.789 1.312 8191851
1.639 0.500 -0.374 16376911
-37.730 45.816 2.016 8191851
-35.723 48.391 1.627 3003583
-28.671 43.687 1.316 3003583
-16.095 22.095 0.595 3003583
-16.321 26.853 0.649 8191851
-10.855 16.265 0.401 3003583
-25.617 43.317 1.272 3003583
-8.295 14.238 0.257 8191851
-17.115 30.099 0.799 3003583
-20.477 34.821 1.004 3003583
-9.203 17.244 0.360 3003583
-10.007 20.818 0.408 8191851
-23.697 50.421 1.314 3003583
-9.646 21.021 0.393 8191851
13.773 -25.581 -1.248 16757844
3.115 -7.098 -0.564 16376911
-33.189 64.048 2.002 8191851
-18.685 46.548 1.270 3003583
-15.685 35.402 0.900 3003583
-5.468 12.240 0.127 3003583
-6.139 15.376 0.173 8191851
-8.641 26.189 0.614 8191851
-9.580 28.834 0.743 3003583
-5.208 15.639 0.140 8191851
-19.694 63.481 4.013 3718648
-5.792 17.427 0.376 3003583
-10.648 34.389 3.078 3718648
-5.744 24.405 2.767 3718648
-5.361 23.675 1.866 6737151
-5.941 22.395 0.556 3003583
-5.043 23.630 2.700 3718648
-0.446 -8.932 -0.529 16376911
-5.701 23.906 2.420 3718648
-4.211 20.761 1.476 3003583
0.991 -15.878 -0.735 16757844
-3.073 18.909 0.936 8191851
0.226 -16.476 -0.751 16757844
-5.245 23.289 2.072 3718648
-3.733 17.109 0.378 3003583
-5.355 46.055 5.273 6737151
-4.853 42.576 4.965 6737151
-2.729 28.597 3.318 3718648
-1.797 -29.962 0.029 16757844
-1.794 -16.559 -0.646 16757844
-3.464 19.730 1.640 8191851
-2.007 17.704 1.745 6737151
-3.802 -33.952 2.711 12616956
-2.485 17.710 1.277 3003583
-2.702 -29.290 -0.508 16757844
-0.320 23.328 2.349 6737151
-6.766 -31.907 1.721 16757844
-4.469 -20.925 -0.352 16376911
-2.004 17.909 2.387 3718648
-3.670 -34.177 2.942 16739210
-3.539 -15.878 -0.489 16757844
-5.111 -20.595 0.628 16757844
-1.304 22.915 0.969 3003583
-1.362 14.306 3.588 3718648
-1.962 23.034 1.101 8191851
-3.423 -4.573 -0.346 16757844
-3.756 -34.101 0.393 16376911
-6.026 -20.032 3.115 16739210
-0.658 22.801 1.745 8191851
0.556 20.295 0.630 8191851
-0.718 20.753 0.465 3003583
-5.723 -19.580 0.852 16757844
-1.064 13.705 0.324 8191851
-5.995 -19.552 0.866 16757844
-0.575 23.905 1.846 3718648
-5.904 -31.408 4.503 12616956
-5.752 -9.719 -0.405 16376911
0.673 19.968 1.246 3003583
-1.459 11.916 0.165 3003583
-0.470 12.709 1.478 3003583
-4.311 -1.162 -0.237 16376911
-0.723 14.444 2.168 3718648
-8.328 -24.149 2.911 16739210
-1.600 9.540 0.035 8191851
-4.559 -1.120 -0.231 16376911
0.338 20.539 2.133 3718648
-0.579 13.442 2.917 6737151
-8.876 -12.269 1.071 16376911
-7.498 -13.491 0.720 16757844
1.351 17.739 0.315 8191851
-10.591 -19.303 2.155 12616956
-8.966 -13.659 1.122 16757844
-0.081 11.835 1.636 3003583
-9.149 -22.459 1.735 16376911
1.079 19.961 1.394 8191851
-0.811 11.618 0.166 3003583
5.308 23.323 2.087 6737151
1.103 15.005 2.290 3718648
-9.799 -21.056 4.050 12616956
-12.287 -15.727 1.576 16757844
4.594 22.811 0.912 3003583
-13.164 -20.543 2.302 12616956
4.378 24.101 2.384 3718648
-11.147 -18.269 2.932 16739210
-11.437 -18.585 2.356 16376911
-10.890 -16.954 3.586 16739210
-5.591 -0.924 -0.222 16376911
5.418 23.002 1.739 6737151
-12.123 -16.000 3.358 16739210
-11.561 -17.384 2.937 16739210
5.034 23.817 1.887 3718648
6.642 22.568 2.003 6737151
5.048 23.177 1.872 3718648
4.670 24.464 2.507 6737151
4.589 24.241 1.108 8191851
-13.324 -13.450 2.712 12616956
1.071 13.684 0.484 3003583
-11.591 -17.418 3.957 12616956
-12.365 -15.520 0.767 16757844
-13.557 -12.958 2.219 16757844
-12.346 -15.483 4.693 12616956
1.113 13.123 2.322 6737151
-7.251 -3.729 -0.176 16757844
3.224 15.727 2.266 3718648
3.520 15.147 1.371 3003583
0.800 11.631 0.450 8191851
-13.338 -13.369 4.182 16739210
-12.927 -14.311 0.858 16757844
-13.015 -14.141 1.916 16376911
-6.548 -0.622 -0.217 16376911
-13.723 -12.597 1.857 16757844
-12.568 -15.076 3.896 12616956
-0.219 9.725 3.076 6737151
-13.385 -13.349 1.950 16376911
-13.442 -13.232 1.446 16757844
-12.745 -11.693 0.182 16757844
-13.486 -13.014 2.466 16376911
3.363 15.506 0.978 3003583
-14.593 -10.728 3.252 12616956
-12.922 -11.312 0.220 16757844
-13.678 -12.604 2.479 16376911
-14.194 -11.506 4.147 16739210
1.672 12.360 0.561 3003583
-13.933 -12.110 3.606 16739210
-11.667 -6.689 0.006 16376911
1.641 11.890 1.958 3718648
1.389 10.914 2.041 3718648
1.784 11.416 0.848 8191851
1.508 10.933 1.885 3718648
3.495 15.177 1.308 8191851
3.811 14.529 0.973 3003583
-15.572 -10.654 2.968 12616956
3.620 14.896 1.561 3718648
-15.764 -10.781 5.295 16739210
-18.852 -12.223 1.413 16376911
-14.661 -10.529 3.015 16739210
1.752 11.308 1.268 3003583
-14.781 -10.297 3.611 16739210
-17.774 -11.640 1.542 16757844
-15.727 -10.699 1.143 16757844
4.096 13.061 0.420 8191851
-13.033 -5.569 0.100 16376911
-6.674 1.580 0.289 16376911
4.297 13.443 1.929 3718648
4.277 12.619 0.426 8191851
-21.250 -13.290 4.080 16739210
-18.614 -12.085 3.367 16739210
4.198 13.677 1.759 3718648
-6.958 1.586 1.118 16376911
-8.713 -0.121 1.902 16757844
-17.946 -11.729 1.814 16376911
-20.944 -13.176 3.584 16739210
4.578 12.801 1.660 3718648
-18.910 -12.321 1.835 16376911
5.057 11.835 1.271 3003583
-20.148 -12.832 2.466 16376911
4.762 12.480 0.562 3003583
5.019 11.908 2.018 3718648
-23.953 -12.030 3.022 12616956
5.256 11.452 0.684 8191851
-23.500 -13.006 3.804 16739210
1.321 8.856 1.088 8191851
-18.897 -5.968 3.557 12616956
-18.956 -7.912 0.486 16757844
4.802 12.361 1.697 3718648
-24.366 -8.854 3.539 12616956
-24.505 -10.887 2.588 16376911
4.944 10.585 0.441 8191851
5.712 10.430 0.991 3003583
-25.000 -9.826 2.636 16376911
0.947 7.762 2.469 3718648
4.977 10.038 0.459 8191851
-21.206 -3.388 2.321 16757844
5.449 11.011 1.632 3718648
5.896 10.024 1.698 3718648
5.982 9.855 2.301 3718648
-23.657 -3.297 2.965 16757844
-20.843 -4.183 2.525 16376911
6.089 9.730 0.729 3003583
-24.031 -2.512 1.934 16376911
-23.570 -3.472 3.089 12616956
-27.213 -5.028 5.605 16739210
-7.789 3.703 0.472 16376911
-21.335 -3.128 2.574 16376911
4.937 8.779 0.504 8191851
5.604 8.255 0.696 8191851
0.796 7.151 2.704 6737151
-29.751 -4.362 3.008 16376911
-23.737 -3.182 2.303 16376911
-24.858 -0.975 2.677 16757844
6.488 8.735 4.025 6737151
-25.357 0.388 3.143 16757844
6.475 8.731 1.697 3718648
4.769 7.338 0.812 8191851
-23.380 1.382 2.043 16376911
-18.830 1.662 0.399 16376911
-21.242 -0.924 4.355 12616956
-22.747 -0.182 1.737 16757844
0.850 6.682 -0.024 8191851
-22.338 1.465 4.027 16739210
5.521 8.192 1.756 6737151
-29.195 -0.721 6.399 12616956
4.582 6.670 1.263 3003583
-26.461 2.797 3.266 16757844
-21.880 0.483 4.438 12616956
-25.218 0.051 3.534 16739210
4.842 6.771 1.819 3718648
-25.987 1.670 2.381 16757844
4.492 6.585 0.929 3003583
4.098 6.490 0.665 8191851
-23.783 4.635 4.119 12616956
2.370 6.554 0.175 3003583
4.926 6.801 1.685 3718648
2.434 6.485 1.380 8191851
3.393 6.291 0.336 8191851
-23.197 3.242 3.783 16739210
4.235 6.578 0.779 3003583
-27.185 4.266 1.486 16376911
4.760 5.804 1.404 6737151
-25.507 5.914 2.739 16757844
-31.796 4.830 6.317 16739210
-23.187 3.232 3.904 16739210
4.768 5.895 1.275 6737151
-16.061 5.064 1.294 16757844
4.233 5.813 0.628 8191851
-24.324 5.736 4.332 16739210
-24.953 7.152 4.311 12616956
-32.630 6.594 3.938 12616956
4.285 5.551 0.611 8191851
-27.924 7.982 2.303 16376911
-32.810 7.018 3.962 12616956
4.664 5.716 1.322 8191851
-32.401 6.131 3.390 16376911
-9.257 6.320 1.276 16376911
-33.257 7.953 3.302 16757844
2.533 5.574 0.102 3003583
4.727 5.711 1.011 8191851
-30.455 10.525 5.039 12616956
-31.999 9.721 5.361 16739210
-30.527 10.285 3.881 12616956
-33.383 8.291 3.675 16376911
-10.461 7.388 0.073 16376911
4.724 3.940 1.360 6737151
-32.953 9.216 3.671 16376911
4.526 4.143 0.507 8191851
-31.516 9.849 5.993 12616956
-28.161 11.450 3.285 16376911
3.756 3.882 0.120 8191851
-25.693 13.154 2.490 16757844
-27.984 11.622 2.826 16376911
-26.071 13.984 5.775 16739210
-25.496 12.696 2.062 16757844
3.840 3.449 0.060 8191851
-26.355 14.575 4.296 12616956
4.792 2.964 0.386 8191851
5.199 2.757 1.549 3718648
-26.571 15.041 4.335 12616956
-26.710 15.369 2.553 16757844
-26.124 14.177 6.287 12616956
4.510 2.342 0.950 3003583
4.953 2.935 0.520 3003583
14.788 -2.225 0.700 6737151
-26.985 16.041 6.559 12616956
-27.219 16.549 6.637 12616956
-9.506 9.365 0.156 16376911
-27.898 19.063 3.963 12616956
-29.707 21.910 3.274 16757844
4.263 1.988 1.193 6737151
-27.990 18.182 3.447 16376911
-24.345 17.857 1.660 16376911
-30.797 24.378 5.734 12616956
6.659 0.101 0.943 6737151
-9.180 9.905 0.160 16376911
-28.151 18.595 5.971 12616956
-27.893 23.828 3.954 16757844
6.801 0.138 0.737 8191851
5.633 0.161 1.259 6737151
6.632 0.074 1.912 6737151
-11.660 11.997 1.016 16376911
-29.374 20.755 6.276 12616956
-30.402 23.307 5.244 16739210
5.648 -0.292 2.161 3718648
3.921 0.908 -0.278 8191851
7.731 -2.081 2.241 3718648
5.320 0.289 -0.217 3003583
8.066 -2.573 2.260 3718648
-52.950 49.016 3.322 16376911
-52.327 48.924 7.900 12616956
5.189 0.043 -0.223 3003583
-30.820 24.208 3.176 16376911
5.196 -0.131 0.627 3003583
-27.312 24.480 4.299 16376911
-27.260 24.637 5.931 16739210
9.054 -3.532 2.920 6737151
7.420 -4.266 0.621 3003583
7.985 -3.015 0.142 3003583
-27.553 24.431 6.317 12616956
5.355 -0.359 1.380 3718648
-16.744 18.920 0.418 16376911
10.232 -8.041 -0.218 3003583
7.826 -5.609 -0.401 8191851
11.302 -6.884 1.987 6737151
-47.157 54.240 4.707 16757844
7.663 -4.828 0.663 6737151
-34.113 37.521 1.458 16376911
-34.171 38.012 1.450 16376911
6.383 -2.106 0.729 8191851
5.964 -3.696 -0.463 8191851
-7.746 11.313 0.194 16376911
-46.321 53.476 8.046 12616956
13.962 -11.358 2.045 6737151
19.978 -20.431 -0.067 6737151
-51.519 51.389 6.012 16376911
-14.403 19.629 0.459 16376911
-34.309 47.479 2.777 16376911
-44.519 52.303 5.276 16376911
9.153 -7.978 -0.337 3003583
14.453 -19.529 -0.652 3003583
11.640 -11.642 -0.318 8191851
-21.451 28.526 0.825 16757844
-47.168 55.421 7.448 16739210
5.065 -5.352 -0.556 8191851
-28.797 42.525 1.296 16376911
-9.434 14.558 0.324 16757844
5.990 -6.039 -0.463 3003583
-6.876 12.031 0.171 16376911
10.597 -11.190 -0.082 8191851
-41.388 60.976 2.229 16757844
12.076 -19.292 -0.996 3003583
7.715 -12.293 -0.808 3003583
-39.564 62.035 2.171 16757844
7.098 -12.702 -0.794 3003583
8.552 -19.885 -0.947 3003583
3.364 -6.801 -0.560 8191851
-34.461 62.902 2.019 16757844
7.810 -15.250 -0.820 3003583
3.884 -12.099 -0.697 8191851
-7.569 15.715 0.267 16757844
3.771 -14.091 -0.161 3003583
7.953 -17.132 -0.845 8191851
1.414 -7.737 -0.510 8191851
6.961 -17.768 -0.823 8191851
6.568 -18.003 -0.814 8191851
0.759 -5.046 -0.397 3003583
-9.764 32.109 2.721 16757844
-13.529 35.659 5.946 12616956
-13.135 39.904 1.632 16757844
-1.111 -0.368 -0.256 3003583
-10.940 34.601 3.011 16376911
-9.321 43.922 5.452 12616956
-11.940 48.302 5.234 12616956
1.596 -12.198 0.789 8191851
-4.695 16.548 5.103 16739210
-6.486 25.736 1.940 16757844
-0.160 -17.861 1.464 6737151
1.477 -11.454 0.088 8191851
-9.416 32.269 2.393 16376911
0.005 -17.286 -0.743 3003583
-6.666 35.101 4.692 16739210
-4.922 23.310 1.867 16757844
-7.166 26.993 2.222 16376911
-0.727 -11.322 -0.539 3003583
-5.068 23.683 2.804 16376911
-3.376 13.096 0.086 16376911
-5.865 34.295 4.072 16739210
-3.453 -22.105 -0.404 3003583
-5.209 24.042 2.937 16739210
-2.366 26.977 3.574 12616956
-2.316 -6.289 -0.388 3003583
-3.177 -16.486 -0.490 3003583
-2.769 -0.656 -0.206 3003583
-4.088 -33.315 1.705 3718648
-3.070 2.029 -0.152 8191851
-6.044 -29.030 1.623 6737151
-1.865 18.056 2.482 12616956
-2.998 29.210 5.268 12616956
-4.685 -24.579 -0.369 3003583
-2.222 16.289 4.839 16739210
-3.796 -33.897 0.054 8191851
-2.466 28.018 5.062 12616956
-2.591 19.344 2.755 16739210
-2.251 27.553 4.982 12616956
-6.929 -20.874 1.763 6737151
-3.350 -0.720 -0.204 3003583
-5.296 -31.114 1.997 3718648
-0.192 23.179 3.144 12616956
-8.458 -32.594 1.019 6737151
-5.378 -20.308 2.930 6737151
-1.167 18.417 2.257 12616956
-6.975 -32.055 2.082 3718648
-7.214 -20.894 1.936 3718648
-1.029 18.903 0.394 16376911
-5.516 -30.256 1.369 3718648
-5.703 -31.331 2.235 6737151
-1.529 25.998 3.331 16739210
-7.546 -12.912 -0.179 8191851
-0.633 18.847 0.373 16376911
-7.017 -20.952 1.446 3718648
-6.958 -32.109 2.305 6737151
-0.135 23.013 5.459 12616956
-0.159 23.077 3.433 16739210
-0.978 14.486 3.195 16739210
-7.600 -19.571 3.033 6737151
-5.383 -6.441 -0.305 3003583
1.255 20.773 1.465 16376911
-1.323 13.374 5.316 12616956
0.196 22.244 1.709 16757844
-1.257 14.260 0.373 16757844
-0.947 13.198 2.617 16739210
-0.736 15.374 3.768 12616956
2.392 23.211 2.740 12616956
3.654 23.733 3.062 12616956
-7.382 -12.917 0.849 8191851
3.185 23.859 2.322 12616956
1.170 17.887 0.322 16376911
4.683 24.240 1.708 16757844
-0.621 13.139 2.412 16739210
0.449 14.728 2.442 16739210
3.137 23.516 4.218 12616956
-0.356 13.354 0.425 16757844
4.783 23.681 1.359 16757844
5.411 23.790 3.871 16739210
4.687 24.286 1.481 16757844
-0.376 11.448 0.207 16376911
5.234 23.884 2.465 16739210
-6.555 1.357 0.304 8191851
-12.498 -15.140 1.122 6737151
-5.782 5.229 0.008 8191851
-11.778 -13.517 0.196 3003583
-13.302 -13.431 2.941 3718648
-12.084 -16.021 1.985 3718648
-7.377 2.382 1.046 8191851
-14.638 -10.592 0.773 3003583
-14.818 -10.312 1.315 3003583
3.440 23.750 2.496 12616956
-13.081 -13.910 1.495 3718648
3.894 23.869 2.488 12616956
-6.346 5.428 0.011 8191851
-13.486 -12.952 2.667 6737151
-7.738 2.091 1.457 3003583
-7.586 3.346 0.685 8191851
-13.795 -12.359 1.035 8191851
-7.940 2.802 1.434 3003583
-15.864 -10.839 4.025 3718648
4.144 24.018 1.396 16757844
-1.509 14.151 0.329 16376911
-19.017 -12.328 1.343 3003583
-0.943 15.341 2.740 12616956
-0.760 15.472 3.281 12616956
5.270 24.551 3.014 16739210
-1.407 14.153 2.991 12616956
-14.829 -10.323 2.221 3718648
4.835 24.537 3.227 16739210
-21.698 -13.570 1.359 3003583
-19.354 -10.074 0.895 3003583
6.177 22.589 2.352 12616956
-23.100 -13.838 2.079 6737151
-0.204 14.828 2.550 16739210
4.890 23.338 1.445 16757844
0.671 15.843 2.671 16739210
5.708 23.964 3.169 16739210
-19.706 -12.659 2.283 3718648
-18.118 -6.542 0.379 8191851
4.701 23.693 1.558 16376911
-18.032 -11.790 1.196 8191851
-20.979 -9.337 2.710 6737151
-21.531 -13.447 4.021 6737151
-0.143 14.888 0.517 16757844
11.885 26.447 1.876 16757844
10.065 25.744 2.558 12616956
-20.861 -13.125 2.493 3718648
-20.136 -6.414 1.143 3003583
-24.086 -12.015 2.346 6737151
1.109 14.592 2.218 12616956
-20.048 -5.780 2.196 6737151
13.667 26.596 2.397 12616956
-23.658 -12.637 3.163 3718648
10.054 25.742 2.683 16739210
6.847 21.870 1.315 16757844
-22.383 -12.029 0.641 8191851
-0.579 12.967 0.360 16376911
-24.339 -11.132 2.548 3718648
11.745 25.978 1.053 16757844
3.009 16.699 0.829 16757844
-13.950 1.642 1.162 8191851
-13.373 0.770 0.332 3003583
16.212 27.395 0.630 16757844
-8.807 5.519 0.969 8191851
3.217 15.765 0.426 16376911
3.406 15.147 1.799 16757844
-21.327 -3.124 0.607 8191851
-20.915 -4.042 1.415 3003583
1.177 14.144 2.316 16739210
0.924 14.002 0.433 16757844
-22.867 -5.004 3.564 3718648
-23.181 -4.700 1.398 3003583
-8.805 5.767 0.555 3003583
-20.131 -3.280 3.690 6737151
3.620 14.930 2.661 16739210
-0.250 12.185 1.452 16376911
-20.730 -4.369 2.640 3718648
3.280 15.651 1.992 16739210
3.541 15.081 3.566 12616956
3.748 14.644 1.826 12616956
-19.520 -1.390 0.521 3003583
-21.063 -3.672 1.191 8191851
-23.867 -2.905 1.495 3003583
3.467 14.882 0.834 16757844
1.159 12.969 4.731 12616956
1.166 12.554 1.979 12616956
-24.258 -2.014 3.142 3718648
3.795 14.566 1.201 16757844
-21.788 0.212 4.284 3718648
4.184 13.688 0.998 16376911
-24.528 -1.808 2.223 8191851
-24.427 -1.568 3.293 3718648
0.961 11.661 2.568 16739210
-23.607 1.047 3.634 3718648
1.446 12.172 1.996 16739210
-9.561 6.841 1.581 3003583
-25.166 -0.223 2.826 3718648
-9.756 7.181 1.479 8191851
-26.097 2.003 3.188 6737151
-26.184 2.129 1.586 3003583
-9.434 7.155 0.662 3003583
-25.541 0.405 1.249 3003583
-23.823 2.301 1.727 3003583
1.595 11.449 2.311 16739210
1.285 11.650 0.538 16757844
1.814 11.370 3.418 16739210
-25.721 1.188 3.419 3718648
-22.798 2.435 3.918 6737151
-23.253 3.369 4.436 3718648
1.763 11.569 1.515 16757844
1.247 11.392 0.557 16757844
-9.812 7.782 1.103 8191851
1.532 11.364 2.424 12616956
1.487 11.025 2.054 16739210
5.175 11.546 1.857 12616956
5.198 11.477 1.400 16757844
5.106 11.682 4.164 16739210
4.966 11.987 3.403 12616956
1.732 11.410 1.553 16376911
-26.897 3.463 2.990 3718648
0.934 10.474 2.481 16739210
-16.621 7.732 1.417 8191851
-24.188 5.472 4.084 6737151
-24.657 6.475 4.632 3718648
-8.852 8.791 0.126 8191851
-32.235 5.744 3.139 6737151
5.607 10.667 1.419 16757844
-32.529 6.372 1.845 3003583
-27.874 6.106 1.435 3003583
5.927 9.923 1.086 16376911
-27.935 6.603 1.448 3003583
-24.887 6.962 4.178 6737151
5.632 10.620 1.944 16739210
-32.827 6.725 2.021 8191851
5.973 9.829 4.241 16739210
5.981 9.833 2.493 16739210
-33.043 7.220 2.034 8191851
-30.575 10.294 3.625 6737151
-33.158 7.642 5.079 6737151
-16.993 8.827 0.653 3003583
-29.513 10.786 3.571 6737151
2.113 9.723 0.378 16757844
-30.880 8.780 1.446 3003583
-33.654 8.814 2.073 8191851
-15.570 9.833 0.334 8191851
-26.780 9.261 0.697 3003583
6.338 9.040 0.720 16376911
0.892 9.209 0.192 16376911
6.162 9.400 3.450 12616956
-31.514 9.902 2.723 8191851
5.816 8.307 1.535 16757844
-28.588 11.242 3.098 6737151
-26.064 12.390 2.372 3003583
-11.491 10.067 0.943 8191851
6.571 8.468 0.680 16376911
1.321 8.819 3.167 16739210
5.538 7.870 1.768 12616956
-11.306 9.944 0.424 3003583
-26.753 11.224 0.733 3003583
-25.815 13.440 2.385 3003583
-25.910 13.648 2.901 6737151
6.597 8.471 1.385 16376911
5.741 8.365 1.420 16376911
-25.627 13.066 4.015 3718648
1.127 8.744 2.694 12616956
-28.032 11.449 3.910 6737151
-25.840 13.485 4.950 3718648
2.189 8.578 0.324 16757844
5.548 8.041 1.422 16376911
4.965 8.056 0.618 16757844
-25.665 13.143 4.402 6737151
2.103 8.273 4.535 12616956
-12.628 11.833 1.658 8191851
-25.837 12.517 1.740 8191851
-8.710 10.526 0.188 8191851
-26.651 15.280 3.632 3718648
-11.337 11.327 0.950 8191851
1.277 7.930 2.475 16739210
-26.262 14.456 4.509 6737151
2.266 7.979 0.272 16757844
-25.905 13.616 1.750 8191851
1.004 7.897 0.064 16376911
-11.698 11.675 1.438 8191851
-27.313 16.700 2.029 3003583
13.447 4.834 3.235 12616956
4.612 6.112 1.088 16376911
-27.639 17.402 2.605 6737151
-28.557 19.184 3.709 6737151
0.721 7.683 3.082 16739210
-26.579 15.112 3.891 6737151
-11.798 11.798 0.260 3003583
-26.842 15.603 1.751 8191851
4.946 5.889 2.417 16739210
-28.728 19.563 3.882 3718648
4.665 6.702 2.256 12616956
-8.435 11.224 0.212 8191851
-30.174 22.813 2.545 3003583
-23.860 19.778 1.899 3003583
4.709 5.839 0.957 16757844
-12.154 13.172 0.751 8191851
-30.760 24.037 1.860 3003583
-30.027 20.657 2.855 8191851
-30.952 24.488 3.278 6737151
-31.004 24.657 3.999 6737151
-12.357 13.580 0.698 8191851
-23.874 18.504 1.655 3003583
4.862 5.824 1.926 16739210
5.520 4.053 1.803 12616956
4.693 5.451 1.927 16739210
-26.303 22.580 1.280 3003583
-31.549 25.871 2.028 3003583
-11.114 13.120 0.291 3003583
-26.287 22.986 1.271 3003583
-27.818 24.386 3.314 6737151
-31.067 24.838 5.450 6737151
-30.270 23.043 3.740 3718648
-24.053 19.883 1.769 8191851
-58.783 46.616 2.023 3003583
-26.724 25.103 4.554 3718648
2.263 5.389 0.028 16757844
-25.015 25.723 0.917 8191851
5.221 2.798 1.810 12616956
-26.138 22.396 1.730 8191851
-26.653 24.876 3.428 3718648
-26.653 25.046 5.024 6737151
-52.530 47.141 3.395 6737151
-13.035 16.395 0.376 8191851
-27.042 24.485 4.233 6737151
-26.410 24.908 2.946 3718648
-53.992 56.934 6.256 6737151
-21.961 23.502 0.752 3003583
-50.103 50.337 7.633 3718648
2.232 4.241 -0.115 16757844
-46.895 52.171 5.705 6737151
-21.430 23.769 0.758 3003583
-35.335 41.370 1.616 3003583
0.297 5.614 2.778 12616956
14.790 -5.021 0.340 16376911
-51.156 59.858 6.176 6737151
-37.743 45.651 2.692 3003583
16.484 -13.062 0.900 16757844
-53.989 52.501 7.278 6737151
-46.135 50.197 2.204 8191851
-42.976 51.934 5.806 3718648
-11.541 17.362 0.411 8191851
-0.082 4.716 -0.184 16376911
17.008 -14.031 3.735 16739210
-37.300 44.848 2.122 8191851
-53.742 58.377 7.498 6737151
-28.145 35.675 1.257 3003583
-19.527 30.414 0.784 8191851
-32.330 38.644 1.411 8191851
-37.085 44.141 2.404 8191851
-31.830 39.122 1.396 8191851
-46.491 56.108 6.896 6737151
-31.201 39.694 1.376 8191851
-41.511 62.039 3.065 6737151
-21.183 33.758 0.937 3003583
-42.575 66.445 3.085 6737151
-29.072 40.142 1.346 8191851
-16.218 26.165 0.744 3003583
-41.240 63.325 4.951 3718648
-15.644 26.331 0.740 3003583
-35.248 57.362 1.878 8191851
-40.901 62.433 5.289 3718648
-33.408 57.745 1.825 8191851
-16.430 34.231 0.875 3003583
-15.072 32.399 5.080 3718648
-29.688 72.674 2.195 3003583
-8.634 19.146 0.329 8191851
-10.974 25.044 0.517 8191851
-20.344 49.595 1.368 3003583
-20.358 41.201 1.184 8191851
-8.173 19.354 0.306 8191851
3.789 -9.229 -0.607 16757844
-26.876 73.699 7.232 3718648
-16.148 38.902 0.987 3003583
-12.516 38.626 1.254 3003583
-11.839 32.620 0.877 3003583
-13.678 35.104 1.729 8191851
-10.527 34.477 1.333 3003583
-11.980 37.405 2.119 6737151
-2.715 3.124 -0.142 16376911
-14.738 43.442 1.571 8191851
-13.438 35.447 1.235 8191851
-7.739 28.223 2.779 6737151
-9.395 32.143 2.048 6737151
-7.302 27.278 1.472 3003583
-8.368 29.102 2.027 6737151
-6.893 26.373 0.894 8191851
-2.203 0.167 -0.203 16757844
-8.140 26.193 0.704 3003583
-7.364 27.458 1.045 3003583
-3.401 2.948 -0.123 16376911
-5.685 23.927 2.199 6737151
0.696 -25.277 0.883 16757844
-7.364 36.406 4.919 3718648
-5.635 16.707 0.206 3003583
-1.016 -12.866 -0.626 16757844
-6.581 27.362 2.900 3718648
-5.842 35.952 4.785 3718648
-4.978 18.734 0.398 8191851
-4.319 22.018 1.099 8191851
-5.515 23.873 2.690 3718648
-4.604 22.814 2.520 3718648
-5.624 -19.622 0.466 16376911
-5.835 -19.429 0.486 16376911
-5.089 36.781 4.191 6737151
-4.073 21.732 2.736 3718648
-4.752 2.770 -0.090 16376911
-5.537 -18.458 -0.301 16376911
-3.773 20.503 2.645 3718648
-4.304 21.990 0.925 3003583
-4.795 22.788 2.068 3718648
-3.277 18.986 1.813 3003583
-3.659 19.604 1.358 3003583
-4.783 -0.695 -0.207 16757844
-3.881 20.732 2.210 3718648
-2.212 27.378 5.543 3718648
-4.042 16.037 0.328 3003583
-3.510 20.472 2.821 6737151
-8.123 -20.970 4.734 16739210
-2.795 17.727 1.612 3003583
-7.414 -19.122 2.934 16739210
-3.008 17.791 0.450 8191851
-7.446 -6.303 -0.301 16376911
-2.897 17.757 0.446 8191851
-2.707 18.033 2.246 3718648
-7.708 -12.139 -0.219 16757844
-7.507 -20.892 1.743 16376911
-2.583 17.997 2.438 3718648
-3.637 13.741 0.107 8191851
-10.701 -19.095 2.954 12616956
-3.061 19.441 2.200 3718648
-11.075 -18.521 4.730 16739210
-9.012 -22.758 3.327 16739210
-2.639 17.847 2.284 3718648
-0.937 24.752 4.057 6737151
-3.472 13.539 0.170 8191851
-2.142 17.743 0.377 8191851
-10.246 -20.106 3.305 16739210
-1.623 18.386 1.298 3003583
-10.525 -19.477 3.299 16739210
-2.153 17.714 2.062 3718648
-1.305 18.383 2.196 3718648
0.617 21.529 1.853 6737151
-2.248 15.868 3.800 6737151
-1.992 18.073 2.112 3718648
-1.605 17.827 1.633 8191851
-2.500 15.418 0.327 3003583
1.036 21.101 2.122 6737151
-12.286 -15.676 1.424 16376911
-14.494 -10.914 2.346 16757844
1.509 22.529 3.140 3718648
-14.209 -11.521 0.558 16376911
0.598 21.440 2.301 3718648
-13.025 -14.076 2.687 16739210
-15.714 -10.647 1.334 16376911
-16.971 -11.332 2.486 16757844
-15.365 -10.532 1.461 16757844
-1.903 14.959 0.343 3003583
-13.874 -12.266 4.117 12616956
-18.312 -11.843 1.368 16376911
-16.480 -11.081 2.599 12616956
4.966 23.555 2.026 6737151
2.541 21.149 1.195 3003583
-17.019 -11.327 2.630 12616956
-15.239 -10.515 4.909 12616956
4.886 24.291 1.344 6737151
4.277 24.041 2.854 6737151
-8.051 3.800 0.687 16757844
-19.228 -12.453 1.525 16757844
-17.524 -11.537 2.226 16376911
-18.262 -11.922 3.455 16739210
4.177 24.016 1.977 3718648
-23.258 -13.563 3.540 12616956
-21.799 -13.649 2.246 16757844
-23.458 -13.139 3.549 12616956
-0.976 13.778 1.417 8191851
-19.895 -12.670 4.395 16739210
-0.302 14.826 3.116 3718648
-20.460 -12.907 3.002 16376911
-23.906 -12.429 1.518 16376911
-18.973 -12.230 3.671 16739210
10.803 27.030 2.021 3718648
5.820 22.551 1.385 8191851
-1.087 13.963 1.342 3003583
-20.656 -13.010 3.829 16739210
-13.435 -0.075 0.498 16376911
7.122 21.979 0.805 3003583
15.400 28.461 1.101 6737151
-19.540 -4.610 3.661 12616956
6.465 21.758 0.579 3003583
19.394 30.983 0.156 3003583
-20.533 -4.857 2.245 16757844
-13.841 0.572 0.555 16376911
-23.592 -13.146 2.691 16376911
-20.864 -6.124 1.032 16376911
2.702 17.192 0.689 3003583
-24.395 -11.027 3.266 16376911
-20.416 -5.053 1.095 16376911
0.614 14.397 0.461 8191851
2.965 17.050 1.307 8191851
-26.030 -7.886 2.414 16757844
-20.669 -4.525 1.882 16757844
0.359 14.172 3.623 6737151
-20.832 -4.203 1.149 16376911
0.828 14.207 0.439 8191851
-20.887 -4.023 1.908 16757844
13.851 25.618 -0.265 3003583
-20.281 -5.472 2.600 16376911
16.497 27.163 0.704 8191851
-26.334 -7.198 5.594 16739210
3.382 15.498 2.540 3718648
-20.958 -3.932 2.535 16376911
0.131 13.406 2.586 6737151
3.184 15.798 1.759 3718648
3.441 15.338 1.907 3718648
3.653 14.791 1.154 3003583
-26.799 -5.881 5.602 16739210
-23.139 -4.309 3.190 16376911
-23.888 -2.809 1.233 16376911
-24.350 -1.784 3.560 12616956
1.075 13.274 0.477 8191851
-20.826 -1.809 4.087 16739210
3.742 14.660 1.203 3003583
-9.246 6.641 1.034 16757844
-23.221 -4.133 2.788 16376911
-21.482 -0.396 3.897 16739210
-20.704 -2.107 3.609 16739210
3.426 15.305 1.568 3718648
4.057 13.967 1.120 3003583
-24.978 -0.417 3.081 16757844
-38.661 -8.861 0.908 16376911
-23.305 -0.148 3.597 12616956
1.188 12.676 0.497 8191851
0.656 12.258 2.279 3718648
-21.781 0.224 4.154 16739210
0.047 12.209 0.370 3003583
-25.446 0.105 1.374 16376911
3.873 14.372 1.305 8191851
1.276 12.262 0.503 8191851
-29.103 -0.976 5.776 16739210
-24.712 -1.297 2.380 16376911
-23.388 1.126 1.790 16757844
4.223 13.591 0.628 3003583
-25.041 -0.558 2.412 16376911
-0.047 11.710 0.447 3003583
-25.781 1.226 2.354 16757844
-23.047 2.358 3.694 16739210
1.379 11.578 0.967 8191851
-26.091 1.931 2.917 16376911
-24.052 5.179 4.043 12616956
-10.002 8.131 1.096 16757844
-26.313 5.426 2.223 16376911
-25.486 5.770 3.209 16757844
-25.109 5.018 1.573 16376911
1.756 11.260 1.034 3003583
-24.881 6.983 4.153 12616956
-31.830 4.876 6.131 16739210
-32.536 6.447 4.346 12616956
-15.213 7.743 0.408 16757844
-16.364 8.252 0.985 16376911
1.893 10.903 1.012 3003583
-16.462 8.405 0.984 16376911
0.583 10.645 0.300 3003583
-32.030 5.323 3.306 16376911
-16.556 8.003 1.457 16757844
5.805 10.191 0.541 8191851
-33.430 8.445 5.141 12616956
-33.658 8.890 2.452 16376911
-33.023 9.155 3.772 16757844
-31.933 5.173 5.744 12616956
-22.815 9.049 0.539 16376911
-33.600 8.695 6.446 16739210
-22.877 9.365 0.543 16376911
2.876 10.279 0.490 3003583
-33.599 8.665 3.460 16376911
-32.949 7.368 4.899 16739210
-15.767 9.543 0.412 16757844
5.903 9.938 1.751 3718648
-23.064 10.460 0.551 16376911
-29.353 10.811 4.873 16739210
-29.184 10.917 4.276 12616956
6.565 8.552 1.316 6737151
-31.061 10.039 5.370 16739210
-30.837 10.234 1.048 16757844
0.930 9.675 1.146 3003583
6.154 9.416 2.111 6737151
2.973 9.509 0.453 3003583
0.968 9.549 1.479 8191851
-25.602 12.991 2.868 16757844
-28.494 11.220 4.356 16739210
-26.110 12.389 2.498 16757844
6.398 8.894 0.946 8191851
-25.876 13.585 3.901 12616956
0.909 9.274 2.413 6737151
6.902 7.851 2.367 3718648
-0.956 9.245 0.060 8191851
-25.955 13.685 3.530 12616956
-25.460 12.629 5.681 12616956
-25.525 12.771 2.613 16757844
-25.586 12.898 1.260 16757844
-25.595 13.030 5.720 12616956
-25.773 13.294 1.257 16757844
14.415 5.222 2.593 3718648
-26.590 15.063 2.557 16757844
-26.922 15.805 2.576 16757844
-1.051 8.864 0.054 8191851
-26.472 14.865 3.203 16376911
1.719 7.980 1.323 3003583
-26.022 13.849 3.793 16739210
-26.116 14.092 4.323 16739210
0.860 8.428 0.111 3003583
-26.207 14.316 5.121 12616956
-12.013 12.356 1.361 16376911
-27.812 17.708 3.198 16757844
-27.849 17.821 4.930 16739210
-28.767 19.610 4.351 12616956
-27.347 16.770 5.107 16739210
-28.301 18.737 4.426 12616956
-29.661 21.831 5.163 12616956
-11.673 12.901 0.280 16376911
-29.918 22.382 5.219 12616956
-27.686 17.437 4.035 16739210
3.796 6.487 0.554 3003583
0.847 7.631 0.020 3003583
-27.920 18.020 5.530 12616956
-29.988 22.379 3.402 16757844
-24.205 18.589 1.294 16757844
-27.629 19.154 4.087 16739210
5.072 5.151 0.945 8191851
3.838 5.551 0.485 3003583
-29.257 20.806 4.910 16739210
5.219 4.073 1.086 6737151
5.060 4.058 0.832 3003583
-1.292 7.881 -0.058 8191851
-26.695 24.576 3.135 16757844
-26.118 22.853 1.764 16376911
-26.409 25.291 2.514 16376911
-10.986 14.008 0.301 16376911
-27.480 23.687 5.499 16739210
4.848 3.897 2.090 6737151
-1.412 7.563 -0.103 8191851
-27.859 24.894 3.512 16376911
-19.868 20.917 0.582 16376911
-27.400 26.567 3.365 16757844
10.280 -1.469 0.072 3003583
4.158 3.800 0.302 3003583
-19.643 21.247 0.576 16376911
-1.477 7.399 -0.129 8191851
4.820 3.584 0.696 8191851
0.214 6.269 -0.025 3003583
3.029 4.009 0.001 3003583
5.109 2.242 0.515 3003583
-26.116 26.477 1.092 16757844
-57.395 51.110 4.174 16757844
-57.235 55.862 5.438 16757844
-54.739 50.018 8.570 16739210
0.013 5.499 0.397 8191851
-18.361 22.714 0.552 16376911
-38.930 45.637 2.890 16376911
-54.296 53.053 5.617 16376911
-0.124 5.832 -0.027 3003583
-35.228 40.457 1.527 16376911
-48.106 54.408 7.873 12616956
-44.320 51.395 6.055 12616956
-34.042 40.946 1.507 16376911
6.540 -2.455 -0.151 3003583
-44.905 53.596 4.790 16757844
-16.808 23.235 0.579 16376911
-44.109 54.777 7.571 12616956
20.023 -19.324 -0.001 6737151
6.252 -1.859 0.873 8191851
19.678 -19.527 0.904 3718648
-35.660 46.803 4.197 16757844
-12.121 18.065 0.448 16757844
7.355 -2.609 0.059 8191851
10.741 -6.316 1.071 3718648
-11.866 18.175 0.455 16757844
7.716 -5.051 -0.257 3003583
2.258 1.446 -0.216 3003583
0.860 2.314 -0.316 8191851
-11.559 18.336 0.458 16757844
8.677 -7.053 0.519 8191851
2.172 0.925 -0.280 3003583
19.680 -19.476 1.351 6737151
11.190 -14.040 -0.758 3003583
6.217 -7.142 -0.525 3003583
15.101 -21.708 -0.680 6737151
-40.835 61.047 2.202 16757844
-10.745 18.866 0.444 16757844
11.003 -18.710 -1.051 3003583
-10.392 19.136 0.429 16757844
1.279 -0.304 -0.348 3003583
-10.071 19.331 0.417 16757844
8.369 -11.808 -0.696 8191851
-1.609 4.007 -0.166 3003583
8.221 -12.807 -0.760 8191851
-14.633 32.275 5.509 16739210
-30.291 61.209 1.911 16757844
3.418 -10.612 -0.615 3003583
-7.456 16.722 0.262 16376911
-20.700 60.529 3.458 16757844
-13.808 35.062 1.335 16376911
-24.499 58.725 5.444 16376911
0.972 -11.873 -0.025 3003583
-13.602 34.544 4.235 16739210
-0.002 -10.525 -0.607 8191851
-12.127 31.795 0.861 16757844
-18.806 63.410 3.735 16757844
-9.093 31.490 2.454 16757844
1.399 -11.592 -0.296 3003583
-13.468 35.591 5.415 12616956
-13.447 40.589 2.431 16757844
-3.309 0.540 -0.180 8191851
-9.399 32.265 2.744 16376911
-9.829 43.855 4.477 12616956
-11.326 47.038 4.117 16376911
-1.997 -7.678 -0.417 3003583
-7.722 28.397 2.556 16376911
-9.962 44.185 5.723 16739210
-9.461 43.915 4.661 16739210
-5.915 23.294 0.626 16376911
-0.209 -17.840 0.075 8191851
-7.553 35.653 4.702 16739210
-4.749 22.695 2.109 16757844
-5.668 -19.899 0.401 3003583
-4.299 21.846 2.074 16757844
-4.934 -6.637 -0.449 8191851
-5.318 23.671 2.310 16376911
-5.374 -5.960 -0.329 8191851
-4.267 21.885 2.692 12616956
-3.682 21.498 2.039 16757844
-5.174 -21.890 -0.108 8191851
-3.692 20.170 2.254 16757844
-7.276 -21.455 1.312 6737151
-7.983 -24.795 2.892 3718648
-5.222 5.979 0.003 8191851
-9.592 -21.346 1.982 6737151
-3.326 19.583 2.437 12616956
-8.631 -23.439 1.324 6737151
-4.003 21.432 2.449 16376911
-3.342 29.841 3.886 16739210
-7.224 -18.613 0.880 8191851
-7.468 -19.474 3.279 6737151
-4.145 21.363 2.518 16739210
-9.332 -10.392 -0.144 8191851
-7.649 -13.133 0.592 8191851
-7.905 -13.091 0.057 3003583
-7.500 -8.438 -0.253 3003583
-7.293 -14.221 1.218 3718648
-2.159 27.334 4.377 12616956
-3.339 19.568 1.269 16757844
-7.849 -13.292 1.279 3718648
-11.610 -18.800 2.279 3718648
-5.811 6.098 0.030 8191851
-2.744 18.381 2.388 12616956
-11.991 -16.337 2.309 3718648
-11.698 -17.166 1.140 8191851
-1.043 24.987 3.303 16739210
-1.495 25.953 3.604 12616956
-12.098 -16.003 1.840 3718648
-0.333 23.385 3.489 16739210
-2.098 19.820 2.109 16376911
-2.414 17.817 2.057 16376911
-1.899 18.025 1.263 16757844
0.572 21.756 1.906 16757844
0.297 22.209 2.995 16739210
-1.626 16.328 3.824 16739210
0.413 21.704 2.945 16739210
-0.227 19.967 1.467 16757844
-1.755 16.203 2.754 12616956
0.360 21.058 1.762 16376911
-13.461 -12.990 1.742 6737151
-14.288 -11.312 0.625 3003583
-12.969 -9.595 0.151 3003583
-14.794 -10.322 1.878 6737151
-13.860 -9.155 0.214 3003583
-15.164 -10.540 4.256 3718648
-17.351 -11.546 2.592 6737151
-15.784 -10.777 3.264 3718648
-16.257 -11.068 1.465 6737151
-16.604 -11.212 4.411 3718648
-8.950 6.207 0.057 3003583
-2.870 19.608 2.430 12616956
-17.987 -11.743 0.858 3003583
-9.337 6.937 0.788 8191851
-2.735 19.252 1.912 16757844
-3.063 19.138 2.281 12616956
-20.163 -12.779 2.910 3718648
-20.525 -12.984 2.235 6737151
-19.157 -12.392 2.352 3718648
-2.660 18.733 2.361 12616956
-9.483 6.871 1.425 3003583
-22.141 -13.677 0.839 3003583
-3.043 19.223 0.724 16757844
-10.016 7.624 1.600 8191851
-21.940 -11.908 0.943 3003583
-0.122 22.732 5.042 16739210
-2.806 19.172 2.516 16739210
-2.969 19.015 0.744 16757844
-9.647 7.532 0.357 3003583
-22.471 -13.868 3.227 3718648
-22.634 -13.973 4.352 6737151
-23.002 -14.079 1.767 8191851
-10.209 7.960 1.630 8191851
0.199 22.237 3.580 16739210
-9.928 8.123 0.975 8191851
-20.893 -8.856 0.641 3003583
-21.260 -11.815 1.274 8191851
-2.572 17.644 2.016 16757844
0.095 22.524 3.299 12616956
-2.377 18.342 1.546 16376911
-23.127 -13.670 3.454 6737151
-20.695 -4.585 3.495 3718648
-10.002 8.228 0.489 3003583
-2.485 17.699 2.320 16739210
-2.568 18.151 0.804 16757844
1.589 22.417 3.666 16739210
-2.718 18.267 1.863 16376911
-1.833 17.815 1.846 16757844
-19.937 -3.675 3.807 6737151
-25.860 -8.242 1.905 6737151
-2.427 18.258 2.507 12616956
-1.204 18.166 2.143 12616956
1.374 20.698 1.711 16757844
-23.206 -4.097 1.983 6737151
-23.388 -3.945 1.428 3003583
-10.760 8.274 1.233 3003583
5.193 24.609 3.384 16739210
5.330 23.641 2.262 12616956
-23.689 -3.151 2.033 6737151
1.656 20.740 0.420 16376911
-24.461 -1.849 2.514 6737151
-20.931 -1.548 3.840 6737151
-24.193 -2.173 3.187 3718648
0.655 19.857 1.014 16757844
-21.612 -2.503 2.767 3718648
-2.555 16.447 4.134 12616956
5.887 24.195 3.683 12616956
5.806 22.216 1.142 16376911
5.639 22.892 1.955 12616956
-16.208 5.447 0.890 8191851
-25.141 -0.113 3.124 6737151
-24.817 0.305 1.523 3003583
-1.778 16.803 0.327 16376911
6.457 25.105 2.606 16739210
-28.916 -1.823 2.695 6737151
-24.623 -1.556 1.152 3003583
5.694 22.981 2.853 16739210
2.311 20.252 0.815 16757844
-25.578 0.871 2.623 6737151
-25.606 0.940 3.163 6737151
-28.968 -5.960 2.426 3718648
14.719 26.230 2.210 12616956
-1.333 16.869 3.048 12616956
6.769 22.068 1.162 16757844
0.422 18.224 0.257 16757844
15.576 25.846 2.181 12616956
-16.985 5.882 1.143 3003583
-25.550 0.487 1.804 8191851
-25.578 0.556 2.347 8191851
6.402 22.341 1.732 16376911
-1.917 15.737 1.560 16376911
22.433 29.182 1.637 12616956
-16.599 8.414 1.502 8191851
15.303 26.178 1.907 16376911
21.949 29.279 1.086 16376911
-29.697 0.359 6.400 6737151
-11.751 10.677 1.149 8191851
15.339 26.424 3.530 12616956
-27.380 4.698 2.247 3003583
-16.324 8.076 1.330 3003583
-26.293 5.391 1.747 3003583
-31.432 3.812 2.918 6737151
-28.565 5.033 1.722 3003583
-1.785 15.108 3.161 16739210
21.458 26.569 0.338 16757844
-26.289 5.415 3.381 3718648
8.463 18.247 2.368 12616956
1.126 16.057 3.880 16739210
-31.972 5.223 3.598 6737151
-24.707 6.524 4.561 3718648
-11.297 11.501 1.286 8191851
6.240 17.204 1.088 16376911
-32.240 5.826 3.623 6737151
9.788 18.898 2.112 12616956
4.625 16.451 1.733 16757844
-31.861 4.967 3.746 3718648
-1.359 14.966 0.414 16376911
2.937 16.262 3.108 16739210
-31.631 4.112 1.989 8191851
18.013 22.322 1.725 16376911
10.531 19.421 0.564 16757844
-11.400 11.569 0.849 3003583
3.278 15.606 1.303 16376911
3.886 16.804 0.701 16757844
-33.154 7.478 3.058 6737151
3.259 15.926 2.650 16739210
-31.960 5.199 4.861 6737151
-28.264 8.825 2.373 3003583
0.334 15.288 4.864 12616956
-32.118 5.560 3.929 3718648
-32.166 5.633 4.885 6737151
5.668 16.961 0.984 16757844
-33.518 8.594 3.740 6737151
-32.545 6.532 3.970 3718648
-32.975 9.325 1.827 3003583
-11.876 12.251 1.257 8191851
-33.460 8.387 5.685 3718648
-29.888 10.630 1.051 8191851
3.563 15.034 2.258 16739210
3.764 14.533 2.189 12616956
3.810 14.508 1.954 12616956
-33.278 8.129 5.010 6737151
3.677 14.810 2.020 12616956
-27.336 9.651 0.824 3003583
-30.256 8.000 1.669 8191851
3.524 15.131 1.161 16757844
-33.023 9.307 2.143 8191851
-28.428 11.296 2.559 6737151
1.049 14.738 2.115 16739210
-2.526 13.788 3.551 12616956
-25.699 13.150 1.970 3003583
-1.064 13.954 1.562 16757844
3.819 14.442 1.835 16376911
-0.110 13.969 2.508 12616956
-28.201 11.387 4.492 6737151
-27.376 12.035 2.182 8191851
4.282 13.473 1.254 16757844
-26.315 14.484 1.985 3003583
0.569 13.726 0.433 16757844
-25.216 13.699 0.680 8191851
-25.554 12.897 5.485 6737151
4.219 13.588 3.581 12616956
-26.213 14.265 1.517 3003583
-25.757 13.326 4.253 6737151
-12.514 13.438 1.480 3003583
-26.993 15.910 1.997 3003583
-26.494 14.890 4.843 3718648
0.514 13.259 0.439 16757844
4.458 13.088 3.610 12616956
-25.720 13.271 3.677 6737151
5.000 11.877 1.106 16376911
-26.751 15.449 2.114 3003583
-0.865 12.888 0.276 16376911
-26.373 14.676 3.635 3718648
4.840 12.222 1.191 16757844
4.634 12.735 1.279 16757844
-12.533 13.893 0.712 3003583
-17.676 15.172 0.440 8191851
-26.834 15.649 3.685 3718648
-26.411 14.711 1.870 8191851
-26.916 15.841 2.239 8191851
-26.953 15.926 2.726 8191851
-27.078 16.144 0.965 3003583
-28.198 18.580 3.581 6737151
-27.668 17.436 3.654 3718648
-27.725 17.533 5.077 3718648
-26.948 15.847 2.361 8191851
-10.611 14.361 0.328 8191851
-0.800 12.154 0.209 16376911
-20.900 16.267 0.605 3003583
-24.024 18.787 1.383 8191851
-27.321 16.624 1.877 8191851
-27.361 16.715 2.375 8191851
-32.107 20.246 2.761 6737151
-27.476 17.016 3.886 6737151
-28.208 18.660 3.848 3718648
-28.293 18.857 6.142 6737151
-28.627 19.361 4.710 6737151
-20.439 17.592 0.626 3003583
-29.046 20.249 3.945 3718648
-30.458 23.447 1.985 3003583
6.533 8.590 0.983 16757844
-30.222 22.964 2.139 3003583
-29.048 20.131 2.971 3718648
6.684 8.273 0.965 16757844
6.312 9.065 1.089 16757844
-29.798 22.063 2.871 8191851
5.645 7.751 1.256 16757844
-29.987 22.496 4.962 6737151
-20.163 18.866 0.611 3003583
0.976 10.250 2.831 16739210
6.644 8.393 2.020 16739210
-16.770 18.353 0.439 8191851
6.809 7.919 2.434 16739210
-27.394 24.558 5.342 3718648
5.544 7.951 1.113 16757844
-30.683 23.903 3.066 3718648
-27.449 23.896 3.921 3718648
-27.015 23.803 6.220 6737151
-26.296 23.648 1.736 3003583
-46.894 37.002 2.093 3003583
-26.386 24.055 1.729 3003583
4.750 6.754 1.961 12616956
-27.923 25.938 6.527 6737151
-56.313 46.312 2.040 3003583
-18.974 21.170 0.599 3003583
-61.388 55.979 4.778 6737151
-63.101 53.496 8.482 3718648
-15.384 19.874 0.485 8191851
-59.064 47.831 2.405 8191851
-33.492 35.685 1.818 3003583
-49.325 46.686 1.986 3003583
-22.965 25.206 0.974 3003583
-58.875 47.975 2.768 8191851
-9.654 16.206 0.361 8191851
-41.410 37.547 1.563 8191851
-40.571 37.495 1.565 8191851
-48.092 53.979 5.574 6737151
-52.340 46.787 2.671 8191851
1.885 7.615 1.399 16376911
3.638 5.513 0.348 16757844
0.451 8.039 2.693 12616956
2.259 5.728 0.039 16376911
-19.761 26.062 0.682 8191851
-34.166 38.084 2.206 8191851
-54.946 52.864 4.124 3718648
-31.405 36.068 1.407 3003583
2.298 5.066 -0.035 16376911
7.025 0.382 1.136 16757844
-43.111 51.221 5.526 3718648
0.096 7.628 0.011 16757844
-44.569 53.535 5.683 3718648
2.430 4.517 -0.111 16376911
-9.284 16.646 0.345 8191851
14.307 -8.282 3.840 16739210
4.188 2.215 0.408 16376911
-18.115 26.616 0.705 8191851
0.241 5.618 2.219 12616956
6.859 0.186 1.249 16376911
4.084 2.844 0.104 16757844
-45.786 56.537 6.188 3718648
-34.258 47.464 2.816 6737151
-0.319 6.965 -0.014 16757844
-32.103 39.782 1.503 8191851
-46.584 69.731 4.275 6737151
-31.558 40.145 1.490 8191851
-10.924 19.057 0.458 3003583
-33.639 53.376 1.633 3003583
-40.011 64.081 7.150 3718648
-29.402 42.139 1.412 8191851
-42.557 67.318 3.330 8191851
-45.396 67.274 5.371 3718648
-11.451 22.396 0.504 8191851
-32.493 56.958 1.806 8191851
-13.922 28.000 0.685 8191851
-38.274 63.790 2.142 8191851
-10.860 22.633 0.493 8191851
-36.450 64.761 2.073 8191851
-29.652 75.296 3.562 6737151
5.467 -14.174 -0.802 16376911
-10.069 23.018 0.456 8191851
-13.841 30.820 0.778 3003583
-12.412 33.104 0.860 8191851
-2.537 4.498 -0.119 16757844
-7.765 17.620 0.286 8191851
-13.859 41.475 1.973 3003583
-13.158 39.956 1.970 3003583
-8.607 20.393 0.363 3003583
-3.332 4.172 -0.091 16757844
-10.479 34.498 1.455 3003583
-8.730 23.299 0.424 8191851
-8.413 22.692 0.531 8191851
-14.938 40.631 1.203 8191851
-0.505 -8.194 -0.486 16757844
-8.131 20.533 0.343 3003583
-11.731 36.958 1.683 8191851
-0.577 -17.513 -0.645 16376911
-4.187 3.887 -0.065 16757844
-10.598 34.409 2.704 3718648
-7.904 29.074 1.026 8191851
-10.742 45.856 4.232 3718648
-4.552 3.761 -0.059 16757844
-8.071 29.178 1.209 3003583
-7.864 28.548 1.680 3003583
-4.860 3.701 -0.047 16757844
-7.513 26.719 0.743 8191851
-3.752 -17.814 -0.486 16376911
-5.279 -20.780 2.780 12616956
-9.123 31.890 2.266 3718648
-7.000 26.477 0.750 8191851
-8.891 44.159 4.574 6737151
-6.591 34.656 4.235 3718648
-6.490 25.980 1.709 3003583
-6.698 24.487 0.650 3003583
-7.322 27.998 2.182 3718648
-8.607 -21.775 3.799 12616956
-6.500 26.150 1.010 3003583
-9.110 -22.606 3.018 12616956
-5.771 -20.117 4.166 16739210
-7.712 -21.239 2.303 12616956
-6.297 -19.352 0.878 16757844
-8.112 -20.066 1.532 16757844
-7.166 1.991 1.190 16376911
-7.091 -19.566 2.457 16376911
-7.322 -19.321 0.930 16757844
-10.945 -18.670 2.266 16757844
-5.300 23.058 1.474 3003583
-6.450 -20.169 2.628 16739210
-11.395 -17.925 0.802 16376911
-5.931 26.506 2.115 3718648
-5.973 24.412 1.614 8191851
-8.905 -20.604 2.560 16376911
-8.532 -12.915 1.211 16757844
-10.794 -18.874 3.980 16739210
-5.216 23.551 2.255 3718648
-3.385 29.827 5.281 3718648
-5.036 23.551 2.013 8191851
-10.421 -19.771 1.848 16376911
-4.541 23.005 0.994 8191851
-12.213 -15.850 1.109 16757844
-5.165 23.800 1.838 8191851
-4.448 22.154 1.939 6737151
-11.566 -18.777 1.917 16376911
-4.968 23.598 2.303 3718648
-13.729 -12.660 1.145 16376911
-13.872 -12.304 1.796 16757844
-8.398 3.426 1.104 16757844
-4.064 22.147 2.124 6737151
-4.411 22.271 2.711 6737151
-8.692 3.288 1.101 16757844
-4.135 21.158 2.115 6737151
-12.742 -14.686 4.228 16739210
-4.149 22.320 1.554 3003583
-3.810 21.418 2.292 3718648
-13.305 -13.396 3.370 16739210
-4.093 20.996 1.798 8191851
-16.331 -10.982 3.183 12616956
-14.164 -11.553 3.364 16739210
-3.099 21.842 2.275 3718648
-15.878 -10.792 2.080 16757844
-3.804 20.738 2.577 6737151
-1.288 25.456 4.439 3718648
-15.122 -10.427 2.795 16376911
-14.195 -11.577 4.449 12616956
-15.471 -10.597 1.610 16757844
-15.936 -10.819 1.623 16757844
-3.648 21.242 1.998 3718648
-20.138 -12.829 2.083 16757844
-16.264 -10.993 4.265 16739210
-9.353 6.508 1.423 16757844
-15.038 -10.387 2.342 16376911
-15.209 -10.479 1.752 16376911
-21.267 -13.265 2.843 16757844
-3.523 19.207 1.587 3003583
-19.628 -12.508 0.528 16376911
-3.282 20.229 1.595 3003583
-16.175 -10.943 3.636 16739210
-4.648 17.005 0.351 8191851
-3.434 19.020 1.591 3003583
-18.727 -12.101 1.034 16757844
-19.306 -12.376 1.037 16757844
-19.899 -12.622 1.042 16757844
-3.322 19.966 2.305 6737151
-18.249 -11.917 3.824 16739210
-2.944 19.197 1.879 6737151
-22.974 -14.074 5.865 16739210
-21.114 -13.244 1.761 16757844
-9.858 7.450 1.516 16757844
-20.764 -9.106 1.725 16757844
-3.178 19.680 1.970 3718648
-20.176 -12.875 1.909 16376911
-10.103 8.100 1.299 16376911
-0.241 22.615 1.675 6737151
-20.506 -12.959 5.093 12616956
-2.798 18.735 1.547 3003583
-19.243 -6.356 3.574 16739210
0.387 22.183 3.932 3718648
-2.718 18.389 1.282 8191851
-18.760 -6.235 3.669 16739210
-2.697 18.352 0.846 8191851
-2.384 18.447 2.282 3718648
-2.884 18.258 2.051 3718648
-10.650 8.109 1.575 16757844
-2.597 18.068 1.558 3003583
-20.935 -1.576 3.848 12616956
-3.981 16.476 0.337 8191851
-25.762 -8.402 5.787 16739210
-21.077 -6.144 2.706 16376911
-11.791 7.997 0.110 16376911
-23.439 -2.911 2.455 16757844
-21.168 -3.513 0.618 16757844
-22.913 -5.228 1.502 16757844
-2.799 17.700 1.455 3003583
-2.280 17.788 1.708 3003583
-2.313 17.773 0.852 8191851
1.278 21.016 1.580 6737151
-1.366 17.914 2.045 6737151
-12.116 8.595 0.186 16376911
5.437 22.995 1.189 3003583
-14.370 6.210 0.311 16757844
2.110 20.478 0.447 8191851
-23.277 -2.828 2.310 16376911
-23.485 1.493 3.039 16757844
5.558 22.735 0.917 3003583
-24.903 -0.566 3.252 12616956
-25.127 -0.408 2.174 16757844
-24.923 1.258 3.651 12616956
-23.614 -0.324 3.295 16376911
6.338 22.544 2.927 3718648
6.713 22.574 2.289 3718648
7.214 21.959 1.052 3003583
0.324 18.283 0.251 8191851
-25.983 1.725 2.666 16757844
-22.538 1.671 3.686 16739210
-29.062 -1.316 5.845 16739210
-26.242 2.282 3.223 16757844
22.435 29.518 1.361 6737151
-30.222 1.006 2.841 16757844
6.620 22.085 0.918 8191851
21.207 29.334 0.110 6737151
-26.236 2.262 2.288 16757844
-25.829 1.332 1.846 16757844
6.132 22.237 0.692 8191851
-1.425 16.372 2.972 3718648
-16.468 8.408 1.049 16376911
-2.131 16.232 1.442 3003583
-1.506 16.506 2.644 6737151
0.323 17.165 0.345 8191851
17.767 27.041 2.777 6737151
-25.889 1.490 3.058 16376911
-27.025 3.909 3.422 12616956
-26.722 3.007 2.457 16757844
-31.260 3.688 3.566 16757844
-25.742 6.115 3.714 12616956
-31.535 4.032 2.959 16757844
-24.950 4.551 1.954 16757844
23.005 27.494 -0.602 8191851
2.118 17.739 0.313 3003583
21.402 26.354 0.264 8191851
-31.299 3.509 6.011 16739210
-24.660 6.389 3.734 12616956
-26.734 3.309 3.130 16376911
-31.916 5.146 4.886 12616956
21.922 25.767 0.223 8191851
-32.127 5.552 2.386 16376911
-11.594 11.918 0.806 16376911
-25.483 5.759 2.965 16376911
13.514 21.651 0.791 8191851
-31.459 3.717 2.007 16757844
0.107 16.111 3.712 6737151
2.145 16.920 0.342 3003583
-31.726 4.424 2.033 16757844
-31.635 4.543 3.913 16376911
-32.411 6.112 3.195 16757844
6.440 17.312 0.474 3003583
-0.910 15.533 2.618 6737151
5.430 16.823 1.827 3718648
-24.946 7.013 3.991 16739210
-31.738 4.665 4.079 16739210
-32.277 5.947 6.648 12616956
-32.698 6.730 3.378 16376911
8.281 18.191 0.865 8191851
-11.994 12.767 0.800 16376911
-33.545 8.617 6.289 16739210
-33.159 7.447 5.509 16739210
-32.538 6.390 4.157 16739210
-33.182 7.788 3.423 16376911
3.347 15.509 1.229 8191851
3.398 15.399 4.340 6737151
3.360 15.411 1.692 3718648
2.177 15.126 0.373 3003583
-25.563 12.868 2.415 16376911
-1.204 14.200 1.222 8191851
3.863 14.386 3.522 3718648
-28.800 11.089 3.759 16376911
3.721 14.685 4.371 6737151
3.492 14.203 0.386 8191851
-26.706 12.062 3.608 16376911
-25.658 12.529 5.440 12616956
3.948 14.260 2.250 6737151
-25.524 12.766 2.190 16757844
3.965 14.146 0.906 3003583
-26.189 14.199 3.027 16757844
-26.231 14.284 2.570 16757844
-25.785 13.377 4.580 16739210
4.372 13.319 1.034 3003583
0.935 13.428 3.122 3718648
4.161 13.712 0.875 3003583
-26.101 14.089 5.540 12616956
-27.114 16.282 2.504 16376911
-17.482 14.177 0.598 16757844
-0.529 12.836 1.524 3003583
-27.673 17.462 4.670 16739210
4.844 12.222 2.964 6737151
-26.776 15.465 3.793 16739210
-32.272 20.622 2.666 16376911
-28.346 18.851 4.793 16739210
5.150 11.527 2.988 6737151
-2.921 12.958 0.201 8191851
3.807 11.709 0.465 3003583
-27.436 16.919 2.889 16376911
-29.375 21.164 4.857 12616956
1.764 11.479 3.260 3718648
0.800 12.108 0.584 3003583
-30.233 20.529 2.764 16757844
-18.127 16.652 0.502 16757844
-29.799 22.136 4.941 12616956
1.781 11.551 2.206 6737151
-30.101 22.724 4.404 12616956
6.506 8.670 1.258 6737151
-22.942 19.651 0.829 16376911
-27.968 19.443 3.986 16739210
5.804 8.340 1.609 6737151
-30.400 23.289 6.186 16739210
1.264 10.491 3.247 3718648
-29.356 21.050 3.584 16376911
-29.542 21.480 3.605 16376911
6.210 9.353 0.896 8191851
-30.567 23.651 2.957 16757844
6.719 8.208 1.067 8191851
-26.734 24.860 2.571 16376911
-28.560 26.269 4.987 12616956
-30.310 23.079 4.283 16739210
-31.165 25.002 3.622 16376911
-28.357 24.110 6.408 12616956
-30.666 23.887 4.950 16739210
3.096 9.089 0.431 3003583
-22.324 22.749 0.767 16376911
-27.355 26.337 3.298 16757844
-27.677 24.001 4.646 16739210
1.000 8.820 2.438 3718648
3.006 8.007 0.367 3003583
-59.663 49.620 6.813 12616956
2.987 7.791 0.354 3003583
1.747 8.591 4.261 6737151
-63.857 58.664 5.263 16757844
-27.460 25.959 4.144 16739210
-53.305 51.673 7.500 12616956
-16.280 20.451 0.517 16757844
4.222 7.108 0.688 8191851
-50.897 51.389 5.930 16757844
-52.859 46.127 2.618 16757844
4.674 5.669 1.136 8191851
-60.224 48.786 4.585 16376911
2.204 6.166 0.092 8191851
-53.365 54.463 7.992 12616956
-20.275 26.025 0.702 16376911
-51.876 54.388 5.016 16757844
-44.793 52.067 6.833 12616956
4.156 2.783 0.533 3003583
-51.282 58.291 3.587 16757844
-52.029 55.730 2.530 16757844
-51.260 60.793 3.590 16757844
4.237 1.981 0.572 3003583
-18.375 26.856 0.718 16376911
4.603 2.400 1.783 3718648
-14.232 21.879 0.566 16757844
8.335 -6.227 0.198 3003583
-25.268 34.405 1.078 16757844
0.181 5.472 3.645 3718648
-11.000 19.600 0.461 16376911
-49.622 60.376 5.750 16376911
-13.498 22.252 0.577 16757844
-45.193 57.990 5.432 16376911
1.520 2.076 -0.287 8191851
8.385 -6.416 -0.112 8191851
-40.081 63.795 7.406 12616956
-42.551 58.207 7.959 16739210
0.151 4.167 -0.205 3003583
-21.817 35.663 1.027 16757844
1.018 1.157 -0.344 8191851
10.432 -12.141 -0.586 8191851
-2.954 8.260 -0.036 3003583
-14.783 27.988 0.715 16376911
-14.624 28.046 0.711 16376911
-36.662 63.450 2.062 16757844
10.434 -17.646 -0.902 8191851
-2.612 5.306 -0.111 8191851
10.064 -18.859 -0.947 8191851
3.206 -12.761 0.221 3003583
0.074 -5.723 -0.458 8191851
-13.812 33.308 5.978 16739210
-29.873 76.691 5.880 12616956
4.788 -11.665 -0.649 8191851
-3.694 4.856 -0.075 8191851
-8.839 20.819 0.374 16376911
-15.787 43.341 1.237 16376911
1.850 -11.210 -0.556 3003583
-10.578 27.836 0.729 16376911
-1.488 -2.595 -0.257 3003583
-14.034 41.883 2.241 16757844
-4.403 4.627 -0.052 8191851
2.363 -14.008 -0.655 8191851
3.288 -20.190 0.465 3718648
-0.475 -13.987 -0.632 3003583
-9.531 32.206 2.945 12616956
-9.198 44.004 3.937 12616956
-5.548 4.261 -0.038 8191851
-8.654 30.911 2.449 16757844
-11.854 48.181 4.730 16739210
-5.425 -20.214 0.320 3003583
-8.883 30.761 1.771 16757844
-7.435 44.796 4.611 12616956
-12.633 49.942 5.113 16739210
-2.091 -16.711 -0.586 8191851
-7.430 28.074 2.011 16757844
-7.587 -20.598 2.026 6737151
-10.588 45.595 3.919 16739210
-4.665 -20.907 -0.165 8191851
-8.345 -23.934 2.047 6737151
-6.371 7.169 0.086 3003583
-6.827 -20.674 2.998 3718648
-7.195 27.087 1.778 16757844
-7.329 36.872 5.405 12616956
-7.030 28.015 3.049 16739210
-6.331 -13.612 -0.264 3003583
-7.874 -21.144 4.503 3718648
-6.653 0.825 -0.132 3003583
-8.357 44.357 5.513 12616956
-7.010 -18.949 3.546 6737151
-6.979 9.936 0.153 8191851
-6.445 25.990 1.767 16757844
-9.594 -21.321 1.502 6737151
-7.968 0.749 0.906 3003583
-4.466 35.594 4.658 16739210
-5.617 24.435 1.578 16376911
-7.452 3.124 0.301 3003583
-10.675 -19.117 2.384 3718648
-12.028 -16.116 0.844 3003583
-11.030 -18.486 3.169 3718648
-5.786 24.232 2.484 16376911
-8.229 3.396 1.176 3003583
-12.527 -13.218 0.361 3003583
-9.224 -21.991 2.733 6737151
-5.513 23.593 2.664 16739210
-8.209 3.632 0.920 3003583
-12.475 -15.192 3.174 3718648
-7.552 10.028 0.179 8191851
-8.877 -0.061 2.369 3718648
-12.771 -14.571 3.177 3718648
-4.706 23.323 2.337 12616956
-8.516 3.594 0.925 3003583
-13.216 -13.604 1.854 6737151
-8.811 5.494 0.991 8191851
-13.413 -13.157 4.334 3718648
-8.852 -0.117 2.117 3718648
-13.807 -12.304 1.273 6737151
-4.224 21.439 2.374 12616956
-4.791 22.028 2.763 16739210
-3.011 29.177 4.112 12616956
-3.834 21.986 2.390 12616956
-11.400 -2.953 0.197 3003583
-2.690 28.494 4.009 12616956
-4.309 22.240 2.520 16739210
-2.000 26.964 3.519 16739210
-4.250 20.729 1.640 16376911
-3.707 20.724 2.147 16757844
-1.956 26.802 3.762 12616956
-3.599 22.231 2.093 16376911
-3.730 20.275 2.489 16739210
-3.417 20.711 1.581 16376911
-3.660 21.220 2.296 16739210
-17.603 -11.597 0.595 3003583
-16.310 -11.011 2.812 3718648
-16.936 -11.295 2.849 3718648
-9.485 13.086 0.297 8191851
-16.197 -11.006 2.294 3718648
-13.872 2.057 0.303 8191851
-13.154 4.493 1.244 3003583
-9.778 13.159 0.297 8191851
-17.245 -11.542 1.816 3718648
-19.861 -6.290 1.023 3003583
-18.626 -12.275 1.857 3718648
-23.996 -12.146 2.294 6737151
-19.243 -5.391 0.478 3003583
-19.614 -7.672 0.604 3003583
-15.693 2.947 0.416 8191851
-21.154 -13.326 3.486 6737151
-14.213 5.238 0.339 3003583
-19.987 -8.964 2.019 3718648
-20.751 -4.378 1.314 3003583
-17.293 -0.057 0.404 3003583
-16.947 2.737 0.375 8191851
-19.686 -4.179 3.989 6737151
-4.518 22.401 1.865 16376911
-4.708 22.916 2.107 16376911
-22.063 -1.381 1.923 3003583
-4.546 22.944 2.613 16739210
-2.633 24.983 2.435 12616956
-22.179 -6.415 2.190 3718648
-22.392 -5.875 2.846 3718648
-4.301 21.725 1.856 16376911
-1.374 25.614 3.609 16739210
-1.303 25.508 3.088 16739210
-1.475 25.889 4.127 12616956
-1.362 25.615 4.088 12616956
-4.599 21.243 0.591 16376911
-25.061 -0.626 1.611 3003583
-0.940 24.659 4.780 16739210
-23.868 -2.744 3.551 6737151
-3.781 22.692 2.261 16739210
-4.257 22.011 1.959 16376911
-0.835 24.364 4.731 16739210
-4.061 21.183 2.272 12616956
-12.093 13.037 0.815 3003583
-3.889 20.861 2.352 12616956
-23.396 1.438 2.844 3718648
-25.214 3.230 3.221 6737151
-4.257 20.768 0.595 16376911
-4.070 21.477 1.944 16376911
-26.740 3.027 2.221 3003583
-0.658 24.117 3.899 12616956
-23.625 1.677 1.452 8191851
-26.911 3.311 2.235 3003583
-17.826 8.810 1.277 3003583
-26.665 2.919 2.352 6737151
-23.575 4.161 4.076 6737151
-25.749 1.283 3.658 6737151
-3.615 20.917 2.286 16739210
-22.856 6.667 0.585 8191851
-25.113 5.014 3.349 3718648
-11.834 14.655 0.348 8191851
-3.418 20.543 2.855 16739210
-26.312 2.337 2.049 8191851
-0.175 23.104 3.799 12616956
-12.683 13.992 0.908 3003583
-3.170 20.479 1.813 16757844
-14.676 13.009 3.197 3718648
0.135 22.419 4.513 16739210
-28.451 4.687 3.570 3718648
-0.059 22.698 3.758 12616956
1.452 22.721 4.805 16739210
-31.454 4.057 3.767 3718648
-28.478 4.669 3.153 3718648
-2.465 20.786 1.958 16376911
-31.428 3.721 2.665 8191851
-20.808 10.035 0.568 3003583
-27.951 6.020 1.551 3003583
-31.993 5.240 4.436 3718648
-2.967 20.162 1.971 16376911
-28.518 6.529 2.107 8191851
-28.158 8.056 2.542 6737151
-26.576 7.824 0.870 3003583
-28.253 5.670 3.834 6737151
-32.666 6.349 5.599 3718648
-31.507 4.247 3.460 3718648
-3.384 19.911 2.459 12616956
-32.671 6.362 2.143 8191851
-2.841 19.603 2.653 12616956
-2.997 19.548 0.896 16757844
-25.851 12.207 1.404 8191851
-33.622 8.727 2.067 3003583
-2.583 19.757 1.838 16376911
-15.444 14.610 0.456 3003583
-25.500 12.774 3.323 6737151
-32.956 6.971 2.321 8191851
-15.504 14.707 0.454 3003583
-33.428 8.403 4.089 3718648
-33.591 8.745 4.103 3718648
-33.413 8.894 5.028 6737151
-2.675 18.801 1.900 16757844
-30.859 10.087 4.749 6737151
-2.817 18.865 2.610 12616956
-2.941 18.255 1.998 16757844
-19.616 14.908 0.506 8191851
-28.215 11.325 3.846 6737151
-19.691 15.227 0.513 8191851
-25.848 13.543 4.203 6737151
-26.072 14.023 3.587 3718648
-2.301 18.114 2.282 16739210
-2.667 18.061 1.205 16376911
-23.282 14.804 0.648 3003583
-27.031 16.074 3.460 6737151
-26.696 15.377 2.668 6737151
-26.318 14.572 3.610 3718648
-1.740 18.310 2.371 16739210
-2.845 18.131 1.459 16757844
-2.187 17.862 2.501 16739210
-26.747 15.418 1.204 3003583
-2.869 17.629 0.457 16376911
-27.806 17.644 1.468 8191851
-27.363 16.742 3.602 3718648
-27.051 16.116 1.915 3003583
-26.873 15.695 2.896 3718648
-23.127 17.104 0.729 3003583
-27.507 17.102 1.924 3003583
-28.012 18.147 2.276 3003583
-16.237 17.320 0.454 3003583
3.843 16.883 3.388 16739210
-23.762 19.009 2.195 3003583
-27.314 16.644 2.479 8191851
-28.249 18.682 2.751 6737151
6.502 17.197 4.306 12616956
3.068 17.170 1.382 16757844
-27.945 18.104 3.314 3718648
-29.257 20.517 2.669 3003583
-31.697 19.834 2.842 6737151
-1.139 16.658 2.876 16739210
-24.160 18.375 2.000 3003583
2.968 16.716 0.662 16757844
4.075 15.874 2.366 16739210
4.568 16.405 1.265 16757844
5.438 16.830 1.608 16376911
-24.143 18.258 2.093 8191851
-28.900 19.614 5.974 6737151
3.703 16.087 3.893 12616956
-29.426 21.230 2.300 3003583
-29.493 21.343 2.807 6737151
-29.611 21.556 1.665 3003583
1.186 15.151 2.259 12616956
-30.490 23.465 2.172 3003583
-27.386 21.885 0.832 8191851
-29.543 21.544 6.148 6737151
-2.030 15.868 3.564 16739210
-29.718 21.884 3.975 3718648
4.209 13.577 1.992 12616956
-19.401 20.453 0.587 8191851
0.449 14.902 4.154 16739210
-31.023 24.708 2.866 6737151
-29.904 22.248 4.127 6737151
-27.762 24.001 5.091 3718648
-1.270 15.487 0.460 16757844
-19.173 21.187 0.588 8191851
-27.153 25.221 2.176 3003583
-19.100 21.378 0.587 8191851
3.841 14.399 1.641 16376911
-27.126 24.620 5.034 3718648
4.289 13.405 4.049 12616956
-24.797 24.214 0.955 8191851
-27.199 24.638 4.562 6737151
-24.635 24.761 0.947 8191851
4.738 12.493 1.179 16757844
-61.907 45.798 6.175 6737151
-18.707 22.399 0.576 8191851
-27.566 25.623 1.927 3003583
-27.127 24.577 3.008 3718648
-12.106 19.374 0.493 8191851
-65.016 46.908 5.267 6737151
1.689 11.676 2.297 12616956
-62.923 43.880 5.490 3718648
-60.448 46.441 2.263 3003583
-48.314 42.911 1.950 3003583
-28.106 26.521 2.036 8191851
-11.980 19.599 0.493 8191851
-62.207 42.909 7.186 6737151
-14.966 21.026 0.549 3003583
-21.044 24.496 0.770 3003583
0.491 13.264 2.211 16739210
-55.579 47.828 6.152 3718648
-3.236 14.286 0.272 16376911
-29.587 32.920 1.144 8191851
-33.473 35.970 2.755 3003583
-47.911 38.944 2.800 8191851
-29.079 33.216 1.143 8191851
-54.748 47.101 8.348 6737151
-60.169 54.568 3.636 6737151
1.452 10.731 2.822 16739210
-14.486 21.607 0.567 3003583
-0.039 11.511 2.732 16739210
-11.678 20.021 0.499 8191851
-56.109 47.443 6.841 6737151
-57.204 55.647 3.549 6737151
-43.416 39.927 1.745 8191851
-53.495 57.716 5.907 6737151
6.984 7.571 2.282 16739210
-37.741 40.023 2.397 8191851
-34.171 37.674 1.610 3003583
-49.422 53.412 7.167 3718648
-19.535 26.408 0.753 3003583
-58.224 58.021 3.945 8191851
-13.904 22.145 0.587 3003583
4.809 5.649 2.131 12616956
-45.555 56.634 4.139 6737151
-28.683 37.006 1.307 3003583
-33.041 39.432 1.561 3003583
-59.398 59.886 7.479 6737151
-52.976 54.758 2.753 8191851
-35.879 40.943 1.722 8191851
2.448 7.667 0.280 16757844
-20.371 30.208 0.853 8191851
1.597 7.256 3.691 16739210
-0.561 10.101 3.762 12616956
4.344 2.763 0.165 16376911
-44.753 62.208 4.473 6737151
-26.434 40.171 1.172 3003583
-21.702 32.859 0.996 3003583
-44.423 55.812 6.244 6737151
-32.048 43.825 1.612 8191851
-48.810 69.288 5.119 3718648
-45.141 65.613 4.878 3718648
-35.037 56.814 1.732 3003583
-27.854 50.244 1.536 3003583
-26.773 49.966 1.524 3003583
-38.927 72.746 2.446 3003583
-42.295 68.196 4.766 3718648
-16.528 31.445 0.845 8191851
-34.562 59.774 1.923 8191851
-27.990 46.818 1.453 8191851
-5.073 11.574 0.103 16376911
-26.750 46.477 1.447 8191851
-11.670 23.720 0.567 3003583
-16.979 33.999 0.959 3003583
-27.415 67.704 2.108 3003583
-11.117 23.986 0.547 3003583
-30.954 64.623 1.994 8191851
-13.547 35.148 2.594 6737151
-11.539 26.877 0.605 8191851
-13.986 34.956 4.337 3718648
-22.582 55.299 1.677 8191851
-20.125 63.562 4.106 6737151
-12.561 29.435 0.707 3003583
-14.004 38.559 1.099 3003583
-5.181 8.155 0.063 16757844
-11.825 31.395 0.843 8191851
-13.506 35.193 1.947 8191851
-6.649 10.971 0.169 16376911
-20.458 61.614 4.608 3718648
-11.389 36.204 2.049 3003583
-10.096 24.313 0.512 3003583
-13.539 35.190 1.625 8191851
-17.412 49.102 1.865 8191851
-20.377 63.556 3.842 3718648
-12.739 39.142 1.279 3003583
-12.397 38.418 1.801 8191851
-5.875 1.981 -0.126 16376911
-13.188 51.075 4.997 6737151
-13.456 48.856 1.703 8191851
-7.079 1.171 -0.159 16376911
-8.272 -21.510 3.179 12616956
-7.722 3.199 1.089 16376911
-8.383 21.801 0.375 8191851
-9.172 -22.501 4.186 12616956
-7.608 -21.128 1.557 16757844
-7.794 -19.380 2.453 12616956
-9.797 -21.135 4.153 12616956
-8.393 10.636 0.210 16376911
-8.587 -23.583 4.449 16739210
-7.056 -19.831 2.638 16376911
-8.262 37.657 5.049 6737151
-8.718 30.799 1.647 8191851
-8.097 28.139 0.781 3003583
-8.990 6.223 0.639 16376911
-7.023 -19.996 3.733 16739210
-12.313 -15.704 2.467 16757844
-6.867 27.208 1.782 3003583
-8.720 6.955 0.092 16757844
-7.196 27.324 2.541 3718648
-11.603 -18.821 2.650 12616956
-11.595 -17.389 4.276 16739210
-8.948 6.868 0.083 16757844
-9.168 10.508 0.197 16376911
-7.393 27.903 1.269 3003583
-10.971 -17.682 0.339 16757844
-7.360 27.381 0.845 3003583
-13.721 -12.641 3.970 12616956
-7.742 21.428 0.500 8191851
-7.564 27.913 2.698 6737151
-11.768 -16.993 0.416 16757844
-7.153 27.115 0.868 3003583
-6.756 26.104 1.874 3003583
-6.874 25.556 0.706 8191851
-12.252 -15.833 2.072 16376911
-12.231 -15.783 4.619 16739210
-12.557 -15.091 2.862 16376911
-12.598 -14.987 4.591 16739210
-14.068 -11.812 2.030 16757844
-6.404 25.536 1.874 3003583
-12.461 -15.308 3.828 16739210
-6.392 25.197 0.727 8191851
-5.961 24.642 2.353 6737151
-5.905 24.559 1.834 3003583
-13.447 -13.185 3.068 16739210
-13.505 -13.041 4.884 12616956
-18.027 -11.785 4.222 12616956
-6.325 25.231 2.110 8191851
-14.207 -11.563 2.388 16376911
-11.135 7.214 0.197 16757844
-19.737 -12.645 2.122 16757844
-5.847 24.440 2.047 6737151
-5.713 24.507 2.854 3718648
-16.857 -11.362 4.651 16739210
-18.919 -12.247 3.753 12616956
-6.172 25.114 2.330 3718648
-17.354 -11.516 4.698 16739210
-11.712 7.258 0.204 16757844
-5.657 23.962 2.522 3718648
-13.009 4.192 1.052 16757844
-11.158 11.029 0.298 16376911
-17.300 -11.486 5.051 12616956
-3.334 29.812 3.823 6737151
-5.568 24.328 2.242 3718648
-5.705 23.945 1.925 8191851
-15.029 1.083 0.814 16757844
-4.912 23.568 2.117 6737151
-19.909 -3.785 4.016 12616956
-5.328 23.329 1.689 3003583
-2.757 28.715 5.475 6737151
-23.297 -13.494 1.878 16757844
-23.330 -13.312 3.489 16376911
-5.031 23.277 0.889 8191851
-4.711 22.922 1.804 3003583
-2.177 27.335 4.197 3718648
-3.835 25.769 0.724 3003583
-22.334 -2.390 2.457 16757844
-2.291 27.578 2.119 3718648
-5.314 23.148 1.809 8191851
-4.909 23.168 1.179 3003583
-6.217 20.726 0.472 8191851
-20.705 -2.058 4.424 16739210
-22.842 -0.867 3.609 12616956
-4.727 22.890 1.882 8191851
-1.794 26.601 5.036 6737151
-3.959 22.627 2.058 6737151
-21.142 -1.114 4.417 16739210
-1.447 25.837 3.992 3718648
-4.356 21.986 1.597 8191851
-4.639 22.879 2.359 6737151
-27.163 -5.079 6.004 16739210
-4.588 22.830 1.910 8191851
-4.921 21.970 0.629 3003583
-21.788 0.262 4.411 16739210
-4.279 21.696 1.938 3003583
-3.999 22.355 2.096 6737151
-4.239 21.671 1.801 3003583
-4.606 22.494 2.060 3718648
-22.033 0.808 4.410 16739210
-5.828 20.377 0.462 8191851
-4.007 22.578 2.288 3718648
-24.111 -2.307 3.581 16739210
-23.380 3.717 4.065 12616956
-25.635 0.950 2.258 16757844
-22.820 2.515 4.416 16739210
-0.750 24.336 3.823 3718648
-4.281 21.652 1.525 3003583
-3.198 22.161 2.207 3718648
-24.717 4.153 3.688 12616956
-3.772 21.656 2.850 6737151
-26.067 1.933 3.549 16376911
-3.756 20.898 0.974 8191851
-3.910 21.018 1.244 3003583
-14.610 12.957 1.786 16757844
-31.440 3.791 2.376 16376911
-27.476 4.929 3.512 12616956
-24.837 6.869 4.253 16739210
-14.787 13.758 0.437 16376911
-14.487 13.009 3.148 12616956
-28.685 5.392 1.658 16376911
-27.843 4.941 2.042 16757844
-31.567 4.310 3.176 16757844
-3.595 20.458 2.755 6737151
-28.882 5.316 1.094 16757844
-31.904 5.085 3.205 16757844
-3.864 19.989 1.681 3003583
-31.621 4.482 4.590 16739210
-29.229 6.366 1.147 16757844
-33.116 7.691 3.775 16757844
-31.610 4.415 4.119 16739210
-26.070 10.173 0.620 16376911
-33.094 7.363 2.675 16757844
-3.045 20.082 2.761 6737151
-15.559 14.848 0.441 16376911
-32.505 6.441 6.678 12616956
-32.757 6.601 2.803 16757844
-32.827 7.111 6.708 12616956
-33.012 7.202 5.496 16739210
-3.231 19.462 2.492 3718648
-33.019 7.547 6.724 12616956
-2.970 20.009 1.807 8191851
-25.795 13.419 2.491 16376911
-3.502 19.549 2.217 6737151
-30.244 10.364 4.416 16739210
-3.355 18.949 1.391 8191851
-31.596 9.759 2.973 16376911
-4.837 18.381 0.411 8191851
-26.378 14.619 1.998 16376911
-26.817 15.623 2.993 16757844
-26.832 15.669 4.301 12616956
-26.511 14.939 5.960 16739210
-25.889 13.604 4.716 12616956
-25.988 13.846 4.729 12616956
-2.407 18.230 0.781 8191851
-26.814 15.564 3.208 16376911
-27.650 17.413 4.415 12616956
-26.494 14.839 3.716 16739210
-27.359 16.692 3.146 16757844
-16.397 17.464 0.459 16376911
-26.658 15.249 3.302 16376911
9.921 18.860 3.601 6737151
-27.320 16.729 5.581 12616956
-27.177 16.338 3.793 16739210
2.943 16.728 0.622 8191851
-4.787 17.617 0.385 8191851
-27.733 17.594 5.666 12616956
-27.835 17.724 2.846 16757844
-24.158 18.863 1.077 16376911
-28.027 18.246 3.779 16376911
-28.096 18.380 4.831 16739210
-27.726 17.520 3.857 16739210
-28.251 18.668 4.857 16739210
-24.560 18.880 2.372 16757844
-25.282 19.227 2.385 16757844
4.338 16.282 2.359 6737151
-2.196 16.317 1.579 3003583
-28.665 19.344 4.444 16739210
0.702 16.428 0.357 3003583
-29.340 20.725 3.433 16376911
-29.459 21.215 2.951 16757844
3.299 15.658 4.805 6737151
-29.161 20.399 3.540 16376911
-30.234 22.927 4.441 12616956
-29.288 20.674 4.047 16739210
3.754 14.625 1.545 6737151
-30.050 22.544 5.197 16739210
-30.134 22.658 4.555 16739210
-29.608 21.559 4.092 16739210
2.944 14.975 0.395 3003583
1.342 14.682 0.429 8191851
-30.045 22.631 5.462 12616956
-27.595 25.349 4.133 12616956
-30.899 24.410 3.584 16376911
-31.116 24.825 3.604 16376911
4.571 12.819 2.116 3718648
-26.482 25.784 2.663 16376911
-31.547 25.761 3.644 16376911
-27.271 26.543 4.632 12616956
-26.351 25.288 2.772 16757844
-63.106 44.364 5.070 16757844
-0.408 14.705 4.111 6737151
-27.775 25.244 5.964 12616956
-26.666 25.125 4.855 16739210
-15.419 21.073 0.549 16376911
5.818 9.969 0.491 3003583
-27.869 25.971 3.931 16376911
-27.240 26.059 4.972 16739210
-46.994 35.121 2.724 16757844
-23.983 26.165 0.958 16376911
-51.885 42.032 1.912 16376911
-54.266 47.583 7.252 12616956
-35.791 32.591 1.294 16757844
-62.343 44.808 7.509 16739210
6.942 7.714 2.103 3718648
1.669 11.004 1.601 6737151
-1.734 13.627 3.986 6737151
-61.910 47.830 4.702 16376911
-0.535 12.650 0.323 3003583
-33.399 33.877 1.306 16757844
5.052 6.555 1.227 6737151
-52.601 51.836 7.604 12616956
2.907 8.533 0.365 3003583
-60.584 56.110 4.346 16757844
-51.084 53.329 7.535 12616956
0.972 10.465 0.400 3003583
-53.134 52.259 8.001 16739210
3.808 8.019 0.411 3003583
4.371 6.360 0.961 6737151
-51.959 49.519 5.557 16376911
-43.366 52.527 6.542 12616956
-51.653 61.620 7.615 12616956
0.460 8.767 0.065 8191851
-20.995 30.342 0.862 16376911
-45.603 55.306 4.688 16757844
-56.152 62.423 7.253 16376911
-54.668 61.522 8.603 16739210
-55.852 58.836 6.007 16376911
-20.418 30.532 0.870 16376911
-35.486 46.902 4.034 16757844
0.160 7.897 0.010 8191851
-53.672 63.721 4.486 16376911
3.900 4.643 0.295 8191851
-2.928 10.253 -0.012 8191851
-42.913 59.529 2.412 16757844
-4.370 12.605 0.103 3003583
14.225 -11.399 2.850 6737151
-44.101 67.987 4.806 16757844
-41.044 55.839 6.213 16739210
-12.564 23.767 0.593 16376911
4.235 2.226 0.584 8191851
-30.641 51.197 1.520 16376911
0.304 5.558 3.518 6737151
6.235 -8.680 -0.632 3003583
5.332 -0.410 -0.165 8191851
-45.401 67.597 4.147 16376911
8.251 -12.318 -0.831 3003583
5.050 -10.358 -0.651 3003583
5.670 -3.532 -0.406 8191851
1.804 -2.629 -0.422 3003583
5.267 -5.127 -0.481 8191851
-3.279 7.141 -0.010 3003583
-22.161 50.242 1.352 16376911
-25.081 64.758 2.322 16376911
-2.042 -2.172 -0.312 8191851
-3.937 6.764 0.005 3003583
-30.074 77.502 7.186 12616956
-6.145 11.638 0.174 3003583
-13.455 33.770 5.278 16739210
-24.838 82.934 5.209 16757844
-13.527 35.475 5.568 16739210
-29.801 75.489 3.466 16376911
-0.202 -17.870 1.988 3718648
-2.601 -16.822 -0.579 3003583
-15.342 38.426 3.611 16739210
-13.324 40.293 1.452 16376911
-4.778 -15.016 -0.317 3003583
-20.133 85.529 5.431 12616956
-20.509 64.290 2.968 16376911
-9.877 32.338 3.066 12616956
-12.260 37.246 1.079 16757844
-5.639 -0.522 -0.148 3003583
-10.442 34.507 2.541 16757844
-19.392 86.009 5.812 16376911
-7.772 8.029 0.103 8191851
-20.707 84.668 6.223 16739210
-9.184 43.972 4.290 12616956
-8.702 3.436 0.732 8191851
-8.475 44.008 3.648 12616956
-8.849 2.965 1.219 3003583
-8.968 31.200 1.646 16376911
-9.031 44.098 3.834 12616956
-8.036 29.806 2.824 12616956
-9.734 43.789 4.003 16739210
-8.219 43.831 3.775 12616956
-9.225 43.940 5.935 12616956
-8.237 30.260 2.933 12616956
-8.913 44.119 4.746 16739210
-8.597 26.879 0.721 16757844
-8.837 -0.069 2.476 3718648
-8.920 13.906 0.309 8191851
-7.279 27.946 2.917 12616956
-9.572 7.626 0.101 8191851
-10.225 -19.932 4.050 6737151
-7.321 26.680 2.614 12616956
-9.413 -12.543 0.649 8191851
-13.956 -11.888 1.790 6737151
-6.916 27.091 2.618 12616956
-12.111 -15.956 1.191 8191851
-7.959 29.364 2.201 16376911
-7.530 27.831 1.887 16757844
-9.490 10.942 0.228 3003583
-11.291 -17.817 2.967 6737151
-12.980 -14.001 3.950 6737151
-7.515 24.056 0.602 16376911
-10.543 8.356 0.999 8191851
-10.230 7.234 1.721 8191851
-9.482 13.975 0.324 8191851
-16.334 -11.050 2.632 6737151
-6.326 29.081 0.865 16376911
-10.974 7.976 1.432 3003583
-6.756 27.337 2.734 16739210
-6.314 25.500 2.143 16757844
-6.575 26.079 1.198 16376911
-13.855 -12.120 2.314 3718648
-6.405 26.709 2.470 16376911
-14.693 -10.365 1.696 3718648
-6.093 24.850 1.748 16376911
-6.124 26.425 2.091 16376911
-6.104 24.935 2.210 16376911
1.730 49.362 5.215 12616956
-3.390 29.849 3.734 12616956
-5.709 24.583 0.852 16757844
-5.439 24.558 3.038 12616956
-5.448 24.382 2.003 16757844
-19.039 -12.460 1.831 6737151
-20.166 -8.669 1.997 6737151
-20.701 -8.530 2.027 6737151
-21.674 -13.452 0.437 3003583
-11.452 17.101 0.441 8191851
-12.410 13.261 1.507 3003583
-21.147 -3.459 0.939 3003583
-12.640 13.853 1.212 3003583
-16.450 7.150 1.220 3003583
-22.568 -14.116 1.725 3718648
-23.927 -12.081 3.323 3718648
-21.313 -2.178 3.598 3718648
-7.102 26.725 2.116 16757844
-22.669 -5.175 3.232 3718648
-7.328 26.150 0.726 16376911
-12.219 17.377 0.442 8191851
-22.377 0.581 3.626 3718648
-22.957 -5.026 1.379 8191851
-6.680 26.449 2.678 16739210
-15.852 12.121 0.396 8191851
-6.992 27.014 2.496 16739210
-17.205 8.998 1.560 3003583
-22.577 2.034 4.553 3718648
-24.050 2.508 0.591 8191851
-23.228 2.009 3.664 3718648
-3.521 30.263 5.289 16739210
-6.672 27.013 2.881 12616956
-25.285 -0.100 1.407 3003583
-6.516 27.168 2.162 16376911
-6.804 26.580 2.468 16739210
-3.560 30.793 3.648 12616956
-24.345 -2.033 2.218 3718648
-24.575 0.299 0.972 3003583
-23.758 3.315 3.684 3718648
-3.490 30.269 4.398 12616956
-25.788 1.305 3.273 3718648
-28.463 0.600 2.628 6737151
-25.419 0.497 0.994 3003583
-14.795 14.954 0.358 3003583
-5.670 26.325 2.913 16739210
-25.133 0.135 1.114 8191851
-2.928 29.131 3.763 16739210
-23.780 4.605 4.046 6737151
-15.168 15.195 0.368 3003583
-24.403 5.892 4.564 3718648
-26.954 3.574 2.219 6737151
-26.955 3.781 3.358 3718648
-5.916 24.916 2.136 16757844
-6.111 25.442 2.665 16739210
-2.830 28.842 4.195 12616956
-5.933 25.104 2.786 16739210
-26.435 2.348 2.444 3718648
-5.618 25.303 1.809 16376911
-27.873 4.933 2.298 6737151
-5.690 25.493 2.949 12616956
-13.414 18.243 0.467 8191851
-24.582 7.181 0.707 3003583
-29.580 0.706 2.511 3718648
-23.670 9.622 0.609 8191851
-5.912 24.712 2.038 16757844
-31.439 3.904 2.358 6737151
-5.302 24.553 2.097 16757844
-29.865 7.404 1.740 3003583
-2.181 27.292 2.262 12616956
-26.081 7.869 0.724 3003583
-1.830 27.182 4.840 16739210
-5.883 24.895 2.688 12616956
-31.558 4.145 3.169 3718648
-28.344 6.899 1.436 3003583
-2.367 27.773 2.167 16376911
-5.773 24.182 0.738 16376911
-5.572 24.820 2.486 16739210
-5.032 24.838 2.304 16376911
-27.044 9.497 0.825 3003583
-32.322 5.935 1.982 8191851
-5.338 23.789 2.212 16757844
-27.759 8.337 2.676 3718648
-5.105 24.801 2.198 16376911
-5.447 23.888 1.468 16376911
-25.839 13.430 1.418 8191851
-32.991 7.482 4.867 6737151
-16.843 17.315 0.506 3003583
-23.051 14.085 0.632 3003583
-25.886 13.545 1.627 3003583
-14.174 19.298 0.495 8191851
-25.635 13.045 1.811 3003583
-5.453 23.624 2.543 16739210
-26.020 13.850 4.520 3718648
-14.220 19.384 0.496 8191851
-26.129 14.051 2.982 6737151
-20.493 16.845 0.603 8191851
-26.287 14.446 3.408 3718648
-4.507 23.444 2.994 16739210
-5.189 23.077 0.685 16376911
-1.050 24.963 3.865 12616956
-4.323 23.614 2.100 16376911
-26.734 15.440 6.395 3718648
-26.443 14.850 3.115 3718648
-17.586 18.539 0.522 3003583
-4.449 22.621 2.286 12616956
-4.266 22.760 2.462 16739210
-17.823 19.143 0.534 3003583
-4.912 22.296 1.760 16376911
-14.563 20.430 0.528 8191851
-4.337 22.315 1.698 16376911
-28.565 19.097 3.085 6737151
-4.743 22.395 2.504 16739210
-25.322 18.909 2.327 3003583
-28.322 18.783 2.317 3003583
-28.052 18.236 2.834 8191851
-27.699 17.482 3.333 3718648
-33.333 19.048 2.857 6737151
-24.577 19.280 2.423 8191851
-29.343 20.745 1.574 8191851
-28.538 19.096 3.300 3718648
-29.385 21.011 1.578 8191851
-30.425 20.252 2.822 6737151
-29.536 21.355 1.579 8191851
-3.430 21.604 1.157 16376911
-29.606 21.599 3.173 6737151
-4.465 22.000 2.368 16739210
-21.642 21.087 0.693 8191851
-3.494 21.435 1.826 16757844
-29.378 21.033 4.966 3718648
-28.689 19.416 3.860 6737151
-29.534 21.458 2.828 6737151
-30.092 22.628 2.276 3003583
-29.920 22.225 5.063 3718648
-3.364 20.652 2.074 16757844
-3.991 20.966 1.638 16376911
-21.811 22.113 0.683 8191851
-30.195 22.851 2.396 3003583
-3.664 21.154 1.456 16757844
11.561 19.642 4.546 16739210
-29.394 21.121 3.946 6737151
-29.889 22.195 2.502 8191851
-3.755 21.062 0.819 16757844
-26.652 24.131 3.499 6737151
-31.206 25.024 2.297 3003583
-26.113 22.749 1.517 3003583
-28.063 24.206 2.419 3003583
-4.620 20.466 0.513 16376911
-31.375 25.364 1.793 3003583
-30.859 24.295 2.536 8191851
-28.182 24.988 3.288 6737151
-30.977 24.585 4.766 6737151
-2.855 20.223 1.323 16757844
-27.385 25.096 1.110 8191851
-30.620 23.796 4.099 6737151
-3.304 20.097 1.822 16757844
-44.937 32.502 2.244 3003583
-3.127 19.063 1.699 16376911
-3.388 19.834 0.677 16757844
-27.561 25.523 2.117 3003583
6.613 17.327 3.569 12616956
-27.543 25.336 2.222 8191851
-26.960 25.296 3.036 3718648
-59.947 38.658 6.169 3718648
-28.027 26.778 1.406 3003583
-20.756 25.390 0.765 8191851
-67.413 46.804 6.509 6737151
-64.120 43.161 7.926 3718648
-65.258 40.870 5.551 3718648
-61.122 36.912 6.828 6737151
-2.707 18.281 2.434 16739210
-17.467 24.101 0.661 3003583
-14.154 23.190 0.617 8191851
-34.839 34.436 1.301 8191851
-1.880 18.451 1.939 16376911
-57.985 44.672 2.470 3003583
-1.639 17.306 4.394 16739210
3.807 14.463 3.138 16739210
4.066 13.901 2.566 16739210
-17.090 24.739 0.684 3003583
-63.706 48.329 5.619 3718648
-61.536 45.285 7.110 6737151
-0.876 16.011 0.418 16376911
-66.008 48.025 6.089 3718648
-62.731 46.750 7.247 6737151
-32.540 36.856 1.301 8191851
-53.501 49.300 6.036 3718648
-13.822 23.733 0.633 8191851
-61.784 59.096 6.482 6737151
-1.251 15.641 0.444 16376911
-0.657 15.221 3.454 16739210
-46.318 48.575 2.121 3003583
4.142 13.701 1.630 16376911
-53.105 54.685 3.315 3003583
-47.229 42.718 1.944 8191851
5.885 10.036 0.822 16757844
-24.995 32.412 1.028 8191851
-37.068 43.746 2.164 3003583
-18.871 28.128 0.792 8191851
5.491 10.553 0.533 16757844
-24.616 32.926 1.017 8191851
-52.504 56.298 4.898 6737151
-32.408 40.229 1.521 3003583
-3.549 16.402 0.361 16757844
-44.245 51.230 6.565 3718648
-42.504 44.977 1.931 8191851
1.161 10.329 2.530 12616956
-54.923 59.389 6.773 3718648
-58.088 62.416 4.145 8191851
-46.378 56.016 4.617 6737151
-3.798 15.939 0.344 16757844
-26.163 35.609 1.197 3003583
-51.449 58.799 3.916 8191851
-25.788 36.070 1.184 3003583
-45.370 62.961 5.631 6737151
-41.996 55.638 2.231 3003583
-51.120 58.077 4.223 3718648
-27.194 41.992 1.184 8191851
-42.287 60.677 3.022 3003583
-45.767 61.712 5.933 3718648
-13.041 24.642 0.631 8191851
0.008 10.144 3.917 16739210
-33.881 44.086 2.713 8191851
-45.412 62.947 4.680 6737151
0.675 10.062 0.253 16757844
-15.036 26.810 0.748 3003583
-12.894 24.770 0.626 8191851
-45.022 66.472 4.716 6737151
-45.037 67.320 7.428 3718648
-46.254 61.016 5.314 3718648
-33.767 57.773 1.792 3003583
-22.994 42.048 1.204 8191851
-44.928 78.867 4.505 6737151
-12.583 25.004 0.620 8191851
-43.487 68.004 5.002 3718648
-17.577 32.495 0.945 3003583
-14.134 27.492 0.725 3003583
-43.337 69.093 4.001 3718648
-37.366 67.028 2.204 8191851
-16.845 32.886 0.926 3003583
-29.920 52.728 1.655 8191851
-19.486 43.023 1.123 8191851
-12.065 25.295 0.612 8191851
-13.557 27.790 0.717 3003583
-18.606 38.758 1.116 3003583
-15.849 33.353 0.896 3003583
-7.662 15.353 0.279 16376911
-14.587 33.041 5.163 3718648
-22.215 59.877 2.378 3003583
-11.660 25.470 0.600 8191851
-17.272 39.181 1.076 3003583
-12.802 28.105 0.699 3003583
-14.606 33.801 0.856 3003583
-13.853 34.873 4.018 3718648
-12.433 28.242 0.683 3003583
-15.480 38.136 1.138 3003583
-22.035 60.020 1.901 8191851
-18.409 64.296 3.178 6737151
-8.626 15.023 0.311 16376911
-12.322 30.977 0.778 8191851
-13.289 33.089 0.944 3003583
-14.757 37.308 2.681 3718648
-21.003 82.372 3.814 6737151
-13.809 34.908 3.281 6737151
-20.014 82.762 6.672 3718648
-12.869 39.402 1.967 3003583
-8.304 12.092 0.269 16757844
-14.559 42.970 2.178 8191851
-14.296 42.420 2.178 8191851
-20.963 86.598 6.185 6737151
-11.974 37.056 1.140 3003583
-9.954 32.525 1.993 3003583
-11.995 48.563 3.690 3718648
-9.932 8.194 0.384 16376911
-12.863 50.314 3.304 3718648
-9.712 11.526 0.253 16757844
-9.517 32.225 1.983 3003583
-10.115 25.735 0.546 8191851
-13.178 -13.811 3.175 12616956
-9.977 35.095 2.372 8191851
-9.309 32.327 2.538 6737151
-10.150 35.824 2.462 3718648
-13.201 -13.641 4.202 16739210
-11.952 -16.377 4.711 16739210
-9.932 32.446 2.443 3718648
-9.271 31.932 1.860 3003583
-9.710 32.131 2.184 8191851
-11.569 -17.534 2.026 16376911
-8.669 31.034 2.263 6737151
-14.979 -10.356 1.138 16757844
-13.635 -12.660 3.575 16739210
-8.237 30.142 2.402 6737151
-12.391 -15.442 5.111 12616956
-14.039 -11.830 3.572 16739210
-8.238 29.772 1.705 8191851
-8.824 31.115 1.046 3003583
-9.098 31.428 2.398 3718648
-13.463 -13.142 5.005 12616956
-18.687 -12.082 3.450 12616956
-11.973 14.687 0.358 16376911
-8.537 31.455 2.839 6737151
-14.310 1.530 1.268 16757844
-7.754 28.923 2.365 6737151
-21.357 -13.333 3.636 12616956
-7.537 29.219 2.357 6737151
-19.113 -5.517 4.020 12616956
-9.172 25.241 0.662 8191851
-7.828 29.176 2.606 3718648
-12.389 13.122 1.536 16757844
-8.103 29.255 1.618 3003583
-7.708 29.015 2.043 3003583
-7.670 28.797 2.585 3718648
-17.737 -11.662 3.187 16739210
-7.869 29.361 1.591 3003583
-7.773 29.464 2.082 8191851
-7.651 28.670 0.931 8191851
-8.174 29.235 1.973 8191851
-7.553 28.415 2.394 6737151
-21.255 -3.399 1.547 16376911
-7.295 27.688 2.488 6737151
-20.974 -1.518 4.002 12616956
-7.307 28.043 2.707 3718648
-7.475 28.667 1.251 3003583
-7.322 28.723 2.882 6737151
-7.247 28.130 0.971 8191851
-20.144 -3.214 3.691 16739210
-7.364 28.150 2.589 3718648
-16.462 7.161 1.041 16757844
-6.891 27.225 1.767 8191851
-6.959 26.929 2.304 6737151
-13.806 15.049 0.362 16376911
-22.947 -5.124 2.562 16376911
-22.084 -0.345 3.609 12616956
-24.778 -1.182 1.775 16376911
-7.171 27.996 2.285 3718648
-18.061 8.799 0.595 16376911
-6.671 27.134 2.021 3003583
-6.792 26.808 1.569 8191851
-22.342 1.468 4.417 16739210
0.306 36.153 5.477 3718648
-27.743 -4.055 6.003 16739210
-23.577 2.369 3.667 12616956
-6.688 26.480 1.584 8191851
-6.168 26.871 2.882 3718648
-24.938 -0.433 3.356 16376911
-6.235 26.525 1.814 3003583
-24.277 2.230 0.653 16757844
-25.861 2.461 1.250 16376911
-25.647 1.011 2.799 16376911
-22.960 2.799 3.879 16739210
-15.323 15.727 0.369 16376911
-5.475 26.945 2.430 3718648
-25.467 0.632 3.540 16739210
-6.480 25.633 2.296 6737151
-6.241 25.833 2.557 3718648
-29.696 0.379 5.951 16739210
-5.773 25.224 1.747 8191851
-31.696 4.366 2.858 16757844
-16.057 16.681 0.466 16376911
-5.536 25.555 2.244 6737151
-6.200 25.300 2.625 6737151
-6.038 25.453 1.413 3003583
-28.249 6.340 0.960 16757844
-28.740 4.522 2.580 16376911
-31.971 5.198 4.320 12616956
-31.488 4.072 6.526 12616956
-5.616 24.596 1.943 3003583
-24.763 11.224 0.628 16376911
-5.586 24.788 2.725 3718648
-5.642 24.797 1.144 8191851
-31.975 5.218 1.937 16757844
-7.246 23.695 0.602 8191851
-32.743 6.591 2.483 16757844
-31.495 4.209 4.608 16739210
-32.699 6.822 3.744 12616956
-5.444 24.368 1.733 8191851
-32.832 6.730 5.337 16739210
-20.093 15.433 0.560 16757844
-33.152 7.395 2.050 16757844
-26.069 13.986 2.836 16757844
-1.958 26.952 2.189 3718648
-25.874 13.520 3.742 12616956
-1.464 25.920 3.861 3718648
-32.904 7.219 3.446 16376911
-33.027 7.489 4.084 16739210
-4.907 24.188 1.463 8191851
-1.319 25.620 3.850 3718648
-25.477 12.701 4.537 12616956
-5.589 24.013 0.770 3003583
-4.759 23.685 2.273 6737151
-26.332 14.571 4.195 16739210
-26.987 15.984 4.161 12616956
-17.745 19.008 0.523 16376911
-5.131 23.169 1.710 8191851
-26.527 14.955 4.422 16739210
-26.571 15.036 3.909 16739210
-4.086 23.963 2.562 6737151
-26.657 16.351 0.905 16376911
-27.521 17.121 4.221 12616956
-6.831 22.738 0.571 8191851
-5.023 23.199 1.507 8191851
-27.144 16.256 2.727 16757844
-4.726 23.364 1.286 3003583
-24.543 18.282 1.156 16376911
-27.405 16.793 3.164 16376911
-27.463 17.026 5.351 12616956
-28.052 18.225 4.394 16739210
-28.620 19.244 3.495 16757844
-4.129 22.666 1.826 3003583
-27.870 17.904 5.414 12616956
-24.789 19.459 2.132 16376911
-18.210 20.564 0.563 16376911
-4.888 22.141 1.671 8191851
-4.497 22.388 1.417 8191851
-28.224 18.552 3.242 16376911
-3.795 22.406 1.788 3003583
-27.943 17.982 2.900 16376911
-4.499 22.251 1.857 3003583
-21.929 20.164 0.732 16757844
-28.145 18.434 3.341 16376911
-27.978 19.547 4.083 16739210
-29.496 21.374 3.594 16757844
-4.301 22.253 2.890 6737151
-3.535 22.287 1.640 3003583
-6.678 21.849 0.530 8191851
-3.870 21.778 1.297 8191851
-29.256 20.647 3.785 16376911
-28.497 20.835 4.157 16739210
-29.003 20.050 4.970 12616956
-28.144 20.221 4.216 16739210
-18.420 21.935 0.573 16376911
-3.343 21.093 1.674 3003583
-4.560 21.415 1.677 3003583
-3.822 21.344 1.769 3003583
-29.689 21.811 5.765 12616956
-30.342 23.165 5.517 16739210
-27.970 23.529 3.228 16757844
-30.471 23.435 3.466 16376911
-26.792 23.293 1.816 16757844
-27.355 23.538 4.100 16739210
-3.432 20.855 1.757 8191851
-26.543 25.332 3.876 12616956
-27.655 24.269 2.513 16757844
-26.834 24.487 3.289 16376911
-26.446 24.486 4.035 16739210
-3.545 20.137 0.662 8191851
-27.784 25.973 3.270 16757844
-0.685 19.743 1.464 8191851
-3.619 20.255 0.999 3003583
-60.976 38.336 6.096 16757844
-26.444 24.673 3.751 16739210
-27.374 25.017 4.246 16739210
-27.808 26.103 3.800 16376911
-3.089 19.444 1.636 3003583
-45.086 32.799 2.141 16376911
-60.064 38.088 7.563 12616956
-3.040 18.804 1.281 8191851
-26.972 27.460 1.111 16376911
-4.824 20.052 0.491 3003583
-27.231 26.153 4.888 12616956
-6.874 20.442 0.465 8191851
-2.850 19.589 2.073 3718648
3.318 16.584 3.451 6737151
3.343 15.627 4.361 3718648
-2.905 18.766 2.200 3718648
-62.006 45.214 6.683 12616956
-60.113 41.869 8.020 16739210
3.399 15.902 3.475 6737151
-61.041 43.289 8.172 16739210
-65.783 42.525 4.795 16376911
-7.034 20.091 0.459 8191851
-65.589 46.316 4.500 16757844
-63.904 45.940 7.184 16376911
-65.744 50.479 8.573 12616956
-67.305 48.991 4.594 16757844
-59.754 46.709 3.023 16757844
5.215 11.483 1.248 6737151
4.564 12.837 0.609 3003583
3.756 13.929 0.451 3003583
-7.061 19.726 0.371 8191851
-63.717 48.402 6.206 16376911
0.712 13.652 0.438 8191851
-63.662 49.410 7.634 16739210
-63.137 60.293 3.831 16376911
-7.021 19.516 0.291 8191851
1.394 13.668 2.280 3718648
-2.065 16.565 0.384 3003583
0.243 13.172 0.458 8191851
-57.165 59.157 7.868 12616956
-46.015 48.377 2.052 16376911
-48.321 53.530 5.729 16757844
-53.025 48.197 7.919 16739210
-56.998 61.617 5.104 16757844
2.190 12.384 0.527 3003583
-58.099 57.491 8.566 16739210
-55.788 63.700 5.087 16757844
-45.847 54.894 6.757 12616956
-52.389 54.282 5.388 16376911
-43.782 50.662 5.610 12616956
3.129 11.677 0.483 8191851
-51.796 61.240 7.873 12616956
6.907 7.811 1.437 3718648
4.401 8.460 0.510 8191851
-4.482 15.868 0.332 8191851
0.905 11.455 2.568 6737151
-48.903 60.702 3.770 16757844
-51.610 61.201 6.854 16376911
4.727 6.301 2.646 6737151
-38.423 54.362 1.897 16376911
-2.171 11.865 0.175 8191851
-37.456 54.589 1.881 16376911
-3.448 13.887 0.279 3003583
4.535 0.720 -0.238 3003583
-48.279 64.906 6.781 16376911
-45.108 66.349 4.981 16757844
7.867 -5.176 -0.152 3003583
-6.218 16.668 0.237 3003583
-42.376 60.579 2.677 16757844
-40.684 59.502 7.162 16739210
-0.528 5.854 -0.137 8191851
7.614 -4.663 0.827 6737151
-5.258 14.135 0.154 8191851
-0.761 4.788 -0.224 8191851
-42.843 67.251 3.916 16757844
0.397 3.802 -0.187 3003583
0.270 5.558 3.973 6737151
-38.857 65.039 2.541 16757844
3.225 2.201 -0.172 8191851
-0.023 2.732 -0.249 3003583
1.184 0.174 -0.303 3003583
-4.750 8.715 0.055 8191851
-3.385 7.154 0.025 3003583
-21.593 44.740 1.295 16757844
-33.992 71.442 2.314 16757844
1.717 -9.584 -0.578 3003583
-13.065 28.551 0.705 16376911
-22.803 59.861 2.591 16376911
-8.115 15.679 0.317 3003583
-24.480 58.853 7.056 16739210
-27.817 67.978 2.168 16757844
-13.654 33.109 6.026 16739210
-4.352 0.020 -0.171 3003583
0.183 -14.291 -0.591 8191851
-6.131 5.776 0.089 3003583
-13.838 41.540 2.342 16376911
-22.963 61.768 3.318 16376911
-8.240 10.256 0.232 3003583
-7.930 2.441 1.343 6737151
-18.573 85.247 5.588 12616956
-9.459 15.346 0.372 3003583
-11.938 48.402 4.836 16739210
-11.424 -17.608 2.130 6737151
-11.189 31.279 0.875 16757844
-10.725 34.397 1.093 16376911
-10.555 28.358 0.776 16376911
-10.643 8.264 1.047 3003583
-9.868 32.377 2.954 12616956
-10.134 8.474 0.689 3003583
-12.467 -1.106 0.710 3003583
-10.600 34.414 2.103 16757844
-10.583 31.173 0.869 16757844
-10.843 8.416 0.714 3003583
-10.330 31.105 0.867 16757844
-10.081 34.650 2.074 16757844
-12.268 -15.515 1.751 3718648
-11.225 7.965 1.206 3003583
-13.977 -11.910 3.300 3718648
-10.429 34.508 3.041 16739210
-11.139 -18.466 1.870 3718648
-16.432 -11.187 1.651 6737151
-10.123 36.724 2.465 16376911
-9.714 32.133 1.688 16757844
-9.114 32.181 2.489 16757844
-15.837 -10.834 3.379 3718648
-14.583 -10.509 3.879 6737151
-9.583 32.152 3.106 16739210
-8.287 44.404 4.821 12616956
-9.052 31.725 2.076 16757844
-12.348 13.568 0.626 8191851
-8.586 31.084 2.224 16757844
-14.554 -10.631 0.620 8191851
-12.201 13.034 1.357 3003583
-15.373 -10.594 1.427 3718648
-12.482 13.728 1.041 3003583
-8.536 30.237 2.075 16757844
-19.216 -11.743 0.539 8191851
-8.055 29.805 2.196 16757844
-8.241 30.442 2.054 16757844
-7.863 29.933 2.573 12616956
-8.247 31.618 2.320 16376911
-7.860 29.494 2.738 12616956
-4.857 37.502 4.171 16739210
-7.874 28.428 1.501 16376911
1.627 49.373 5.563 16739210
-2.026 42.747 4.462 12616956
-7.293 28.584 2.999 12616956
-21.254 -3.187 1.352 6737151
-22.700 -1.841 0.625 3003583
-21.913 -6.802 2.150 3718648
-16.975 8.937 1.276 8191851
-23.930 -2.653 2.164 6737151
-17.493 8.875 1.282 8191851
-21.726 -2.131 1.759 3718648
-14.963 18.429 0.489 3003583
-24.400 -2.007 1.683 8191851
-23.910 2.247 3.516 3718648
-23.632 -3.130 3.203 6737151
-5.139 37.674 4.066 16739210
-23.510 1.475 2.430 3718648
-8.638 31.054 2.641 12616956
-7.246 34.477 3.379 16739210
-7.963 31.208 2.586 16757844
-26.720 3.114 2.296 6737151
-4.986 38.017 3.723 16739210
-8.329 30.311 2.860 12616956
-20.706 11.694 0.548 8191851
-23.880 2.383 2.021 3718648
-27.296 4.647 2.964 6737151
-8.197 31.185 2.676 16376911
-26.290 2.394 1.317 8191851
1.618 46.798 3.231 16376911
-27.898 4.882 2.996 6737151
-6.209 34.852 3.147 16739210
-6.821 32.780 2.507 16376911
-25.920 2.464 1.470 8191851
-27.524 5.049 3.720 3718648
-28.321 6.571 1.319 3003583
-8.057 30.629 1.202 16757844
-27.458 6.036 4.714 3718648
-27.309 4.619 2.666 3718648
-7.870 29.570 2.375 16757844
-8.347 29.879 1.945 16757844
-22.860 12.537 0.577 8191851
-8.267 30.155 2.661 16739210
-2.925 36.049 5.230 12616956
-8.375 29.933 2.370 16376911
-32.316 6.022 3.231 6737151
-28.575 6.825 1.048 3003583
-30.433 4.700 4.399 6737151
-25.972 13.759 2.220 3003583
-30.750 5.975 1.123 8191851
-7.319 29.064 2.016 16376911
-3.377 32.099 5.392 16739210
-8.235 28.830 2.343 16376911
-29.904 7.697 1.833 8191851
-25.427 12.662 2.478 3718648
-25.754 15.216 0.720 8191851
-26.829 15.560 1.283 8191851
-7.341 28.142 2.188 16376911
-25.921 13.672 2.529 3718648
-22.980 17.459 0.741 3003583
-6.849 28.707 1.831 16757844
-18.373 20.897 0.590 3003583
-23.059 17.800 0.773 3003583
-27.515 17.056 2.385 3003583
-26.865 15.716 3.962 6737151
-6.882 27.637 2.417 16757844
-7.432 27.904 2.378 16376911
-24.140 19.443 2.139 3003583
-6.598 27.583 2.132 16376911
-24.911 19.692 1.651 8191851
-7.086 27.240 2.160 16376911
-27.773 17.594 4.453 3718648
-28.212 18.575 2.860 6737151
-7.425 26.966 2.178 16376911
-6.923 27.463 1.626 16376911
-6.913 27.556 1.284 16757844
-28.795 19.482 2.904 6737151
-28.417 18.955 2.162 3003583
-19.124 22.156 0.636 3003583
-28.497 19.150 0.860 8191851
-36.528 16.492 1.984 3003583
-16.242 23.725 0.647 8191851
-28.708 19.383 3.001 6737151
-28.793 19.545 2.184 3003583
-28.815 19.684 2.602 6737151
-28.433 19.037 1.198 3003583
-24.372 19.877 2.079 8191851
-6.891 27.094 1.300 16757844
-6.454 27.434 2.643 16739210
-4.681 27.804 0.803 16757844
-2.385 27.885 4.917 16739210
-28.178 19.856 4.089 6737151
-6.862 26.842 2.579 16739210
-6.977 27.038 2.368 16376911
-6.758 26.217 2.492 12616956
-29.114 20.289 1.901 3003583
-29.411 21.128 3.491 3718648
-19.481 23.214 0.680 3003583
-28.937 19.897 1.991 8191851
-6.465 26.651 2.040 16757844
-29.082 20.051 3.240 3718648
-29.342 21.003 1.926 3003583
-6.505 26.791 2.480 16739210
-29.589 21.521 2.777 8191851
-26.502 23.110 1.917 3003583
-30.081 22.602 6.602 3718648
-29.831 22.064 3.641 3718648
-5.300 25.629 2.316 16757844
-26.490 23.742 1.279 8191851
-26.859 24.433 3.333 6737151
-1.790 26.573 4.133 12616956
-27.103 24.106 5.944 3718648
-27.714 24.454 6.088 3718648
-22.546 24.853 0.900 8191851
-26.544 24.046 1.570 3003583
-31.525 25.687 2.245 3003583
-30.363 23.228 3.808 6737151
-30.819 24.222 2.438 8191851
-1.151 25.179 5.031 16739210
-30.506 25.808 0.995 8191851
-5.977 25.530 2.787 12616956
-46.969 28.909 2.045 3003583
-25.208 25.641 1.079 3003583
-6.440 24.658 0.695 16376911
-28.140 26.410 1.525 3003583
-64.306 32.885 3.359 6737151
-5.324 24.274 1.327 16376911
-31.852 26.426 3.529 3718648
-4.623 24.455 2.010 16757844
-5.394 24.351 2.363 16376911
-32.221 27.205 2.149 8191851
-5.258 23.961 3.026 12616956
-45.500 33.705 2.346 3003583
-66.517 37.920 5.117 3718648
-44.297 31.265 1.941 8191851
-45.421 33.545 1.744 3003583
-63.129 43.970 5.772 6737151
-56.106 42.144 2.055 3003583
0.307 21.728 3.495 12616956
-46.309 35.580 2.568 8191851
-4.843 23.072 1.494 16757844
-35.601 35.509 1.405 8191851
8.004 17.697 4.762 16739210
-4.407 22.295 2.074 16757844
-22.358 29.528 0.889 8191851
-40.399 37.491 1.527 3003583
7.798 17.868 4.146 12616956
-66.464 44.094 6.954 6737151
-19.139 28.169 0.817 3003583
-56.429 49.329 4.412 6737151
-33.784 36.103 1.761 3003583
-66.585 49.497 4.027 8191851
-45.117 40.203 1.771 3003583
-30.997 34.300 1.326 3003583
-4.431 21.250 1.543 16376911
-24.854 31.538 1.053 3003583
-34.228 37.611 1.729 3003583
4.055 16.146 4.434 16739210
-54.637 50.366 6.977 3718648
-24.576 32.284 1.046 3003583
-37.904 43.431 2.257 3003583
-18.642 29.046 0.842 3003583
-3.097 19.738 2.812 16739210
-15.648 27.837 0.775 8191851
-58.909 52.603 6.768 6737151
-7.158 21.795 0.534 16376911
-56.973 55.167 6.431 3718648
-51.299 58.001 4.420 6737151
-50.422 51.636 7.538 6737151
-57.579 53.719 4.220 3718648
-54.717 59.463 7.428 3718648
-5.226 20.326 0.497 16757844
4.395 13.125 3.141 16739210
-51.455 58.801 3.535 6737151
-2.976 19.042 2.572 16739210
-23.495 34.337 1.021 3003583
5.757 8.373 0.573 16376911
6.195 9.287 3.906 16739210
-0.556 16.076 2.525 16739210
-54.757 61.239 8.505 6737151
-15.297 28.300 0.771 8191851
-44.421 50.441 5.737 6737151
-32.456 44.994 1.605 3003583
-5.578 19.694 0.470 16757844
-2.409 16.055 3.898 16739210
1.695 11.624 2.897 16739210
-3.429 16.606 0.365 16376911
-32.161 46.394 1.565 3003583
-7.447 20.501 0.334 16376911
-55.347 63.527 7.006 6737151
-31.723 46.957 1.552 3003583
-34.736 51.051 2.366 3003583
-27.008 40.850 1.272 3003583
0.175 13.555 2.644 16739210
-1.883 13.279 3.427 16739210
-30.707 48.291 1.517 3003583
-42.448 60.257 2.556 8191851
-45.203 72.923 4.474 6737151
-39.421 58.015 7.026 6737151
-45.761 66.371 6.244 3718648
-18.296 33.801 0.963 8191851
-41.147 65.924 2.188 3003583
-25.118 46.420 1.344 8191851
-49.117 81.739 3.570 6737151
-45.466 67.705 5.340 3718648
-27.268 49.539 1.491 3003583
-32.112 61.966 1.908 3003583
-42.378 69.186 5.249 3718648
-29.182 54.113 1.677 3003583
-43.897 74.651 2.749 8191851
-19.699 40.515 1.129 8191851
-27.822 54.047 1.673 3003583
-16.623 34.813 0.925 8191851
-27.522 63.345 1.798 3003583
4.584 -6.321 -0.514 16757844
-15.394 31.909 0.852 3003583
-32.348 80.654 4.141 6737151
-9.561 19.310 0.421 16376911
-15.838 35.172 0.900 8191851
-8.361 16.685 0.344 16757844
-31.109 71.704 2.213 8191851
-29.571 76.805 6.836 3718648
-21.854 60.579 2.608 3003583
-26.472 70.735 2.948 6737151
-27.988 69.193 2.183 8191851
-25.642 58.595 1.689 8191851
-17.016 46.170 1.327 8191851
-16.272 40.344 1.166 8191851
-9.179 16.409 0.373 16757844
-21.115 60.650 3.645 6737151
-27.343 76.604 7.641 6737151
-25.339 64.836 2.439 8191851
-18.916 51.790 1.634 3003583
-9.922 16.249 0.407 16757844
-21.493 60.549 4.081 3718648
-19.802 83.313 4.047 6737151
-11.451 18.883 0.492 16376911
-12.749 47.819 2.926 6737151
-13.060 32.610 0.790 3003583
-14.618 49.829 2.171 8191851
-14.419 49.883 2.735 8191851
-12.527 34.742 0.982 8191851
-18.115 84.561 4.697 3718648
-13.213 47.846 2.684 8191851
-12.011 45.643 2.042 3003583
-11.904 45.514 1.455 3003583
-10.500 45.508 3.272 6737151
-11.821 12.401 1.043 16757844
-14.014 1.423 1.206 16376911
-10.942 46.301 4.787 3718648
-10.670 45.693 3.878 3718648
-12.854 -14.492 0.741 16757844
-12.383 46.159 2.767 3718648
-14.904 -10.309 0.797 16757844
-12.765 18.712 0.492 16376911
-10.823 34.401 1.918 8191851
-10.860 46.146 5.626 6737151
-10.036 44.308 2.876 6737151
-10.576 34.438 2.222 3003583
-10.638 44.115 2.569 8191851
-11.315 47.026 3.234 3718648
-10.314 44.931 4.156 6737151
-10.337 43.187 1.723 3003583
-11.057 44.011 2.262 8191851
-14.654 13.020 3.054 12616956
-10.531 34.455 2.700 6737151
-13.651 13.551 1.233 16757844
-10.315 44.874 3.126 3718648
-10.118 44.275 3.099 3718648
-17.755 -11.657 2.807 16376911
-6.281 45.681 3.116 6737151
-8.440 44.316 5.292 6737151
-11.280 29.332 0.812 8191851
-10.363 34.504 2.103 3003583
-17.192 -11.430 3.865 16739210
-20.548 -2.455 3.939 12616956
-14.330 15.269 0.378 16757844
-18.186 -11.885 3.927 16739210
-10.670 31.716 0.896 3003583
-10.254 34.896 2.137 8191851
-16.535 7.848 0.694 16757844
-9.903 32.475 2.290 3003583
-10.531 31.644 0.898 3003583
-20.228 -4.687 3.635 16739210
-6.237 45.622 3.356 3718648
-9.200 35.511 2.239 8191851
-24.025 -2.534 2.739 16757844
-17.516 9.009 1.544 16757844
-23.408 -3.790 2.150 16757844
-9.239 35.430 2.061 8191851
-17.854 8.757 1.536 16757844
-9.184 32.602 1.108 8191851
-2.300 47.218 3.723 3718648
-9.347 31.789 1.256 8191851
-9.822 32.244 2.208 8191851
-24.239 -1.478 3.622 12616956
-6.901 35.806 4.757 3718648
-24.433 -1.973 1.713 16757844
-15.555 19.086 0.490 16376911
-25.370 0.113 1.665 16757844
-8.607 32.102 2.220 3003583
-8.717 31.653 2.402 6737151
-26.152 -7.550 5.512 12616956
-6.087 35.871 4.803 3718648
-2.929 41.110 1.135 3003583
-8.762 31.835 1.838 3003583
-7.713 32.673 2.347 6737151
-24.988 2.649 3.759 16739210
-8.843 31.214 1.888 3003583
-20.770 12.355 0.538 16376911
-28.365 0.691 2.468 16757844
-24.067 5.205 4.337 16739210
-29.360 -0.316 5.828 16739210
-23.999 6.914 0.655 16757844
-25.249 5.030 2.598 16376911
-27.446 6.120 4.159 12616956
-5.960 34.477 3.907 6737151
-6.923 32.382 2.302 6737151
-27.586 5.073 1.956 16757844
-0.615 41.690 4.981 6737151
-30.570 2.009 5.812 16739210
-27.872 5.964 1.126 16376911
-8.325 30.168 2.060 3003583
-22.545 13.048 0.567 16376911
-7.938 31.602 2.617 3718648
-3.017 35.986 3.625 3718648
-8.068 29.783 2.464 6737151
-9.673 28.388 0.779 8191851
-26.207 6.633 3.910 16739210
-27.550 5.049 3.447 16739210
-8.342 29.965 2.685 3718648
-3.010 34.816 4.838 3718648
-31.339 3.941 3.514 16376911
-24.069 13.777 0.588 16376911
-31.071 4.400 4.329 16739210
-9.416 28.109 0.770 8191851
-8.001 29.631 1.894 3003583
-7.916 29.940 2.566 3718648
-7.462 29.296 2.987 3718648
-7.930 29.160 2.381 8191851
-26.468 14.877 4.693 16739210
0.881 34.587 5.188 3718648
-7.531 28.851 1.757 8191851
-20.888 19.028 0.672 16757844
-18.578 21.439 0.595 16376911
-26.673 15.285 2.062 16757844
-27.381 16.809 2.853 16757844
-27.364 16.813 4.747 16739210
-18.939 21.946 0.610 16376911
-7.024 28.313 1.273 8191851
-27.389 16.855 3.366 16376911
-7.702 28.362 2.141 8191851
-27.572 17.207 2.973 16376911
-28.437 19.035 2.853 16757844
-28.544 19.086 2.448 16376911
-7.387 28.032 0.932 3003583
-24.056 19.811 2.262 16757844
-6.348 28.629 2.164 8191851
-27.728 17.532 3.091 16376911
-7.076 27.437 1.331 8191851
-6.335 27.464 2.907 3718648
-19.585 23.426 0.673 16376911
-29.372 21.058 3.045 16757844
-32.974 19.192 2.761 16757844
-28.890 19.813 2.787 16376911
-7.047 26.718 2.505 3718648
-6.472 26.743 2.356 6737151
-6.902 26.897 0.859 3003583
-29.589 21.550 4.527 16739210
-6.467 26.562 1.205 8191851
-29.691 21.805 5.365 12616956
-29.758 21.897 4.551 16739210
-6.448 26.096 2.440 6737151
-30.706 23.961 4.367 12616956
-30.348 23.217 6.003 16739210
-30.101 22.602 2.799 16757844
-30.117 22.636 4.070 16739210
-27.305 23.954 5.413 16739210
-30.679 23.845 2.093 16376911
-26.140 25.167 3.918 12616956
-8.560 25.923 0.693 8191851
-6.401 26.291 1.453 3003583
-26.887 24.655 4.630 16739210
-5.197 25.977 2.607 3718648
-30.330 23.113 4.205 16739210
-27.725 25.832 3.737 12616956
-6.515 26.288 2.008 8191851
-30.376 25.437 0.983 16376911
-28.074 25.595 4.224 16739210
-27.076 25.445 4.283 16739210
-64.685 30.880 3.186 16376911
-31.996 26.780 6.402 16739210
-64.546 31.591 3.201 16376911
-1.071 25.001 3.502 6737151
-5.916 24.984 1.504 8191851
-32.024 26.754 2.494 16757844
-27.326 25.809 4.500 12616956
-32.108 26.924 4.353 16739210
-32.155 27.074 3.430 16376911
-65.387 32.193 7.287 12616956
-26.931 26.118 4.457 12616956
-64.945 31.944 7.549 16739210
-45.578 30.540 2.572 16757844
-61.612 38.741 6.888 12616956
-64.547 41.829 4.680 16757844
-5.130 23.539 2.863 3718648
-60.252 37.559 6.158 16376911
-4.184 23.021 1.754 3003583
-65.171 43.689 3.770 16757844
-47.653 38.184 2.042 16376911
-60.762 43.351 7.300 12616956
-62.342 38.868 5.435 16376911
-55.217 41.888 1.954 16376911
-61.783 48.123 4.734 16757844
-40.013 35.316 1.452 16757844
-4.885 22.151 1.729 3003583
-65.419 50.799 6.294 16757844
8.017 17.979 4.245 6737151
-5.228 22.611 0.673 8191851
-28.330 32.687 1.167 16376911
-60.323 46.863 3.736 16757844
-5.148 22.753 1.020 3003583
-52.937 48.047 6.589 12616956
-22.769 30.387 0.947 16757844
-59.265 47.423 2.821 16757844
-5.250 21.825 0.584 8191851
-34.034 37.579 2.220 16376911
-56.036 47.140 6.213 16376911
-18.857 29.424 0.847 16376911
-3.857 19.967 1.755 3003583
-57.120 49.894 5.203 16376911
-37.711 39.815 2.682 16757844
-58.418 59.155 3.540 16376911
-51.807 52.325 8.101 16739210
-53.387 48.448 7.463 16739210
-2.948 18.238 1.613 3003583
-5.566 20.739 0.500 8191851
-3.202 18.822 0.589 8191851
-53.908 56.853 6.170 12616956
-5.679 20.531 0.491 8191851
-37.606 43.435 2.698 16757844
-56.728 64.235 4.919 16757844
-3.571 19.253 1.318 3003583
6.144 8.807 0.554 3003583
-47.962 54.981 7.907 16739210
4.118 11.599 0.441 3003583
-51.664 52.975 5.324 16376911
-49.051 54.548 4.973 16376911
-17.853 30.609 0.883 16376911
-56.139 64.502 3.881 16757844
-54.834 63.731 6.502 12616956
6.730 8.077 1.846 3718648
-46.326 60.066 5.581 16757844
3.161 11.059 0.484 3003583
-45.316 51.049 4.945 16376911
-1.218 15.845 3.729 6737151
-43.420 51.102 5.790 16739210
-43.472 57.319 5.582 12616956
12.502 2.090 3.008 6737151
-41.775 59.839 7.444 12616956
-40.824 56.203 1.987 16376911
1.150 9.250 1.395 6737151
-45.951 67.676 4.603 16757844
-31.344 45.402 1.527 16757844
-1.613 11.716 0.155 8191851
-2.459 14.958 0.342 3003583
0.964 9.546 0.554 3003583
-0.092 11.866 1.327 8191851
-45.465 62.914 5.062 16376911
-30.562 46.814 1.491 16757844
-22.815 39.425 1.155 16376911
-0.889 9.878 0.132 3003583
-44.882 77.519 3.346 16376911
-5.682 16.819 0.352 3003583
-21.884 39.740 1.161 16376911
-3.357 8.556 -0.020 8191851
-43.157 72.197 2.648 16757844
-42.948 68.272 5.418 16376911
-42.315 74.560 2.612 16757844
-40.911 74.482 2.586 16757844
-6.725 15.556 0.279 3003583
-4.944 7.951 0.040 8191851
1.455 -4.165 -0.440 3003583
-24.469 48.769 1.449 16757844
-8.675 17.266 0.354 8191851
-28.265 62.148 1.753 16376911
-23.640 49.106 1.430 16757844
-24.067 58.920 6.065 12616956
1.167 -5.808 -0.341 8191851
-3.595 -2.954 -0.231 3003583
-9.329 17.054 0.380 8191851
-26.640 74.637 6.394 12616956
-24.049 60.382 1.723 16376911
-17.410 41.602 1.072 16376911
-20.915 60.475 3.514 16757844
-4.665 2.398 -0.027 3003583
-14.392 32.845 0.817 16376911
-8.294 5.878 0.025 8191851
-3.621 -9.325 -0.535 3003583
-24.310 58.814 5.040 16739210
-9.314 11.635 0.259 8191851
-9.848 14.476 0.387 3003583
-25.220 81.065 7.400 16739210
-5.597 -1.343 -0.153 8191851
-13.801 35.012 2.565 16757844
-13.731 34.957 2.989 12616956
-6.891 2.133 0.222 8191851
-14.508 37.425 2.392 16757844
-14.353 35.005 3.674 12616956
-14.563 37.291 3.955 12616956
-14.472 37.411 3.277 16739210
-11.570 11.460 1.450 3003583
-12.673 50.108 4.679 12616956
-13.501 48.896 1.786 16376911
-12.636 32.498 0.914 16376911
-14.177 50.723 2.186 16757844
-11.589 47.777 4.425 12616956
-13.067 13.813 1.192 8191851
-13.488 45.593 1.432 16757844
-12.955 -14.196 2.325 3718648
-13.247 48.863 2.179 16757844
-11.830 48.120 6.511 16739210
-10.874 46.185 4.257 12616956
-14.094 -11.727 2.389 3718648
-10.641 45.661 3.737 12616956
-13.117 13.928 0.797 8191851
-14.986 -10.445 4.772 3718648
-13.592 -12.685 1.686 3718648
-12.285 12.595 1.723 8191851
-18.361 -11.971 0.551 3003583
-11.265 47.004 3.110 16376911
-12.141 48.883 4.410 16739210
-13.438 13.287 0.346 3003583
-10.140 44.530 4.903 16739210
-11.121 43.965 2.588 16757844
-10.710 45.763 3.049 16376911
-10.141 42.546 1.852 16376911
-11.418 47.335 3.752 16739210
-18.569 -12.229 1.670 6737151
-10.699 34.353 2.389 16376911
-14.193 15.975 0.391 8191851
-16.527 8.056 0.603 8191851
-17.178 -11.449 4.055 6737151
-8.135 43.795 3.959 12616956
-11.223 34.899 1.032 16757844
-9.019 39.699 2.628 16757844
-14.550 13.653 0.433 3003583
-15.644 0.123 0.415 8191851
-11.140 32.182 0.904 16376911
-19.891 -12.818 1.932 3718648
-6.849 45.047 4.039 12616956
-10.326 34.558 2.836 12616956
-16.671 -0.518 0.390 8191851
-16.421 8.424 1.486 8191851
-7.420 41.318 2.594 16757844
-10.571 34.424 1.060 16757844
-10.656 31.997 0.898 16376911
-9.254 35.835 2.378 16757844
-5.674 45.851 3.226 12616956
-9.733 32.116 2.816 12616956
-7.162 41.554 1.343 16757844
-7.770 41.603 2.520 16376911
-9.721 32.120 2.387 16757844
-4.284 46.253 5.477 12616956
-9.819 32.261 2.629 16376911
-22.452 -0.814 1.474 6737151
-24.733 -1.135 2.823 6737151
-24.085 -2.421 0.670 3003583
-15.340 24.960 0.703 8191851
-24.760 -1.149 1.521 6737151
-22.670 6.804 0.605 3003583
-23.053 3.090 4.080 6737151
-20.301 11.757 0.595 3003583
-23.092 2.214 0.651 8191851
-21.040 14.087 0.550 8191851
-23.783 2.344 0.672 8191851
-10.891 34.554 2.435 16376911
-27.483 4.996 1.723 3003583
-21.775 11.938 0.609 3003583
-26.210 5.733 3.727 3718648
-29.564 0.067 5.339 3718648
-26.592 3.090 3.282 3718648
-10.355 36.248 2.498 16757844
-27.261 8.229 2.461 6737151
-10.961 34.734 2.967 16739210
-23.407 12.389 0.639 3003583
-26.783 6.356 4.207 6737151
-19.756 20.152 0.620 8191851
-28.170 4.777 3.361 3718648
-30.749 3.573 3.307 3718648
-17.861 22.620 0.627 3003583
-25.803 13.398 0.979 8191851
-29.090 5.285 4.391 6737151
-4.433 42.277 2.560 16757844
-5.627 41.773 2.681 16376911
-26.169 14.216 1.722 3003583
1.004 47.361 3.444 12616956
-20.390 20.610 0.653 8191851
-24.551 13.782 0.772 3003583
-29.529 4.082 3.596 6737151
-25.491 12.727 2.319 8191851
-25.501 12.843 2.786 3718648
-1.536 44.733 1.343 16376911
-10.182 33.764 0.949 16376911
-4.675 41.443 5.653 12616956
0.523 48.449 5.606 12616956
-30.352 5.264 0.945 8191851
6.822 51.655 4.334 12616956
-25.893 13.582 2.362 8191851
-1.314 43.987 2.485 16757844
-4.762 42.122 2.382 16376911
-26.168 14.224 3.288 3718648
-3.781 41.449 1.206 16757844
-0.739 42.055 2.745 16757844
-0.894 41.817 2.315 16757844
-2.205 41.569 1.461 16376911
-7.940 35.137 3.858 16739210
-26.543 15.014 5.190 6737151
0.710 47.065 3.294 16739210
-9.498 32.977 2.360 16376911
-17.172 26.038 0.729 8191851
-23.734 19.008 1.877 3003583
-21.951 21.855 0.707 8191851
-25.209 19.901 1.577 8191851
-26.610 15.235 3.424 6737151
-2.465 40.505 1.121 16757844
-0.489 42.230 2.965 16376911
-25.214 20.285 1.607 8191851
-17.339 26.246 0.743 8191851
-9.895 32.415 1.886 16376911
-22.341 22.367 0.738 8191851
-28.309 18.757 1.369 8191851
-9.857 32.325 1.121 16376911
-24.334 21.560 1.306 8191851
-28.758 19.414 3.255 6737151
-24.533 19.825 2.004 8191851
-28.011 18.107 2.578 8191851
-28.798 18.910 6.331 3718648
-28.731 19.449 1.609 3003583
-7.338 33.356 2.647 12616956
-28.110 18.364 2.278 8191851
-28.962 20.128 0.849 8191851
-24.813 22.127 0.962 3003583
-29.047 20.140 1.187 3003583
-29.338 20.976 4.527 3718648
-22.936 24.505 0.938 8191851
-29.838 22.044 2.133 3003583
-26.492 22.952 1.270 8191851
-5.237 34.502 3.011 16739210
-5.064 33.829 2.920 16739210
-4.358 33.502 2.112 16757844
-8.538 31.202 2.830 12616956
0.223 35.259 3.895 16739210
-8.598 31.381 2.735 12616956
-20.743 25.936 0.816 3003583
-23.554 25.602 0.960 8191851
-26.965 24.339 3.009 6737151
-28.003 24.818 2.283 3003583
-30.051 22.567 3.163 3718648
0.607 34.249 4.590 16739210
-30.977 24.506 1.596 8191851
-18.211 27.816 0.800 8191851
0.560 34.483 4.169 12616956
-30.499 23.450 1.320 3003583
-7.963 30.878 2.866 16739210
-8.774 30.646 1.786 16376911
-7.715 30.576 2.526 16757844
-2.984 32.591 4.580 12616956
-7.982 30.609 2.424 16757844
-5.613 31.494 2.611 16376911
-7.810 30.460 2.708 12616956
-26.383 25.291 2.862 3718648
-31.146 24.873 1.349 3003583
-27.032 25.895 4.788 6737151
-7.874 30.899 2.352 16376911
-28.806 27.523 1.834 8191851
-27.988 25.704 3.240 3718648
-31.223 25.035 2.123 8191851
-18.377 28.589 0.826 8191851
-8.476 29.634 0.927 16376911
-40.327 29.078 1.221 8191851
-31.899 26.523 3.000 3718648
-46.579 29.398 2.012 3003583
-7.511 29.696 2.575 16376911
-32.115 26.990 2.163 8191851
-3.047 29.304 3.908 16739210
-2.984 29.203 3.392 16739210
-7.405 28.784 2.782 12616956
-3.152 29.525 4.376 12616956
-27.694 29.066 1.092 3003583
-39.961 31.807 1.290 8191851
-6.787 28.783 3.112 16739210
-24.751 29.911 0.982 8191851
-18.393 29.596 0.855 8191851
-44.954 32.658 2.290 3003583
-7.422 29.013 2.596 16739210
-2.576 28.279 3.626 12616956
-2.261 27.553 3.978 16739210
-67.301 37.757 4.530 6737151
-44.424 31.529 2.636 8191851
-47.107 37.064 2.908 3003583
-18.310 30.057 0.872 8191851
-49.244 34.758 1.631 3003583
-6.986 27.348 2.777 12616956
-65.772 36.017 6.276 6737151
-57.221 41.759 2.994 3003583
-34.239 33.101 1.329 3003583
-46.477 36.082 2.506 8191851
-7.201 27.829 1.060 16757844
-30.563 33.734 1.244 8191851
-6.935 28.035 2.993 12616956
-7.269 27.735 2.052 16757844
-33.855 33.898 1.354 3003583
-47.009 37.162 2.514 8191851
-24.378 32.305 1.013 8191851
-56.267 42.259 2.225 3003583
-60.175 44.132 6.710 3718648
-21.296 31.214 0.931 3003583
-47.571 36.928 1.904 8191851
-26.918 33.367 1.182 3003583
-52.701 46.417 3.025 3003583
-64.219 48.985 4.665 6737151
-49.770 39.977 1.865 8191851
-63.198 47.199 6.125 3718648
-63.216 54.366 4.416 6737151
-62.856 48.652 7.996 6737151
-32.484 37.008 1.411 3003583
-57.297 50.259 5.599 3718648
-59.041 48.946 4.791 3718648
0.257 22.067 3.643 16739210
-23.648 34.475 1.006 8191851
-54.024 49.292 4.616 3718648
-52.214 51.191 6.395 3718648
-20.644 32.652 0.969 3003583
-8.780 26.211 0.716 16376911
6.539 17.276 4.145 16739210
-31.668 38.959 1.412 3003583
-23.200 35.008 1.027 8191851
-35.046 42.617 1.749 3003583
-40.119 44.474 1.894 3003583
-50.829 57.640 4.140 6737151
-37.021 43.772 2.611 8191851
3.355 16.917 3.187 16739210
-31.933 44.068 1.532 8191851
-20.081 33.398 0.996 3003583
4.909 16.502 3.493 16739210
-17.431 31.876 0.927 8191851
-45.561 56.747 4.960 6737151
-51.672 54.686 4.914 3718648
-41.517 54.596 2.102 3003583
-44.354 50.390 5.369 6737151
-3.488 19.463 2.258 16757844
-34.393 43.861 2.180 8191851
4.329 13.246 3.283 16739210
-44.214 54.647 2.540 8191851
-35.038 47.135 3.880 3718648
0.745 15.746 3.919 16739210
-3.563 19.584 2.676 12616956
-47.059 55.462 4.744 3718648
-41.189 53.299 6.362 6737151
-43.197 58.012 3.221 6737151
-43.076 58.353 2.262 3003583
-43.171 58.791 3.221 6737151
3.795 14.392 3.789 12616956
5.647 10.460 2.896 16739210
-23.639 38.836 1.184 3003583
-38.819 51.921 1.971 8191851
-1.437 16.590 0.401 16757844
-1.106 16.167 4.179 12616956
-43.459 60.486 3.479 8191851
-43.909 61.411 7.080 6737151
-20.443 37.240 1.100 8191851
-31.252 51.125 1.562 3003583
-42.551 67.692 4.323 6737151
-42.610 68.478 6.603 3718648
-29.292 51.338 1.577 3003583
-48.464 86.069 4.443 6737151
-41.292 62.732 2.690 8191851
-43.422 70.164 7.630 6737151
-27.868 51.515 1.581 3003583
-34.583 56.688 1.880 8191851
-24.425 49.537 1.426 8191851
-38.875 68.985 2.315 8191851
-39.405 81.772 2.758 3003583
-40.457 73.913 2.549 8191851
-9.460 20.634 0.447 16757844
-36.835 84.244 3.022 6737151
-9.842 20.480 0.462 16757844
-17.782 38.723 1.054 8191851
-5.750 9.814 0.133 16757844
-25.040 56.838 1.658 3003583
-19.177 44.617 1.200 8191851
-30.925 74.789 7.165 6737151
-33.553 75.987 2.394 8191851
-20.412 60.638 4.014 6737151
-30.157 74.835 2.339 8191851
-17.549 48.559 1.453 8191851
-25.414 81.044 6.429 3718648
-11.470 19.974 0.525 16757844
-19.297 63.341 3.258 6737151
-22.104 84.822 4.881 6737151
-22.968 59.759 2.424 8191851
-15.583 38.546 1.126 8191851
-20.328 60.555 3.636 3718648
-20.226 61.197 3.647 3718648
-14.788 37.336 2.182 8191851
-22.765 80.402 5.363 3718648
-16.786 45.504 1.418 3003583
-15.300 38.529 3.515 6737151
-17.548 49.427 1.988 8191851
-14.605 37.354 2.877 6737151
-15.376 40.795 1.240 3003583
-14.458 37.341 4.383 3718648
-13.141 13.857 0.318 16376911
-13.303 13.778 0.313 16376911
-14.585 37.318 3.386 6737151
-17.624 64.034 3.004 3718648
-13.233 13.891 0.967 16757844
-13.269 13.040 1.552 16757844
-14.127 -11.654 4.561 16739210
-14.267 40.643 1.232 3003583
-14.012 68.363 4.483 3718648
-14.975 49.960 2.850 3718648
-18.524 -12.098 2.576 16757844
-14.633 22.463 0.610 16376911
-15.082 -10.434 5.010 16739210
-17.625 -11.633 3.742 12616956
-20.360 -12.784 0.657 16376911
-11.991 46.041 2.918 6737151
-21.900 -13.726 2.700 16757844
-17.707 -11.638 1.109 16757844
-13.508 33.540 0.856 8191851
-15.229 22.449 0.607 16376911
-12.718 39.721 1.286 3003583
-11.562 46.103 1.819 3003583
-17.114 14.016 0.452 16376911
-11.198 46.828 3.416 3718648
-10.511 45.389 4.288 3718648
-11.931 45.485 2.717 3718648
-20.903 -1.580 4.391 16739210
-22.187 -6.335 2.966 12616956
-17.859 13.973 0.454 16376911
-9.524 43.850 3.053 6737151
-11.652 39.278 1.275 3003583
-9.412 41.690 1.598 8191851
-10.271 43.006 2.557 8191851
-24.333 -2.158 1.512 16757844
-11.244 39.192 1.255 3003583
-9.611 40.317 2.116 3003583
-25.658 0.960 2.226 16757844
-22.579 2.044 3.817 16739210
-9.177 44.002 2.867 3718648
-23.556 4.158 4.284 16739210
-21.228 7.959 0.549 16757844
-9.976 38.337 1.856 8191851
-8.008 42.130 2.619 6737151
-10.030 37.864 2.219 3003583
-12.641 33.017 0.948 8191851
-8.371 43.719 3.730 6737151
-22.348 8.130 0.577 16757844
-10.988 35.399 2.118 8191851
-7.645 44.765 2.827 3718648
-5.777 45.907 3.535 3718648
-25.539 5.861 3.121 12616956
-6.997 45.024 3.208 3718648
-9.831 38.799 2.298 8191851
-9.773 38.792 2.536 8191851
-27.368 -4.689 5.761 12616956
-27.291 1.221 2.652 16376911
-27.367 4.719 0.917 16376911
-28.791 5.492 4.423 12616956
-19.014 19.758 0.600 16757844
-10.829 34.452 2.371 3003583
-7.534 41.704 2.756 3718648
-27.169 4.267 2.699 16376911
-10.781 34.327 2.509 3003583
-10.934 34.648 1.507 8191851
-30.567 2.002 6.059 16739210
-22.809 15.953 0.664 16376911
-29.218 6.539 1.062 16376911
-19.759 20.142 0.631 16757844
-29.393 4.224 2.788 16376911
-2.775 46.922 5.251 6737151
-25.742 13.306 3.612 12616956
-10.935 34.673 2.622 3718648
-10.032 34.699 1.848 8191851
-29.500 5.122 4.318 16739210
-10.425 34.458 1.736 3003583
-26.234 14.367 4.815 16739210
-25.923 13.655 1.895 16757844
-3.435 40.707 1.132 8191851
-4.103 41.871 4.592 6737151
-20.969 20.885 0.678 16757844
-9.796 34.837 1.615 3003583
2.182 45.487 1.146 3003583
-26.821 15.629 4.803 16739210
-19.376 24.081 0.680 16376911
-0.542 41.913 2.288 6737151
-27.009 16.011 4.803 16739210
-8.200 35.203 4.143 3718648
-0.960 42.134 2.416 6737151
-7.219 36.660 1.080 3003583
-2.150 39.561 1.045 8191851
2.691 44.674 3.367 3718648
-2.072 39.207 1.050 8191851
-9.546 33.160 2.301 3003583
-2.610 41.568 2.279 3718648
-5.227 37.178 1.069 8191851
-27.685 17.491 4.805 16739210
-9.514 32.996 2.437 3003583
-1.067 42.503 2.641 3718648
-7.755 34.629 0.963 8191851
-28.279 19.224 4.034 12616956
-11.193 31.834 0.904 8191851
-9.405 33.061 2.152 3003583
7.281 47.048 1.031 8191851
-27.544 17.136 3.476 16739210
3.397 44.408 2.007 3718648
-6.300 35.568 1.028 3003583
-29.005 20.035 2.854 16757844
-28.704 20.335 4.056 12616956
-28.372 19.778 0.814 16376911
-27.993 18.112 2.667 16376911
-28.844 19.684 3.767 12616956
-9.132 32.360 2.070 8191851
-20.463 25.604 0.786 16376911
-22.805 23.815 0.929 16757844
-29.366 21.128 5.708 16739210
-29.753 21.854 3.836 12616956
-29.828 22.063 4.250 16739210
-4.625 33.785 2.903 3718648
-6.722 32.743 2.672 3718648
-30.008 22.408 3.859 12616956
-9.112 32.026 1.012 3003583
-29.669 21.756 5.236 12616956
-5.685 32.937 1.327 8191851
-27.298 24.270 1.256 16376911
-27.827 24.901 2.938 16757844
0.402 34.827 3.576 3718648
-27.136 25.318 3.245 16757844
-8.741 31.203 2.039 8191851
0.811 35.198 4.269 6737151
-8.719 31.209 1.841 8191851
-21.410 27.648 0.858 16376911
-4.633 31.979 1.176 8191851
-26.801 24.966 3.457 16739210
-5.296 31.619 2.401 6737151
-7.512 31.289 2.206 8191851
-27.402 26.046 3.432 16376911
-8.195 30.675 3.038 3718648
-4.611 31.691 3.001 6737151
-24.686 27.302 1.012 16757844
-2.711 31.192 3.294 3718648
-31.791 26.257 4.141 16739210
-28.834 27.783 1.320 16376911
-28.055 26.484 4.398 12616956
-31.679 26.027 3.400 16376911
-8.059 30.364 1.857 3003583
-32.167 27.165 5.555 12616956
-33.043 28.319 0.982 16376911
-29.011 28.120 1.926 16757844
-47.391 28.672 1.901 16376911
-7.356 29.223 2.757 3718648
-44.706 30.645 2.535 16757844
-7.962 28.846 1.974 3003583
-7.881 28.788 2.450 6737151
-25.103 30.418 1.067 16757844
-64.195 33.741 3.695 16757844
-64.095 38.942 5.570 16757844
-46.897 36.500 3.018 16376911
-5.782 27.199 1.861 3003583
-61.284 40.376 6.868 12616956
-10.590 28.742 0.801 8191851
-25.107 31.770 1.067 16757844
-21.535 31.540 0.936 16376911
-48.008 38.453 3.263 16757844
-65.516 38.553 6.553 16739210
-1.330 25.642 4.626 3718648
-5.682 27.819 2.026 8191851
-64.092 43.778 7.519 16739210
-63.003 44.038 7.431 16739210
-66.717 42.708 5.497 16376911
-36.798 37.817 2.250 16376911
-63.723 48.335 6.114 12616956
-53.235 47.561 6.227 12616956
-6.521 26.348 1.694 3003583
-50.665 49.048 3.210 16376911
-36.160 39.110 1.707 16757844
-47.415 47.484 2.066 16376911
-63.914 50.949 8.108 16739210
-53.906 53.340 6.787 12616956
-28.501 38.394 1.307 16376911
-5.932 24.882 1.287 3003583
-51.776 50.680 2.738 16757844
-63.865 55.390 8.313 16739210
-57.286 55.092 5.084 16376911
-5.751 23.995 1.825 8191851
-7.408 24.535 0.641 8191851
-5.952 23.797 0.706 3003583
-34.620 43.747 2.690 16757844
-52.899 53.970 5.137 16376911
-51.908 59.125 6.917 12616956
-41.888 52.534 2.080 16376911
-27.624 40.988 1.238 16376911
-3.833 20.455 2.400 3718648
-35.663 46.868 4.607 16376911
-41.536 54.066 2.058 16376911
-4.027 21.001 0.716 3003583
-48.889 64.623 6.704 12616956
5.139 8.718 0.568 3003583
-6.313 22.405 0.593 3003583
-43.985 57.150 5.525 16376911
1.986 14.065 4.564 6737151
-2.716 15.939 0.328 8191851
-46.377 63.451 6.751 12616956
-2.967 18.219 2.075 3718648
-3.840 20.002 1.227 8191851
-41.080 62.714 3.123 16376911
-38.532 57.356 2.009 16376911
-48.878 65.938 6.185 16376911
-43.567 57.795 6.717 16739210
-8.297 22.385 0.448 8191851
-2.566 17.741 1.757 3718648
-39.467 60.600 6.115 12616956
-45.058 71.913 5.628 16757844
-42.526 69.299 5.412 16757844
-31.000 49.174 1.595 16757844
1.135 5.972 0.002 3003583
-7.301 20.864 0.520 3003583
-47.258 66.575 7.569 16739210
-6.312 18.262 0.408 8191851
-23.712 42.838 1.298 16376911
0.828 4.969 -0.048 3003583
-20.712 38.098 1.146 16757844
-42.264 67.257 4.779 16376911
-44.969 67.446 5.179 16376911
-5.274 16.786 0.418 3003583
-46.842 70.907 5.371 16376911
-45.055 73.470 5.061 16376911
-4.680 11.665 0.076 8191851
-1.444 9.524 0.147 3003583
-0.755 8.263 4.888 6737151
0.092 8.608 0.107 8191851
-9.801 21.284 0.456 8191851
-3.962 9.476 0.056 3003583
-17.613 36.064 1.007 16376911
-39.446 90.209 3.006 16376911
-36.604 89.737 4.423 16757844
-34.746 72.857 2.409 16757844
-20.265 44.463 1.239 16376911
-1.673 -4.538 -0.385 3003583
-11.245 20.734 0.508 8191851
-26.576 70.780 5.746 12616956
-5.151 5.495 0.059 3003583
-3.564 3.786 -0.024 8191851
-10.176 15.555 0.387 8191851
-12.191 23.345 0.604 3003583
-21.767 60.554 3.408 16757844
-21.549 60.586 2.664 16376911
-20.720 61.984 4.924 12616956
-17.771 43.700 1.316 16376911
-10.409 6.365 1.266 3003583
-26.680 83.923 6.886 12616956
-20.071 50.574 1.551 16757844
-29.191 76.456 5.938 16739210
-22.728 63.584 4.710 16376911
-12.926 20.225 0.534 8191851
-22.540 61.787 4.033 16376911
-19.774 85.299 5.042 16757844
-13.389 20.055 0.524 8191851
-15.259 38.442 3.793 16739210
-20.761 61.092 3.195 16376911
-19.152 62.488 3.729 16376911
-13.739 22.992 0.637 3003583
-20.181 85.629 5.724 16376911
-19.159 84.757 4.353 16376911
-18.788 85.132 5.643 16376911
-21.070 84.155 7.286 16739210
-18.221 85.149 4.328 16376911
-14.369 37.527 4.967 16739210
-19.564 82.359 7.075 16739210
-14.676 37.320 2.854 16376911
-13.112 50.972 3.918 12616956
-14.155 36.298 1.052 16376911
-13.525 48.715 2.581 16757844
-13.699 2.120 0.347 8191851
-14.304 39.077 1.161 16757844
-15.275 4.442 0.455 3003583
-12.868 50.409 3.995 12616956
-14.993 16.757 0.441 3003583
-17.260 10.411 0.599 8191851
-19.126 -12.371 3.755 3718648
-14.913 25.762 0.729 8191851
-19.675 -12.736 1.786 6737151
-13.232 47.966 2.676 16757844
-13.842 49.089 2.816 16376911
-13.556 51.853 3.862 16739210
-11.158 46.752 3.188 16757844
-20.843 0.012 0.569 3003583
-16.217 19.620 0.505 8191851
-13.516 35.174 1.289 16376911
-21.429 -3.173 2.897 3718648
-17.450 12.565 0.593 3003583
-10.772 45.870 5.408 16739210
-11.203 46.848 6.352 12616956
-17.629 8.385 1.014 8191851
-17.223 17.091 0.535 3003583
-11.417 41.334 1.328 16376911
-10.125 44.473 5.164 16739210
-12.665 35.850 1.049 16376911
-10.402 45.142 4.831 12616956
-20.759 2.283 0.577 8191851
-9.820 43.871 3.459 12616956
-10.218 44.706 3.613 16739210
-23.164 -3.870 3.373 6737151
-10.272 43.051 1.649 16757844
-8.838 44.157 5.123 16739210
-9.244 43.933 5.744 12616956
-9.726 42.754 1.631 16757844
-8.408 44.330 5.856 12616956
-8.237 44.639 2.823 16376911
-9.058 44.065 3.629 16739210
-9.632 40.396 2.488 16757844
-10.921 37.329 1.181 16757844
-21.593 11.623 0.522 8191851
-25.856 1.591 2.127 6737151
-18.798 22.743 0.616 8191851
-25.514 5.933 2.264 6737151
-24.422 5.919 3.708 3718648
-26.302 2.376 3.108 3718648
-27.360 4.805 2.997 6737151
-24.720 12.124 0.602 8191851
-18.124 26.029 0.755 3003583
-24.575 6.364 4.198 6737151
-26.277 2.322 1.790 8191851
-27.140 -5.261 2.629 3718648
-25.616 5.873 1.260 8191851
-27.777 4.983 1.779 6737151
-17.661 29.056 0.853 8191851
-25.587 6.568 0.813 8191851
-28.772 4.508 2.690 3718648
-9.714 43.741 3.561 12616956
-10.396 43.144 1.348 16376911
-26.320 14.540 2.707 6737151
-10.277 44.282 2.576 16757844
-8.778 44.195 3.281 12616956
-25.489 12.824 2.886 3718648
-9.252 43.987 4.142 16739210
-9.922 44.109 2.559 16757844
-9.793 43.839 5.272 12616956
-24.304 19.807 2.057 3003583
-10.102 44.479 3.248 16739210
-25.733 19.715 1.968 3003583
-10.162 42.687 2.293 16757844
-24.107 19.923 1.793 3003583
-9.824 41.779 2.470 16757844
-12.522 37.804 1.140 16376911
-22.113 24.510 0.804 8191851
-24.571 20.018 1.801 3003583
-9.816 41.246 2.106 16376911
-11.457 39.623 1.267 16757844
-28.175 18.565 2.775 6737151
-6.406 45.282 5.093 16739210
-7.363 44.852 3.125 16376911
-24.379 21.570 1.389 3003583
-13.904 35.357 2.650 16757844
-8.604 43.836 3.485 16739210
-7.273 44.474 3.440 16739210
-20.548 27.020 0.788 3003583
-7.447 44.329 4.013 12616956
-24.726 23.153 0.916 3003583
-26.510 22.456 1.802 3003583
-28.090 18.371 1.767 8191851
-29.417 21.145 2.476 3003583
-33.419 16.494 2.449 6737151
-13.749 34.915 3.512 16739210
-28.942 19.961 1.768 3003583
-23.595 26.380 0.976 8191851
-6.399 41.373 2.577 16757844
4.572 50.719 5.294 16739210
-29.981 22.307 2.123 3003583
1.784 46.294 2.765 16757844
7.786 52.176 4.421 16739210
-29.405 21.173 5.313 6737151
-29.504 21.333 2.694 8191851
-26.332 24.960 2.690 6737151
-5.966 41.522 2.639 16376911
-10.112 37.417 2.200 16376911
-28.045 24.916 2.629 3003583
4.491 46.844 2.717 16757844
-29.986 22.889 0.962 8191851
-4.906 41.987 2.617 16376911
-21.834 28.437 0.892 3003583
5.647 46.683 3.873 12616956
-9.911 37.644 2.314 16757844
-11.372 36.193 1.152 16376911
-30.130 22.598 1.933 3003583
-27.647 25.217 5.712 3718648
-27.894 26.195 1.876 8191851
-19.679 30.731 0.909 8191851
-30.521 24.195 1.047 8191851
-11.176 35.885 2.306 16376911
-26.355 26.302 1.176 3003583
-28.921 25.518 5.941 3718648
-22.326 29.066 0.913 3003583
-30.714 23.931 1.349 3003583
-9.835 37.261 2.524 16376911
-31.125 24.787 2.348 3003583
-0.655 42.466 3.320 16739210
12.798 47.049 2.526 16757844
-6.084 38.273 4.218 16739210
-10.047 36.156 2.436 16757844
-27.205 26.372 4.756 6737151
-26.942 26.823 1.175 3003583
-31.011 24.575 2.035 3003583
-19.902 31.116 0.921 8191851
-4.969 38.403 4.340 16739210
-31.492 25.658 6.452 3718648
-6.148 37.518 5.462 16739210
-31.660 25.946 3.605 3718648
2.522 43.774 3.532 16739210
7.311 42.264 3.084 12616956
-31.810 26.315 4.732 3718648
-31.174 24.979 3.361 3718648
-31.203 25.026 3.767 6737151
-31.677 26.056 4.314 6737151
-10.846 35.061 1.124 16376911
7.725 43.318 3.427 16739210
-32.763 27.049 2.851 6737151
-31.537 25.741 3.795 6737151
8.893 44.888 3.029 16739210
-10.969 34.751 3.155 16739210
15.616 47.698 3.902 16739210
-10.422 35.209 2.754 16376911
-53.414 21.035 1.277 3003583
-20.222 31.945 0.948 8191851
3.027 40.356 1.950 16376911
-23.156 30.881 0.985 3003583
-34.343 28.675 1.065 8191851
-1.782 36.397 3.290 16739210
-29.402 29.754 1.150 3003583
-4.089 35.458 2.344 16757844
-26.450 31.326 1.101 8191851
-5.268 34.457 2.051 16376911
-3.512 35.845 2.701 16376911
-59.620 22.043 1.405 8191851
-7.454 34.306 3.770 16739210
-47.467 29.207 1.398 3003583
-52.360 27.172 2.412 8191851
-57.260 24.746 2.545 8191851
-2.794 35.877 2.460 16376911
-5.214 34.750 2.938 16739210
-37.390 30.209 1.294 3003583
-5.666 34.113 1.099 16376911
0.393 34.542 3.907 16739210
-57.319 26.073 2.586 8191851
-43.466 32.686 1.349 8191851
-7.311 33.291 2.565 16757844
-8.862 33.576 2.070 16376911
-6.690 34.071 4.256 12616956
-2.748 33.743 4.292 16739210
-6.818 33.870 4.225 12616956
-45.743 33.898 2.297 3003583
0.507 35.147 3.701 12616956
-3.938 33.155 5.605 16739210
-4.793 33.648 2.651 16376911
-9.223 33.388 2.375 16757844
-8.112 33.364 1.012 16757844
-47.451 34.390 1.539 3003583
-8.878 32.851 2.301 16757844
-9.005 33.117 1.205 16757844
0.896 33.806 3.678 12616956
-66.976 37.465 5.838 3718648
-23.648 33.444 1.021 3003583
-47.745 37.872 3.082 3003583
-1.960 31.824 4.343 16739210
-20.356 33.623 0.995 8191851
-9.581 32.689 2.822 16739210
-47.420 37.327 3.255 6737151
-23.705 33.887 1.011 3003583
-4.620 31.020 2.189 16757844
-46.686 36.405 2.689 8191851
-60.136 42.723 5.329 6737151
-2.544 30.900 4.272 16739210
-9.629 32.658 3.079 12616956
-2.390 31.310 3.908 12616956
-36.954 38.460 2.539 3003583
-33.273 36.824 1.369 8191851
-20.277 34.105 1.007 8191851
-67.059 39.938 6.508 6737151
-2.798 30.757 4.828 12616956
-33.872 36.679 2.362 3003583
-35.420 37.286 1.572 3003583
-66.814 46.782 6.076 3718648
-70.214 43.465 5.529 3718648
-2.751 30.778 3.425 12616956
-26.312 36.337 1.180 8191851
-52.456 46.788 3.236 3003583
-34.460 38.172 1.634 3003583
-53.060 46.186 3.462 6737151
-37.680 39.709 2.271 3003583
-56.887 43.564 2.972 8191851
-23.294 35.436 1.063 3003583
-2.957 29.045 4.845 12616956
-8.627 30.787 0.991 16757844
-64.069 47.825 4.194 3718648
-2.760 28.590 3.892 12616956
-55.265 49.851 6.529 3718648
-25.897 37.768 1.175 8191851
-2.728 28.695 3.424 12616956
-37.197 43.620 2.692 3003583
-60.208 55.281 3.660 6737151
-49.965 48.464 2.805 8191851
-62.777 57.849 6.190 3718648
-39.784 47.383 3.153 3003583
-49.278 47.313 2.170 8191851
-7.457 28.066 2.465 16757844
-38.199 45.686 1.940 3003583
-48.489 48.048 2.184 8191851
-37.587 43.424 2.410 8191851
-0.652 24.070 3.842 16739210
-25.326 39.077 1.162 8191851
-7.000 28.799 3.220 12616956
-33.463 44.441 2.717 3003583
-38.159 47.780 1.902 3003583
-54.796 59.528 4.721 6737151
-37.465 44.981 2.404 8191851
-45.129 51.516 5.234 3718648
-39.236 49.588 2.662 3003583
-38.710 48.263 2.195 3003583
-29.868 43.681 1.440 8191851
-46.559 59.023 5.132 6737151
-46.242 56.487 6.155 3718648
-35.474 47.001 4.506 3718648
-5.397 24.278 3.002 12616956
-9.005 28.340 0.799 16757844
5.862 16.943 3.718 16739210
-33.374 50.521 1.661 8191851
-42.606 59.966 2.334 3003583
-26.820 42.300 1.306 3003583
-21.555 37.992 1.150 3003583
-41.990 61.276 3.203 3003583
-49.783 63.547 4.898 3718648
-41.777 54.527 3.007 8191851
-51.510 66.003 5.023 3718648
-23.282 40.799 1.230 8191851
-49.780 65.554 6.038 3718648
-43.004 59.305 6.734 6737151
-5.462 23.361 1.510 16757844
-46.081 69.218 4.342 6737151
-46.479 63.498 7.285 6737151
-32.115 53.023 1.580 8191851
-11.527 28.337 0.667 16376911
-43.833 68.294 5.305 6737151
-46.533 68.833 5.721 3718648
-20.976 38.493 1.165 3003583
-25.222 43.238 1.348 3003583
-45.083 65.405 4.760 3718648
-29.663 48.741 1.541 3003583
-24.641 43.505 1.361 3003583
-24.447 43.636 1.361 3003583
-40.547 64.197 6.872 6737151
-45.978 69.338 5.163 3718648
-44.624 68.379 4.022 3718648
-43.362 71.042 2.655 8191851
-40.815 72.165 2.339 3003583
-43.299 68.831 2.946 8191851
-34.002 60.546 1.930 3003583
-18.187 36.967 1.047 8191851
-49.675 82.982 2.912 8191851
-22.709 44.514 1.360 3003583
-2.173 10.455 5.031 12616956
-31.458 60.680 1.920 3003583
-17.874 37.138 1.042 8191851
-35.706 74.421 2.490 8191851
-24.641 58.740 4.127 6737151
-28.300 76.940 4.923 6737151
-22.872 51.186 1.498 3003583
-18.541 39.968 1.132 3003583
-22.710 59.813 2.807 3003583
-24.325 58.975 7.145 6737151
-28.260 72.819 2.362 8191851
-24.726 58.696 4.601 6737151
-10.066 13.506 0.337 16757844
-29.804 76.967 5.789 6737151
-25.358 63.324 1.936 8191851
-12.988 19.120 0.495 16376911
-22.172 59.665 1.847 3003583
-19.591 53.854 2.407 3003583
-19.444 53.874 2.401 3003583
-19.196 53.176 2.413 3003583
-17.731 49.909 2.360 3003583
-21.299 61.108 1.763 3003583
-17.562 51.572 1.656 8191851
-22.285 61.262 3.951 3718648
-18.024 44.948 1.389 3003583
-16.535 37.561 1.002 8191851
-19.004 63.263 2.127 3003583
-18.675 52.016 2.540 8191851
-12.443 -0.992 0.955 16757844
-16.486 51.719 1.610 8191851
-16.351 51.436 1.625 8191851
-16.940 48.190 2.568 8191851
-16.329 17.588 0.433 16376911
-18.863 84.703 3.320 3718648
-15.869 37.611 0.974 8191851
-16.006 39.872 1.197 3003583
-15.850 44.481 1.397 3003583
-13.279 67.551 4.191 3718648
-15.168 50.118 2.849 8191851
-21.340 -3.372 0.960 16376911
-15.351 38.466 3.920 3718648
-15.498 49.968 2.572 8191851
-12.218 74.606 6.143 6737151
-22.717 -5.324 2.730 16757844
-15.479 37.571 0.965 8191851
-19.276 -5.029 3.936 16739210
-14.868 43.737 2.588 8191851
-14.860 43.675 1.456 3003583
-12.900 47.280 2.585 3003583
-13.806 49.202 2.420 8191851
-14.396 50.076 2.917 3718648
-13.779 49.166 2.140 8191851
-13.095 47.842 2.072 3003583
-12.383 49.435 5.152 6737151
-21.086 11.426 0.559 16757844
-12.055 48.652 4.011 6737151
-14.780 37.354 2.574 3003583
-25.910 1.573 2.339 16757844
-25.002 -0.703 1.631 16757844
-11.446 44.761 2.825 6737151
-25.291 0.232 0.878 16757844
-12.432 46.942 2.814 3718648
-14.527 37.374 2.049 8191851
-27.862 5.943 4.436 12616956
-28.575 5.625 4.493 12616956
-14.572 37.315 2.613 3003583
-14.467 37.318 4.052 6737151
-14.704 37.288 3.034 6737151
-27.189 4.321 1.187 16757844
-12.607 40.572 1.313 8191851
-27.735 5.018 2.672 16376911
-10.177 44.653 5.243 3718648
-28.429 0.700 2.818 16376911
-10.867 46.058 3.377 6737151
-10.102 44.523 3.429 3718648
-26.022 13.978 6.046 16739210
-12.728 39.080 2.341 3003583
-27.450 7.850 2.227 16376911
-10.059 44.440 4.456 6737151
-9.991 42.420 2.476 3003583
-10.079 43.188 2.544 6737151
-25.577 12.930 4.714 12616956
-9.452 43.890 3.088 3718648
-9.502 43.688 3.368 3718648
-10.556 44.152 2.427 8191851
-13.062 38.648 1.184 3003583
-11.722 40.090 1.265 8191851
-27.217 16.464 3.231 12616956
-27.840 17.778 4.071 12616956
-24.535 19.801 2.087 16757844
-9.861 41.686 2.290 3003583
-22.021 24.552 0.817 16757844
-27.790 17.719 4.183 16739210
-9.693 42.372 2.330 8191851
-9.588 40.785 2.458 3003583
-9.840 42.512 2.661 3718648
-8.419 43.417 1.460 3003583
-9.720 42.506 2.136 8191851
-28.309 18.779 1.748 16376911
-29.589 18.569 3.370 12616956
-27.848 17.827 4.642 12616956
-2.469 47.299 3.479 3718648
-28.951 19.748 5.835 16739210
-10.454 38.986 1.201 8191851
-28.333 18.848 4.642 12616956
-9.573 40.017 2.566 8191851
-1.332 47.559 5.157 6737151
-26.394 23.598 1.743 16757844
0.119 47.966 3.112 3718648
-1.792 47.467 3.249 6737151
-9.555 39.793 2.405 8191851
-26.656 24.778 5.075 16739210
-26.952 24.968 2.159 16376911
-29.697 21.772 2.256 16757844
-26.255 24.785 3.630 16739210
-27.194 24.164 1.769 16757844
-13.863 35.116 1.512 8191851
-26.992 25.303 5.095 16739210
-30.740 24.052 2.577 16376911
-28.523 25.907 3.298 16757844
-27.854 25.593 5.217 16739210
-27.742 24.901 4.833 12616956
-28.216 24.955 3.785 16739210
-28.041 25.254 3.431 16376911
-30.917 24.406 3.099 16757844
-30.770 24.027 1.661 16757844
-27.491 26.263 4.734 12616956
-10.078 36.630 2.362 3003583
-31.635 25.945 3.870 12616956
-9.479 36.862 2.485 6737151
-31.343 25.378 4.349 16739210
-0.763 40.863 5.564 3718648
-7.543 38.181 1.131 3003583
-31.928 26.581 2.690 16376911
-28.984 26.476 4.948 12616956
13.665 46.469 4.698 3718648
-31.811 26.335 3.181 16757844
8.683 45.447 2.857 3718648
-27.876 26.817 3.831 16739210
-31.557 25.835 5.360 12616956
-7.121 37.446 5.248 6737151
-11.036 35.488 2.029 8191851
-10.256 36.441 2.300 8191851
-10.350 36.006 1.730 3003583
-32.170 27.101 5.081 16739210
-6.120 37.516 3.912 6737151
-9.991 36.282 2.432 8191851
0.304 38.969 2.278 6737151
-7.204 36.814 5.150 6737151
-10.342 36.014 2.309 8191851
-23.252 31.148 0.977 16376911
-10.595 34.929 2.364 3003583
-31.890 26.516 4.804 12616956
-10.414 35.177 2.801 3718648
1.577 38.230 1.778 6737151
-4.653 36.415 4.656 3718648
-23.415 31.568 0.986 16376911
-12.539 34.440 0.999 8191851
-6.818 36.243 1.065 3003583
-10.955 34.712 2.026 8191851
-12.508 34.292 0.994 8191851
-34.266 29.652 1.088 16376911
8.421 39.272 5.164 6737151
-5.211 34.679 2.100 3003583
-10.900 34.520 1.864 3003583
-12.468 34.046 0.985 8191851
-4.242 34.962 3.433 3718648
-6.696 34.437 3.311 3718648
-12.445 33.872 0.976 8191851
-5.156 34.362 1.895 3003583
-27.009 32.129 1.156 16757844
-7.738 34.394 3.611 6737151
-5.012 34.461 1.950 8191851
-8.199 33.740 0.971 8191851
-64.923 32.001 6.877 12616956
-4.661 33.556 2.637 3718648
-5.219 34.562 2.547 3718648
-5.009 33.990 2.200 8191851
-8.979 33.051 1.915 8191851
-4.692 33.611 2.171 8191851
-4.794 33.515 3.102 6737151
-8.821 33.511 1.800 3003583
1.142 32.358 2.891 3718648
-4.158 33.244 2.689 3718648
-45.691 33.853 1.497 16757844
1.374 32.720 3.206 6737151
-33.078 35.221 1.373 16376911
-32.785 35.372 1.400 16376911
-65.882 36.900 3.886 16757844
-27.117 34.390 1.212 16757844
-1.976 31.196 4.885 3718648
-27.088 34.774 1.221 16757844
-44.540 37.330 1.615 16757844
-27.119 35.208 1.219 16757844
-61.326 45.859 6.722 12616956
-65.395 42.418 7.510 16739210
-3.430 30.138 3.382 3718648
-9.154 31.630 1.963 3003583
-8.531 31.384 1.511 8191851
-63.273 41.728 6.454 16739210
-38.099 38.749 2.819 16757844
-26.981 36.328 1.228 16757844
-59.618 47.034 3.714 16757844
-9.069 31.389 1.383 3003583
-2.510 28.106 1.790 6737151
-23.234 36.422 1.093 16376911
-51.579 49.929 7.048 12616956
-57.937 48.386 6.036 16376911
-52.845 46.798 3.827 16757844
-7.419 30.135 3.006 6737151
-57.585 55.040 3.542 16376911
-60.096 53.991 4.970 16757844
-8.565 30.720 2.183 8191851
-54.623 50.349 7.120 16739210
-37.338 44.396 2.884 16757844
-7.129 27.850 1.507 3003583
-35.275 47.046 3.704 16757844
-30.607 42.847 1.462 16376911
-7.818 28.538 1.744 3003583
-22.420 37.708 1.138 16376911
-41.414 52.199 6.223 12616956
-45.008 51.416 5.313 16376911
-43.815 53.660 2.351 16376911
-48.433 60.105 6.384 12616956
-6.854 26.879 1.103 3003583
-45.482 56.583 4.475 16757844
-6.938 26.734 1.814 8191851
-34.802 47.225 2.888 16757844
-6.792 26.376 1.050 3003583
-21.765 38.429 1.159 16376911
-46.558 63.148 6.415 12616956
-49.404 64.059 3.769 16757844
-45.390 56.434 5.766 16739210
4.676 12.588 3.977 3718648
-43.108 57.833 7.383 16739210
-34.946 50.595 1.860 16757844
-28.555 46.207 1.409 16376911
6.087 9.548 4.108 3718648
-6.211 23.706 0.720 3003583
-5.129 19.929 0.458 8191851
-34.938 52.064 1.817 16757844
-47.795 68.332 3.773 16757844
-42.533 60.081 2.933 16757844
-1.877 16.808 2.817 3718648
-10.266 26.546 0.600 8191851
1.184 12.619 3.920 3718648
0.026 11.637 1.394 6737151
-42.617 68.667 6.467 12616956
-7.939 23.186 0.590 8191851
-38.111 57.935 6.909 16739210
-2.984 17.958 1.505 8191851
-40.230 64.585 6.309 12616956
-47.227 66.768 5.332 16376911
-40.071 65.605 2.179 16376911
-3.310 18.577 1.199 8191851
-0.364 12.843 4.966 6737151
-43.007 65.080 6.044 16739210
-12.349 28.272 0.707 3003583
-20.157 39.705 1.168 16376911
-25.061 47.484 1.457 16376911
-48.763 80.935 4.222 16757844
-49.747 83.098 4.274 16757844
-36.381 67.244 2.121 16376911
-0.686 8.503 3.386 6737151
2.085 5.873 0.129 8191851
-2.452 11.260 0.103 8191851
-46.505 81.787 4.497 16376911
-2.255 3.356 -0.163 3003583
-28.019 56.227 1.725 16757844
-11.311 23.082 0.592 3003583
-9.986 15.269 0.359 8191851
-34.548 79.760 5.804 12616956
-24.500 58.737 5.418 12616956
-7.368 3.077 0.667 3003583
-20.254 43.546 1.253 16757844
-24.600 58.716 5.576 16739210
-30.769 79.253 5.603 12616956
-12.578 22.624 0.634 3003583
-12.470 19.729 0.534 8191851
-12.732 19.523 0.522 8191851
-10.421 8.294 1.269 6737151
-14.539 27.286 0.766 3003583
-19.636 48.142 1.458 16376911
-26.338 70.698 7.241 16739210
-10.086 8.625 0.209 3003583
-14.746 27.237 0.771 3003583
-17.748 40.715 1.113 16376911
-23.218 81.502 6.227 12616956
-26.276 75.533 6.480 16739210
-18.747 52.214 2.795 16376911
-22.273 61.028 3.860 16376911
-13.229 12.544 1.619 6737151
-13.764 13.397 1.206 3003583
-22.543 61.793 4.062 16376911
-17.122 40.822 1.093 16376911
-17.917 50.239 2.291 16376911
-16.888 48.112 2.743 16376911
-21.206 60.547 3.327 16376911
-18.600 63.584 2.925 16757844
-16.268 7.106 0.668 3003583
-19.194 81.890 7.494 16739210
-16.617 8.531 0.799 3003583
-15.793 10.624 0.397 3003583
-16.795 47.836 2.331 16376911
-14.884 1.262 1.268 8191851
-16.820 8.348 1.535 6737151
-15.912 77.515 4.894 12616956
-16.253 40.286 1.205 16376911
-15.186 71.024 4.551 12616956
-16.472 43.169 1.315 16757844
-16.608 29.708 0.864 8191851
-13.963 74.156 5.603 12616956
-18.407 8.359 0.996 3003583
-16.058 43.067 1.316 16757844
-15.795 40.214 1.202 16376911
-15.539 50.945 2.882 16757844
-15.445 50.469 2.874 16757844
-19.285 10.648 0.516 3003583
-13.287 51.364 4.250 12616956
-22.081 -6.561 1.871 6737151
-13.824 52.659 4.047 12616956
-11.229 71.443 2.656 16757844
-20.563 -4.711 2.096 3718648
-21.776 0.323 3.651 3718648
-23.325 -4.009 2.891 3718648
-25.133 -0.242 1.972 6737151
-17.533 26.901 0.784 3003583
-13.435 51.614 3.643 16376911
-12.072 68.729 3.914 16376911
-22.306 10.687 0.588 3003583
-26.580 -6.265 5.667 3718648
-12.532 49.105 3.019 16757844
-12.293 49.174 3.751 12616956
-23.853 2.286 3.151 3718648
-12.246 45.895 2.555 16376911
-14.513 39.829 1.187 16376911
-11.898 45.557 2.831 16757844
-23.229 6.617 0.674 8191851
-12.136 45.721 2.184 16376911
-11.766 48.049 5.956 12616956
-11.918 47.770 1.770 16757844
-11.985 48.514 3.161 16376911
-14.838 37.396 2.337 16376911
-23.187 17.076 0.784 8191851
-24.319 19.503 1.073 8191851
-26.094 6.671 4.357 6737151
-27.138 4.333 3.301 3718648
-24.520 19.353 2.260 6737151
-23.461 20.250 0.900 3003583
-26.685 15.359 4.680 3718648
-25.166 19.681 2.295 6737151
-22.175 27.690 0.904 8191851
-19.687 32.999 0.981 8191851
-12.230 47.209 2.614 16376911
-26.309 14.666 3.443 6737151
-12.305 46.253 2.870 16757844
-11.762 47.994 4.938 16739210
-25.397 23.512 0.992 8191851
-25.734 19.833 1.660 8191851
-12.374 46.345 2.300 16376911
-27.693 17.581 3.511 6737151
-12.151 45.710 2.301 16376911
-12.324 46.390 2.039 16757844
-11.846 48.264 3.420 16739210
-26.573 24.272 1.057 8191851
-11.114 46.618 4.743 16739210
-11.648 44.851 2.577 16376911
-11.599 45.733 1.561 16376911
-24.976 26.272 1.011 3003583
-10.889 46.169 4.683 16739210
-28.631 19.366 3.560 6737151
-11.477 44.518 2.566 16376911
-11.472 44.472 2.565 16376911
-22.215 30.860 0.932 3003583
-28.439 24.952 2.913 6737151
-10.696 45.718 4.625 16739210
-11.443 45.682 2.949 16376911
-10.644 45.648 3.648 16739210
-29.598 21.527 2.152 8191851
-10.603 45.357 3.105 12616956
-27.990 25.317 2.644 6737151
-27.971 25.566 3.009 6737151
-28.195 26.621 1.770 8191851
-26.578 25.193 3.460 6737151
-10.134 44.559 3.502 12616956
-10.602 45.534 3.440 16739210
-13.927 41.175 1.303 16376911
-27.310 24.785 2.784 3718648
-10.927 44.117 2.824 16757844
-29.566 23.840 1.221 3003583
-10.988 44.675 2.901 16376911
-30.754 24.005 3.481 3718648
-30.800 24.121 3.909 3718648
-11.206 44.112 2.034 16757844
-10.076 44.433 3.052 12616956
-27.867 25.377 2.821 3718648
-9.800 43.863 2.960 16757844
-10.210 44.734 4.204 12616956
-10.223 45.441 3.902 12616956
-28.683 26.100 4.033 6737151
-30.439 23.408 2.381 8191851
-30.904 24.382 2.756 8191851
-12.236 42.429 1.392 16757844
-31.349 25.364 2.702 6737151
-28.781 27.768 1.370 8191851
-9.957 44.216 4.937 12616956
-31.839 26.446 3.471 6737151
-27.862 26.869 3.540 6737151
-30.742 24.098 3.693 6737151
-8.583 44.253 3.288 12616956
-4.965 46.089 3.294 12616956
-26.161 30.689 1.085 8191851
-31.880 26.475 1.041 8191851
-28.761 27.973 1.669 3003583
-31.765 26.219 2.029 3003583
-9.907 43.121 2.348 16757844
-23.889 32.472 1.023 3003583
-39.803 24.007 1.126 8191851
-33.369 27.137 1.007 8191851
-29.029 29.316 1.131 3003583
-32.163 27.124 3.701 3718648
-31.825 26.397 3.775 6737151
-41.263 22.915 2.099 3003583
-0.723 47.249 4.672 16739210
-15.345 38.550 2.998 16739210
-4.633 44.782 2.603 16757844
-44.195 22.891 1.203 3003583
0.175 46.851 2.956 12616956
-4.628 44.974 2.698 16376911
-39.435 23.816 3.043 3718648
-9.573 41.542 2.318 16757844
-45.464 24.143 1.237 3003583
5.341 46.511 2.709 16757844
-30.118 30.841 1.185 3003583
-51.492 18.225 2.226 8191851
-54.256 16.838 5.076 6737151
-42.666 27.964 1.253 8191851
-37.262 27.860 1.200 3003583
-37.137 28.247 1.234 3003583
-2.531 42.345 2.364 16757844
-9.562 39.787 2.605 16757844
-6.969 41.209 2.596 16757844
-1.282 42.406 2.717 16757844
2.048 45.424 3.501 16739210
1.598 45.059 4.093 16739210
0.131 45.190 4.277 12616956
-2.110 41.481 2.323 16757844
-1.338 42.469 2.417 16757844
-30.836 32.318 1.238 3003583
-37.990 30.144 1.307 3003583
-27.972 34.164 1.225 8191851
-9.303 39.951 1.910 16757844
-4.566 41.324 4.283 12616956
14.657 45.908 2.687 12616956
-9.785 39.133 2.161 16376911
-44.029 30.675 1.640 3003583
-47.421 29.188 2.502 8191851
-44.878 32.831 1.375 8191851
-1.200 42.359 3.018 16739210
14.112 47.091 3.908 16739210
-14.792 37.584 2.412 16376911
-9.714 38.959 1.954 16757844
-25.304 35.535 1.140 3003583
-45.273 33.058 2.494 3003583
-14.745 37.583 2.958 16739210
-34.942 34.850 1.413 8191851
18.011 45.492 2.194 16376911
-28.314 35.904 1.283 8191851
-46.245 35.511 2.391 3003583
-38.969 34.195 1.445 3003583
-35.751 36.934 2.017 8191851
-47.304 37.008 3.097 3003583
-28.379 36.645 1.303 8191851
-4.195 36.994 3.251 12616956
-38.996 35.467 1.491 3003583
-28.392 36.939 1.310 8191851
0.658 37.819 2.755 16376911
-47.425 37.945 2.604 3003583
0.326 38.449 2.458 16376911
-2.290 35.868 3.274 12616956
-63.387 36.903 5.794 3718648
-28.424 37.648 1.320 8191851
-61.759 42.334 4.296 6737151
-38.302 39.810 1.934 8191851
-1.789 36.623 3.587 16739210
-4.425 35.325 2.893 12616956
0.944 35.425 5.063 16739210
-2.112 35.650 3.365 16739210
-2.028 36.283 2.369 16376911
-3.633 36.925 2.852 16739210
-2.848 36.111 2.740 16376911
-4.287 35.367 2.973 12616956
-10.047 36.459 1.145 16757844
-5.034 34.704 2.272 16757844
-61.411 43.668 6.634 3718648
-2.632 35.477 4.219 12616956
-60.349 40.025 5.942 6737151
-11.995 36.108 1.038 16376911
-10.411 35.352 2.346 16376911
-6.084 35.508 3.032 16739210
-59.294 45.443 3.568 6737151
-36.590 39.980 1.760 3003583
-53.304 46.508 2.464 3003583
-10.554 35.583 1.659 16376911
-66.610 43.077 4.155 3718648
-11.099 35.561 2.196 16376911
-0.022 32.055 1.979 16757844
-7.660 34.470 3.571 16739210
-4.986 35.060 3.113 16739210
-60.527 49.175 4.685 6737151
-5.401 34.341 2.426 16376911
-4.619 33.368 2.936 12616956
-5.430 34.166 2.720 16376911
-50.462 45.366 2.112 3003583
-37.066 44.078 2.732 3003583
-7.571 34.941 3.430 12616956
-7.062 34.246 3.322 16739210
-25.332 39.209 1.196 3003583
-36.354 42.458 1.784 3003583
-5.194 34.147 3.095 16739210
-10.219 34.891 1.086 16757844
-34.212 43.952 2.158 8191851
-6.866 34.369 3.462 12616956
-5.215 33.923 3.092 16739210
-22.031 38.641 1.169 8191851
-32.973 43.185 1.676 8191851
-34.454 43.852 2.357 3003583
-28.134 41.424 1.298 8191851
-38.346 47.073 1.925 8191851
-38.377 47.197 2.722 3003583
-50.747 47.825 3.127 8191851
-13.843 35.349 2.800 12616956
-21.913 38.981 1.167 8191851
-55.536 50.952 5.973 6737151
-54.064 52.626 7.094 6737151
-43.527 51.465 3.332 3003583
-57.209 56.101 6.018 3718648
-13.866 35.096 4.739 12616956
-52.919 57.849 6.548 3718648
-27.462 42.872 1.302 8191851
-24.497 40.834 1.254 3003583
-43.711 53.902 2.816 3003583
-39.487 49.975 2.411 3003583
-0.979 24.647 3.266 12616956
-51.215 57.996 3.905 8191851
-29.647 44.540 1.497 3003583
-55.273 61.443 4.025 8191851
-34.321 47.922 1.803 3003583
-48.607 60.242 4.558 6737151
-43.010 58.199 2.607 3003583
-52.655 64.246 4.782 6737151
-33.984 48.782 1.792 3003583
-42.803 59.396 2.595 3003583
-21.276 39.850 1.214 8191851
-36.266 53.861 1.830 8191851
5.219 16.646 3.447 12616956
-7.138 27.498 2.820 12616956
0.116 22.268 3.446 16739210
-42.606 60.674 3.373 3003583
-8.402 29.748 1.355 16757844
-44.885 56.983 4.751 3718648
-7.725 29.785 3.045 16739210
-13.231 32.950 0.912 16376911
5.017 16.453 4.789 16739210
-0.667 24.005 3.910 12616956
-28.474 46.598 1.463 3003583
-46.981 64.463 7.168 6737151
-50.036 67.571 3.997 8191851
-44.657 68.291 4.365 6737151
-13.337 32.338 0.801 16376911
-30.009 50.325 1.545 8191851
4.003 16.083 3.977 16739210
-49.178 68.683 3.990 8191851
-32.350 51.822 1.732 3003583
-44.844 67.786 8.190 3718648
-43.897 70.121 4.374 6737151
-45.129 66.379 3.880 8191851
-43.982 62.855 5.745 6737151
-42.403 67.329 4.507 6737151
-41.650 62.192 2.358 8191851
-22.510 42.749 1.324 3003583
-39.953 71.013 2.386 3003583
-23.926 45.577 1.404 8191851
-47.442 84.389 6.023 6737151
-50.857 90.985 4.939 6737151
-52.445 94.589 3.489 3003583
-43.006 75.433 2.571 3003583
-48.243 79.845 4.063 8191851
-45.006 72.441 4.189 3718648
-26.666 51.479 1.592 8191851
-20.131 40.907 1.197 8191851
-35.056 71.553 2.330 3003583
-28.153 58.922 1.734 8191851
-41.641 78.138 2.784 8191851
-45.988 81.645 3.102 8191851
-33.215 72.659 2.277 3003583
-7.798 19.255 0.345 16757844
-25.083 52.337 1.557 8191851
-29.089 62.042 1.869 3003583
-32.012 65.602 2.079 3003583
-38.914 94.474 4.606 6737151
-31.227 65.985 2.060 3003583
-20.941 43.764 1.292 3003583
-33.278 77.317 2.401 3003583
-24.735 58.705 2.526 3003583
-31.642 69.222 2.147 8191851
-32.896 79.824 2.600 8191851
-22.271 49.779 1.448 3003583
-21.851 52.255 1.586 8191851
-24.310 58.746 6.605 6737151
-20.327 47.279 1.311 8191851
-25.040 58.771 2.399 8191851
-21.135 52.500 1.556 8191851
-26.648 81.961 6.390 3718648
-22.081 60.275 3.646 6737151
-22.192 62.088 4.277 3718648
-21.835 60.995 4.214 3718648
-26.595 70.737 5.239 6737151
-27.824 77.770 5.679 6737151
-22.118 61.344 2.671 8191851
-25.877 86.146 7.504 6737151
-22.710 59.925 2.310 8191851
-18.596 63.387 3.429 6737151
-19.386 49.056 1.535 3003583
-21.653 60.461 3.360 3718648
-21.469 61.080 2.798 8191851
-16.334 9.917 0.502 16376911
-14.276 1.569 1.168 16757844
-18.017 8.595 1.292 16376911
-20.902 85.037 5.510 3718648
-15.379 88.619 4.881 6737151
-18.058 43.872 1.349 3003583
-17.435 46.349 1.419 8191851
-17.544 52.593 1.756 3003583
-20.780 -4.310 0.908 16757844
-14.781 70.450 4.361 3718648
-14.747 68.662 4.282 3718648
-12.629 69.372 4.048 6737151
-16.402 50.608 1.604 8191851
-23.565 1.468 2.774 16757844
-18.690 27.133 0.796 16757844
-22.971 -4.631 2.934 12616956
-17.298 41.501 1.115 8191851
-20.398 -2.708 4.239 16739210
-14.805 50.413 3.091 6737151
-16.460 47.772 1.591 3003583
-19.335 30.461 0.902 16376911
-24.074 5.280 4.539 16739210
-12.693 68.124 3.639 3718648
-16.132 47.750 1.574 3003583
-9.854 71.077 5.031 3718648
-27.954 0.948 2.071 16757844
-15.903 51.452 2.733 8191851
-15.893 45.734 1.425 8191851
-27.367 6.151 4.493 12616956
-15.442 51.540 3.050 3718648
-8.763 76.170 6.039 6737151
-26.485 6.485 3.874 12616956
-13.529 51.812 2.796 6737151
-25.162 -0.035 3.486 16739210
-13.593 48.886 2.004 8191851
-13.217 48.790 3.002 6737151
-25.169 19.322 2.121 16376911
-21.021 27.388 0.856 16757844
-13.293 51.322 4.082 6737151
-27.023 16.033 3.606 12616956
-25.789 13.379 2.693 16376911
-13.081 47.803 2.440 3003583
-26.598 15.130 3.732 12616956
-12.605 49.813 5.645 3718648
-13.944 49.299 2.967 3718648
-13.119 49.561 3.164 3718648
-27.228 16.485 2.154 16757844
-12.766 47.122 2.438 3003583
-12.289 48.853 5.471 3718648
-13.693 48.856 2.952 3718648
-12.423 47.336 2.946 6737151
-13.178 48.011 2.578 8191851
-25.739 19.428 1.914 16757844
-12.649 49.902 3.555 6737151
-12.431 46.433 2.432 3003583
-27.996 18.144 3.766 12616956
-28.155 18.504 5.076 16739210
-12.445 49.446 3.526 6737151
-11.990 48.590 4.669 6737151
-11.618 47.752 5.296 3718648
-29.839 19.045 3.231 16757844
-12.772 47.113 2.375 8191851
-28.566 19.148 1.949 16757844
-11.861 46.635 3.040 3718648
-11.728 45.839 2.953 6737151
-11.676 47.808 3.423 6737151
-30.688 17.712 2.437 16757844
-11.229 46.928 6.179 6737151
-22.437 31.451 0.940 16376911
-27.073 24.594 6.028 12616956
-27.040 25.999 5.193 16739210
-10.993 46.416 3.270 3718648
-27.853 25.373 2.588 16757844
-10.893 46.097 1.772 3003583
-26.353 25.655 3.067 16376911
-14.092 42.072 2.572 3003583
-11.049 46.482 3.342 6737151
-31.026 24.628 3.364 16757844
-11.487 44.720 1.913 3003583
-10.133 44.532 3.045 6737151
-28.732 25.927 4.276 16739210
-25.342 30.061 1.099 16757844
-9.963 44.220 2.041 3003583
-31.049 24.665 4.533 16739210
-10.852 43.746 1.429 3003583
-9.969 44.253 2.413 8191851
-9.909 44.150 4.202 6737151
-9.913 42.895 2.526 3003583
-32.729 26.939 3.908 12616956
-34.984 25.710 3.102 16757844
-31.231 25.086 4.751 12616956
-7.724 44.746 3.059 3718648
-9.704 43.719 5.685 6737151
-9.982 44.259 2.723 3718648
-11.678 41.853 1.346 8191851
-32.254 27.138 3.159 16757844
-38.223 24.403 3.167 16757844
-35.063 25.735 3.225 16757844
-35.185 25.782 2.749 16757844
-4.730 45.049 1.838 3003583
-9.800 43.837 2.464 8191851
-38.893 24.070 1.881 16376911
-35.027 25.761 2.386 16757844
-32.079 26.868 4.168 16739210
-10.018 42.532 1.375 3003583
-24.507 33.715 1.065 16376911
-9.341 41.651 1.908 8191851
-9.563 42.005 2.326 3003583
-39.962 23.561 4.103 16376911
-9.459 41.378 1.926 8191851
-14.727 39.172 1.175 8191851
-48.847 19.414 4.605 16376911
-4.539 44.738 2.719 3718648
-2.738 44.409 5.707 3718648
-9.545 41.726 1.794 3003583
-12.961 39.649 2.186 8191851
-15.303 38.570 2.573 8191851
1.500 46.383 3.040 3718648
-3.953 44.626 2.786 3718648
-7.650 41.432 2.682 6737151
-12.977 39.636 2.508 3003583
-0.952 42.801 2.743 6737151
-27.990 33.343 1.218 16757844
-25.215 34.965 1.095 16376911
-8.574 39.956 2.628 6737151
-12.831 39.363 1.310 3003583
-14.482 38.529 1.152 8191851
-9.092 39.826 2.704 6737151
-6.798 41.564 2.789 3718648
-0.872 42.397 2.938 3718648
-9.140 40.241 2.607 3718648
-35.101 33.778 1.311 16376911
-9.401 39.902 2.614 3718648
-10.399 38.819 1.209 8191851
-9.558 38.862 2.498 6737151
-46.227 30.929 1.425 16757844
-9.531 38.340 2.434 3003583
-1.004 39.843 5.585 3718648
-4.924 39.243 3.670 3718648
-9.431 38.169 2.423 3003583
-46.648 32.079 1.458 16757844
-45.200 32.703 2.669 16757844
-34.405 35.570 1.456 16376911
-9.558 38.658 2.342 8191851
-9.615 39.010 2.404 8191851
-9.561 38.002 2.278 3003583
4.885 39.819 3.583 6737151
-12.329 37.900 1.194 3003583
-9.551 37.913 2.525 8191851
-66.341 39.285 3.633 16757844
-0.402 36.141 3.782 3718648
-14.889 37.406 2.002 3003583
-59.886 38.113 6.684 16739210
-65.018 38.481 6.056 16376911
-65.346 39.756 3.906 16757844
-68.372 43.002 7.299 12616956
-63.953 42.962 8.013 16739210
-37.832 39.032 2.077 16757844
-3.932 35.319 2.362 6737151
-34.199 39.898 1.586 16376911
-10.098 36.789 2.197 8191851
-9.023 36.632 2.511 3718648
-9.873 36.278 2.108 3003583
-67.732 46.475 7.363 12616956
-10.383 35.908 1.110 8191851
-59.680 46.166 2.226 16376911
-52.558 46.811 3.411 16376911
-68.412 46.409 5.326 16376911
-60.228 49.749 5.585 16757844
-55.716 49.491 4.412 16757844
-53.316 47.063 2.362 16376911
-4.606 33.398 2.995 3718648
-58.711 47.626 8.134 16739210
-43.686 44.079 1.893 16757844
-60.371 48.997 6.079 16376911
-10.651 34.879 2.822 3718648
-63.723 48.939 4.375 16376911
-33.045 42.959 1.675 16376911
-5.062 31.664 1.047 8191851
-2.525 31.303 3.655 3718648
-63.406 54.926 8.484 16739210
-2.382 30.974 5.359 3718648
-38.258 44.913 2.992 16757844
-10.673 34.884 2.731 3718648
-52.102 49.354 7.881 12616956
-43.393 50.904 6.064 12616956
-46.730 53.174 6.509 12616956
-13.928 35.355 2.212 8191851
-35.092 47.136 3.243 16376911
-57.304 55.032 7.110 16739210
-53.949 54.599 4.253 16376911
-35.245 47.069 3.471 16757844
-39.282 49.429 2.051 16757844
-51.568 61.125 5.524 16757844
-8.694 31.244 1.582 3003583
-44.406 57.066 5.002 16757844
-43.755 54.863 6.518 16739210
-32.273 47.205 1.612 16376911
-34.875 47.244 3.579 16376911
-13.099 34.027 1.003 3003583
-1.140 25.141 3.297 6737151
-23.899 42.187 1.301 16376911
-45.123 62.281 6.955 12616956
-13.292 33.745 0.996 3003583
-42.139 56.097 3.082 16757844
-8.753 29.131 0.839 8191851
-45.180 56.819 6.392 16739210
-45.583 65.570 5.392 16757844
-47.793 68.087 3.619 16376911
-31.272 49.920 1.540 16376911
-50.757 68.602 4.982 16757844
-49.306 64.687 4.098 16757844
-12.079 31.442 0.898 8191851
-26.471 45.045 1.407 16757844
-53.080 66.279 4.477 16376911
-47.701 67.442 5.817 12616956
-41.764 57.416 7.236 12616956
-7.415 28.139 1.799 8191851
-6.939 24.146 0.614 8191851
-50.398 68.325 4.182 16757844
-12.361 31.174 0.899 8191851
-42.389 66.267 3.514 16376911
-25.965 45.412 1.422 16757844
-49.177 69.048 5.192 16376911
-41.746 61.695 3.083 16757844
-43.974 70.397 3.565 16376911
-48.179 66.251 6.275 16739210
-5.113 23.148 0.796 3003583
-36.423 57.205 1.953 16757844
-43.905 62.961 4.993 16376911
-41.162 62.815 3.076 16757844
-12.373 30.207 0.724 8191851
6.307 9.155 3.549 6737151
-44.602 71.015 7.815 16739210
-12.536 30.097 0.729 8191851
-46.413 70.543 4.116 16757844
1.380 10.830 4.296 3718648
-42.222 67.297 4.851 16376911
-40.727 63.412 7.685 12616956
-42.594 69.168 7.968 16739210
-48.261 81.140 5.235 16757844
-42.410 69.622 6.814 16739210
-9.490 25.170 0.735 3003583
-4.298 18.585 0.495 8191851
-13.574 29.474 0.755 8191851
-44.749 78.478 4.180 16757844
-13.730 29.415 0.764 8191851
-5.942 11.696 0.209 3003583
-10.026 19.890 0.425 8191851
0.690 8.212 0.119 8191851
0.957 7.224 2.559 6737151
-10.553 19.720 0.445 8191851
-7.380 15.790 0.338 3003583
-9.841 17.858 0.434 3003583
-8.093 15.512 0.360 3003583
-10.496 17.695 0.461 3003583
-23.975 53.241 1.530 16376911
-9.504 6.985 1.519 6737151
-31.926 80.148 3.565 16757844
-14.491 26.563 0.767 3003583
-24.379 58.804 6.121 16739210
-33.295 81.819 4.973 16376911
-34.616 79.810 5.222 16376911
-27.200 78.212 4.135 16757844
-14.914 23.303 0.642 8191851
-13.789 21.555 0.631 3003583
-14.812 16.974 0.387 8191851
-27.271 78.549 4.388 16757844
-12.691 12.495 0.346 3003583
-13.253 4.630 0.207 3003583
-13.249 12.068 0.333 3003583
-21.585 59.617 2.363 16376911
-16.783 16.795 0.459 8191851
-22.876 63.498 4.575 16376911
-21.414 79.901 5.940 12616956
-19.373 53.903 2.942 16376911
-14.600 13.013 2.240 3718648
-21.864 60.323 1.816 16757844
-19.910 54.010 2.483 16376911
-19.418 63.331 3.528 16757844
-16.795 25.591 0.751 3003583
-18.796 63.391 3.507 16757844
-17.092 25.491 0.748 3003583
-20.817 61.960 4.974 16739210
-18.651 8.736 0.580 3003583
-16.986 19.761 0.563 3003583
-18.503 44.321 1.355 16376911
-14.342 1.847 0.455 8191851
-18.332 14.267 0.489 3003583
-18.494 27.919 0.811 8191851
-18.394 33.628 1.001 8191851
-14.424 89.054 6.311 12616956
-18.732 63.374 2.609 16757844
-21.397 7.610 0.575 3003583
-19.625 63.445 3.389 16376911
-19.891 14.203 0.534 3003583
-20.051 14.195 0.538 3003583
-18.695 25.052 0.731 3003583
-18.023 47.157 1.465 16757844
-24.222 -1.927 0.785 3003583
-22.094 1.030 3.694 3718648
-15.841 77.494 6.034 16739210
-19.424 24.906 0.723 3003583
-13.731 91.131 7.058 16739210
-19.877 10.001 0.565 8191851
-19.737 24.962 0.738 3003583
-23.721 4.515 3.715 3718648
-15.855 77.496 3.477 16376911
-19.215 30.849 0.926 3003583
-22.945 2.953 4.318 6737151
-20.235 27.825 0.811 8191851
-20.247 25.199 0.788 3003583
-13.876 68.704 3.079 16757844
-24.952 7.149 3.735 3718648
-21.419 20.171 0.750 3003583
-23.270 0.002 0.649 8191851
-12.728 68.378 3.031 16757844
-28.568 -2.277 5.710 3718648
-24.300 11.896 0.701 3003583
-25.217 0.325 3.393 6737151
-12.236 68.022 3.906 16376911
-13.211 51.170 3.698 12616956
-10.463 71.035 5.559 16739210
-13.006 50.729 3.338 16757844
-13.218 51.163 5.344 16739210
-12.789 50.283 3.629 12616956
-13.463 51.681 3.908 16739210
-12.981 50.457 5.227 16739210
-10.834 61.840 4.206 16739210
-13.206 51.135 4.934 12616956
-12.776 50.225 3.705 12616956
-13.400 51.564 4.499 12616956
-13.213 51.179 4.453 12616956
-12.847 50.404 4.362 12616956
-13.266 48.727 2.908 16376911
-25.479 19.607 2.521 6737151
-20.902 36.695 1.110 8191851
-24.143 26.305 0.986 8191851
-24.550 24.158 1.003 3003583
-27.821 17.843 2.098 6737151
-24.926 24.565 1.055 3003583
-23.888 28.825 1.000 3003583
-29.562 21.488 0.937 8191851
-25.592 26.085 1.248 3003583
-27.627 24.849 2.469 6737151
-26.774 27.031 1.755 3003583
-30.259 23.087 2.786 6737151
-14.947 49.813 1.872 16376911
-27.194 27.167 1.766 3003583
-13.262 51.275 3.329 16757844
-16.746 46.172 1.437 16376911
-27.941 26.517 1.696 3003583
-13.950 49.592 3.029 16757844
-13.052 50.824 3.869 12616956
-16.598 46.096 1.428 16376911
-27.488 24.967 1.855 8191851
-30.452 23.425 3.872 3718648
-30.043 22.574 3.006 3718648
-27.924 28.065 1.154 8191851
-28.820 24.972 3.454 3718648
-31.342 25.326 2.445 3003583
-13.009 50.471 4.920 16739210
-13.220 51.170 4.671 12616956
-31.521 25.690 1.347 8191851
-28.845 27.934 1.821 3003583
-31.751 26.216 2.498 3003583
-13.480 48.975 3.057 16757844
-13.548 49.625 3.140 16376911
-12.595 49.817 3.857 16739210
-13.065 48.996 1.746 16376911
-12.450 49.511 3.302 12616956
-24.332 34.909 1.052 3003583
-12.607 49.852 5.359 12616956
-31.609 25.892 1.811 3003583
-31.767 26.204 2.276 8191851
-31.749 26.225 5.481 6737151
-12.667 50.024 3.466 16739210
-26.780 33.533 1.164 8191851
-32.058 26.836 1.176 3003583
-36.528 25.124 3.553 6737151
-33.936 26.395 1.580 3003583
-33.975 26.343 3.589 3718648
-37.625 24.559 1.897 3003583
-24.829 35.505 1.119 3003583
-12.747 47.273 1.817 16376911
-23.029 37.938 1.146 8191851
-11.697 47.874 5.959 16739210
-29.011 31.879 1.215 3003583
-34.096 27.143 1.121 3003583
-11.877 48.310 4.368 12616956
-36.086 25.427 1.707 3003583
-12.919 47.294 2.828 16757844
-37.523 24.549 3.302 3718648
-11.790 48.103 3.291 16376911
-11.739 47.998 5.121 12616956
-50.908 18.479 1.343 3003583
-11.884 48.347 3.620 16739210
-15.101 44.505 1.399 16376911
-37.195 24.739 3.434 3718648
-42.950 22.108 2.719 8191851
-25.491 36.307 1.174 3003583
-33.758 30.878 1.160 8191851
-39.806 23.605 1.656 8191851
-45.293 21.108 1.959 8191851
-45.453 21.111 2.715 8191851
-45.281 21.703 1.247 3003583
-49.067 19.320 4.387 3718648
-50.068 18.717 5.746 6737151
-15.015 44.004 1.442 16376911
-35.956 29.395 1.242 3003583
-54.608 16.749 3.652 3718648
-11.195 45.620 2.833 16757844
-11.299 47.107 3.914 12616956
-10.701 45.464 2.574 16376911
-28.575 36.010 1.303 8191851
-50.137 20.625 1.269 8191851
-10.634 45.617 5.739 16739210
-11.568 44.708 2.614 16376911
-10.634 45.625 2.871 16757844
-26.195 37.340 1.221 3003583
-37.202 31.486 1.342 3003583
-57.089 25.402 2.551 3003583
-42.715 31.556 1.345 8191851
-10.822 46.057 3.853 12616956
-10.523 45.406 4.913 12616956
-10.407 45.260 4.166 12616956
-11.498 44.777 2.130 16757844
-45.212 32.339 2.822 3003583
-33.817 36.433 2.121 8191851
-11.223 44.028 2.635 16757844
-14.458 42.852 1.399 16376911
-14.529 43.017 2.466 16757844
-43.831 30.406 1.980 8191851
-60.759 30.263 1.745 3003583
-45.527 32.965 3.002 6737151
-34.242 37.445 2.148 8191851
-10.457 44.049 2.019 16757844
-8.296 44.018 4.029 16739210
7.414 46.861 3.449 12616956
-9.443 43.630 1.462 16376911
-9.932 44.185 3.774 12616956
-24.110 39.992 1.220 8191851
-36.922 38.254 2.027 8191851
-35.379 38.003 1.570 8191851
-14.197 42.262 2.427 16757844
-9.738 43.763 3.762 12616956
-9.651 42.173 2.447 16376911
-10.162 42.984 1.980 16757844
-64.723 31.874 7.063 6737151
-6.256 42.271 2.873 16757844
0.287 44.799 4.157 16739210
-36.998 37.825 1.753 3003583
6.440 47.076 3.293 16739210
-27.321 39.719 1.242 3003583
-9.742 41.605 2.439 16376911
-35.190 39.525 1.656 8191851
-27.375 39.958 1.245 3003583
-60.665 37.677 6.083 3718648
-32.555 39.411 1.537 3003583
-9.683 41.194 2.425 16376911
1.895 44.209 4.465 12616956
-37.062 39.474 1.816 3003583
-61.091 41.647 2.120 3003583
-37.728 39.661 2.451 3003583
-37.357 39.072 2.549 8191851
4.247 39.925 2.648 16757844
-7.259 42.064 2.809 16376911
-9.531 40.317 2.391 16376911
8.456 41.851 3.623 16739210
3.229 40.476 2.277 16757844
-46.761 41.873 1.861 3003583
7.056 41.441 3.583 16739210
-32.565 40.896 1.590 3003583
-9.438 40.033 2.376 16376911
-65.610 41.081 3.590 8191851
-61.433 43.613 6.296 3718648
0.080 38.655 2.213 16757844
-67.220 44.633 6.750 3718648
-24.185 41.346 1.273 8191851
-60.479 44.546 5.297 3718648
-6.103 39.475 4.032 16739210
-9.205 39.805 2.044 16376911
1.049 37.524 2.636 16757844
-9.066 40.171 1.790 16757844
3.538 40.240 2.532 16376911
-66.315 47.540 5.676 3718648
-37.993 42.855 1.834 3003583
-27.422 41.845 1.293 3003583
-33.863 44.082 2.861 3003583
4.720 36.873 3.285 12616956
0.691 38.460 2.906 16376911
-54.852 43.998 2.129 8191851
-63.324 47.237 5.774 3718648
-58.994 45.077 3.859 3718648
0.122 37.964 2.427 16376911
-63.733 48.082 7.385 6737151
1.252 37.507 2.882 16376911
-65.104 46.698 6.124 6737151
-53.060 48.912 3.460 6737151
-38.225 46.435 2.113 8191851
-2.713 35.987 3.486 12616956
-53.144 47.650 3.633 8191851
-62.053 47.517 4.962 3718648
-5.855 38.644 3.839 12616956
-9.576 38.726 2.220 16757844
-29.916 43.902 1.470 8191851
-6.061 37.077 4.019 16739210
-34.045 45.356 1.847 8191851
-9.797 38.455 2.227 16757844
-27.162 42.974 1.332 3003583
-3.308 35.740 4.218 16739210
6.806 35.216 3.599 16739210
-1.765 35.975 2.426 16376911
-12.189 38.820 1.283 16757844
-56.735 54.146 4.487 6737151
-2.635 35.799 3.279 16739210
-37.887 45.862 2.679 8191851
-3.301 35.653 2.863 16376911
-3.010 35.333 3.267 16739210
-3.838 35.455 2.469 16376911
1.109 33.629 3.965 16739210
-12.175 38.293 1.234 16757844
-29.673 45.398 1.447 8191851
-40.121 51.367 1.971 8191851
-44.190 50.643 5.746 6737151
-3.803 34.728 3.250 16739210
-43.821 50.994 5.732 6737151
-34.479 48.169 1.756 8191851
-29.375 45.843 1.467 8191851
-53.614 60.382 5.234 6737151
-31.976 46.635 1.627 3003583
-6.364 33.813 4.046 16739210
-48.465 55.163 3.726 8191851
-45.062 56.909 4.755 6737151
-34.262 49.358 1.735 8191851
-44.908 55.630 5.556 3718648
-2.512 30.902 3.602 16739210
-9.965 35.841 1.669 16757844
-34.106 49.736 1.732 8191851
-6.284 32.709 2.745 12616956
-47.453 60.504 4.976 6737151
-14.623 37.737 1.121 16376911
-45.207 55.907 5.071 3718648
-42.953 57.973 2.695 3003583
-14.662 37.611 2.783 16757844
-14.731 37.601 2.029 16376911
-40.295 54.511 5.623 6737151
-14.619 37.586 4.018 12616956
-37.930 56.096 1.956 8191851
-53.358 67.187 4.702 6737151
-42.846 57.396 2.373 3003583
-49.608 60.620 4.030 3718648
-51.886 64.840 7.177 6737151
-35.326 52.787 1.888 3003583
-49.403 68.958 4.394 6737151
-1.897 26.829 4.973 12616956
-48.579 64.496 6.894 6737151
-48.102 64.298 3.848 8191851
-25.471 45.723 1.433 3003583
-36.269 59.132 1.901 8191851
-41.591 65.185 2.620 3003583
-47.093 68.735 7.977 3718648
-42.582 66.967 4.191 6737151
-6.663 26.210 1.630 16376911
-22.817 44.200 1.348 8191851
-41.362 62.099 2.319 3003583
-41.434 62.330 3.019 8191851
-29.521 50.771 1.610 3003583
-42.718 67.101 3.591 6737151
-46.347 66.100 5.758 6737151
-47.237 77.669 3.432 3003583
-30.595 54.371 1.694 8191851
-42.857 64.871 5.513 6737151
-41.422 71.584 2.501 3003583
-28.547 51.306 1.635 3003583
-43.589 69.519 2.967 8191851
-40.516 72.574 2.481 3003583
-32.263 56.773 1.833 3003583
-43.483 74.750 2.673 3003583
-39.018 66.227 2.246 3003583
-45.348 79.040 4.738 6737151
-38.862 65.105 3.886 3718648
-27.431 51.902 1.650 3003583
-31.163 61.686 1.889 8191851
-33.654 64.110 2.035 3003583
-48.938 81.304 3.159 8191851
-36.504 67.399 2.229 3003583
-24.822 50.098 1.517 8191851
-45.622 80.583 5.329 3718648
-27.377 55.845 1.699 8191851
-24.446 50.296 1.511 8191851
-7.640 15.150 0.261 16376911
-1.496 9.782 4.974 12616956
-30.493 65.472 1.990 3003583
-35.810 79.929 2.518 3003583
-32.549 68.848 2.183 3003583
-25.230 53.107 1.620 3003583
-15.943 32.251 0.897 16757844
-33.888 79.326 2.504 3003583
-26.408 62.738 1.846 8191851
-23.260 50.875 1.476 8191851
-24.765 58.719 3.579 6737151
-21.229 45.232 1.321 8191851
-34.186 81.429 2.711 8191851
-29.309 68.495 2.177 3003583
-22.195 47.990 1.408 3003583
-24.510 58.904 4.540 3718648
-30.753 71.336 2.265 8191851
-37.624 92.032 4.156 3718648
-25.418 64.681 1.999 3003583
-22.041 51.271 1.441 8191851
-26.578 67.498 2.184 3003583
-14.068 12.478 0.365 16376911
-14.742 20.246 0.546 16757844
-24.801 58.723 3.474 3718648
-17.617 26.472 0.741 16376911
-18.937 34.546 1.036 16376911
-20.404 45.459 1.292 8191851
-21.788 53.422 1.626 3003583
-22.878 61.886 3.815 3718648
-21.599 60.463 3.170 6737151
-20.696 50.567 1.559 8191851
-18.677 31.418 0.943 16757844
-22.925 62.052 3.452 3718648
-21.648 60.660 3.286 8191851
-22.915 81.672 6.714 6737151
-22.373 61.700 2.468 8191851
-21.687 79.669 6.501 6737151
-19.637 53.822 2.831 3003583
-19.284 4.126 0.502 16757844
-19.884 54.017 3.208 8191851
-15.839 77.501 2.724 3003583
-25.258 -0.023 0.884 16376911
-19.880 63.213 4.395 6737151
-18.692 62.664 4.200 3718648
-19.427 45.478 1.265 8191851
-22.561 2.001 4.121 16739210
-23.028 0.370 1.318 16757844
-18.868 52.413 2.644 3003583
-23.615 4.919 0.688 16757844
-19.107 52.912 2.700 8191851
-25.002 -0.349 3.295 16376911
-12.568 78.990 7.088 3718648
-25.254 19.552 2.501 16757844
-26.541 2.314 2.429 16376911
-13.566 87.941 2.284 8191851
-11.783 68.652 3.301 6737151
-12.877 88.238 2.255 8191851
-17.810 51.607 1.728 3003583
-10.426 71.430 1.819 3003583
-24.451 20.194 1.745 16757844
-12.537 72.009 5.598 6737151
-18.352 47.494 1.478 3003583
-11.299 63.599 3.205 6737151
-8.616 80.402 6.226 6737151
-13.587 68.044 2.554 8191851
-8.556 73.852 2.662 6737151
-27.793 17.772 5.328 16739210
-28.694 19.368 2.051 16376911
-27.201 16.448 3.962 16739210
-18.601 44.972 1.379 8191851
-11.479 63.801 3.356 6737151
-7.488 73.373 6.440 3718648
-10.757 61.481 3.669 6737151
-8.388 77.381 3.979 3718648
-10.928 61.878 3.821 3718648
-15.740 50.779 2.740 3003583
-22.818 34.680 1.039 16376911
-9.179 73.034 3.864 3718648
-6.219 75.068 5.756 6737151
-10.965 62.916 3.456 3718648
-10.449 60.879 3.765 3718648
-16.751 47.737 1.792 8191851
-26.895 27.096 1.601 16757844
-9.683 60.802 4.645 6737151
-28.729 25.987 3.329 12616956
-13.458 51.723 3.454 3718648
-13.395 51.589 4.233 3718648
-31.234 25.083 2.861 16757844
-27.568 25.945 4.477 12616956
-13.470 51.768 6.555 6737151
-31.396 25.421 3.786 12616956
-24.073 35.127 1.033 16376911
-13.139 51.030 3.140 6737151
-31.090 24.875 5.103 16739210
-13.381 51.349 3.927 6737151
-31.323 25.328 3.441 12616956
-14.120 49.940 1.586 3003583
-13.573 50.532 2.424 3003583
-13.047 50.828 4.651 6737151
-12.972 50.668 6.333 6737151
-16.300 46.290 1.449 3003583
-32.091 26.938 1.959 16376911
-31.691 26.044 2.232 16757844
-24.803 35.800 1.097 16376911
-14.334 47.566 1.468 8191851
-32.509 26.964 6.036 16739210
-12.345 49.404 3.335 3718648
-35.784 25.529 4.569 12616956
-36.327 25.267 4.080 12616956
-12.762 50.158 3.241 3718648
-32.478 27.022 4.621 16739210
-12.380 49.416 4.505 6737151
-35.859 25.431 3.658 12616956
-37.670 24.585 3.738 12616956
-12.428 49.454 3.468 6737151
-38.700 24.108 4.972 16739210
-17.107 43.852 1.356 8191851
-12.077 47.424 2.963 6737151
-34.171 26.164 3.341 16376911
-37.774 24.400 2.739 16757844
-38.469 24.234 3.920 16376911
-11.621 47.814 3.938 3718648
-11.595 47.730 4.992 3718648
-37.775 24.372 2.881 16376911
-47.203 20.155 4.966 12616956
-49.800 18.984 1.238 16376911
-11.437 47.399 4.964 3718648
-39.306 23.867 3.507 16376911
-54.034 16.967 6.427 16739210
-49.835 18.838 6.461 16739210
-11.024 46.448 3.139 6737151
-55.889 19.022 1.144 16376911
-15.079 44.186 1.953 8191851
-11.447 47.361 2.631 8191851
-10.909 46.238 3.851 3718648
-10.608 45.635 4.857 3718648
-11.602 45.581 2.356 3003583
-11.332 45.576 2.780 8191851
-10.679 45.758 2.509 8191851
-10.527 45.208 2.969 3718648
-10.371 45.105 5.713 6737151
-14.567 43.477 1.415 3003583
-29.913 37.786 1.361 16757844
-11.557 44.713 2.407 8191851
-27.128 39.391 1.258 16376911
-11.463 44.518 2.398 8191851
-12.410 43.343 1.405 8191851
-9.770 43.835 4.817 3718648
-9.976 43.027 1.942 8191851
-47.227 37.152 3.023 16376911
2.490 44.452 2.791 6737151
-30.749 38.964 1.336 16757844
-46.433 35.485 2.649 16757844
-10.016 42.953 2.065 3003583
-37.336 37.957 2.806 16757844
3.052 44.370 2.912 3718648
-14.254 42.398 1.369 3003583
-10.005 43.009 2.657 8191851
-62.459 38.421 7.094 12616956
-13.905 41.708 2.413 8191851
-63.486 38.964 5.165 16757844
3.154 43.254 2.879 3718648
1.132 43.839 5.160 6737151
15.148 41.911 2.457 6737151
-60.750 40.449 6.021 12616956
-1.229 43.042 4.916 6737151
-9.160 41.832 1.446 8191851
-10.604 42.149 1.414 3003583
3.060 40.643 2.136 6737151
-59.636 40.563 2.015 16376911
-60.578 38.698 5.488 16376911
-9.362 41.387 1.467 8191851
-60.303 43.240 7.015 12616956
7.383 40.826 3.386 3718648
-69.870 42.029 5.860 12616956
18.206 40.243 2.571 3718648
-69.898 44.940 6.822 12616956
-62.386 38.898 4.860 16376911
-67.837 46.085 5.583 16757844
-68.379 46.639 5.625 16757844
-59.965 40.140 6.658 16739210
-61.323 42.508 7.819 16739210
0.989 39.330 2.314 6737151
-56.341 43.047 2.802 16757844
3.504 41.142 2.541 3718648
-2.282 40.212 4.742 6737151
-16.243 41.012 1.243 8191851
4.138 38.050 3.293 3718648
-52.794 47.543 6.440 12616956
-9.628 39.266 1.784 8191851
-67.107 48.863 4.796 16757844
5.114 36.498 2.674 3718648
-55.696 49.952 5.954 12616956
-53.087 46.236 3.683 16757844
-30.658 43.076 1.497 16757844
-2.333 36.481 2.682 6737151
-54.322 51.567 5.917 12616956
-60.293 49.407 4.828 16376911
-9.294 38.553 1.326 8191851
-5.040 37.876 4.478 6737151
-65.796 55.253 7.165 12616956
-9.717 38.034 2.432 6737151
-51.132 51.523 6.646 16739210
-27.165 43.847 1.360 16376911
-5.400 35.563 1.062 8191851
-55.282 49.692 6.551 16739210
-14.178 39.700 1.208 3003583
-38.646 48.038 2.699 16376911
-9.340 38.605 2.040 8191851
-53.917 50.472 7.704 12616956
-59.801 59.322 7.655 12616956
-9.948 37.326 2.419 6737151
-30.255 45.115 1.526 16757844
-59.188 55.503 8.135 16739210
-39.676 50.163 2.691 16376911
-4.595 35.246 2.506 3718648
-4.974 33.788 3.169 3718648
-43.646 53.533 2.622 16376911
-6.209 33.257 2.317 6737151
-10.336 35.655 2.042 3003583
-5.703 33.090 2.387 6737151
-44.766 55.777 4.930 12616956
-7.150 32.868 2.706 6737151
-1.376 31.247 2.788 3718648
-41.377 53.066 2.100 16757844
-52.275 63.518 4.496 16757844
-15.350 38.471 3.040 3718648
-11.793 37.113 2.408 8191851
-6.939 33.510 1.817 8191851
-29.641 47.571 1.486 16757844
-54.970 61.470 4.286 16376911
-45.425 56.155 5.323 16739210
-3.561 30.394 3.497 6737151
-25.915 45.875 1.435 16376911
-45.864 62.960 4.304 16757844
-42.515 56.882 3.113 16757844
-51.758 66.068 6.654 12616956
-53.359 67.630 4.874 16757844
-44.944 63.269 6.608 12616956
-46.229 62.815 6.878 16739210
-44.680 63.844 5.844 12616956
-46.959 66.414 6.992 12616956
-28.806 48.412 1.521 16757844
-52.567 64.912 4.307 16376911
-0.528 23.841 4.211 3718648
-51.816 67.529 5.061 16376911
-46.981 70.384 6.358 12616956
-9.256 32.631 2.667 3718648
-28.210 48.914 1.541 16757844
-13.913 35.096 4.418 3718648
-13.927 35.509 1.466 3003583
-6.399 26.059 1.229 3003583
-40.528 62.933 5.190 16376911
-37.467 60.423 2.065 16757844
-47.890 79.658 4.757 16757844
-42.089 69.634 2.487 16376911
-11.854 30.680 0.871 8191851
-43.594 69.301 3.122 16757844
-26.959 49.843 1.567 16757844
-47.993 79.227 3.932 16757844
-6.991 26.609 2.001 3718648
-5.261 18.278 0.453 3003583
-11.660 29.497 0.694 8191851
-6.535 25.585 1.450 8191851
-26.403 50.092 1.582 16757844
-0.559 10.758 3.194 3718648
-45.989 75.038 4.349 16376911
-3.206 18.606 0.843 8191851
-15.317 33.337 0.881 8191851
-5.797 21.415 0.578 8191851
-13.767 31.429 0.827 3003583
-36.573 72.908 2.415 16376911
-2.479 10.246 0.078 8191851
-10.417 21.681 0.512 3003583
-51.972 93.513 4.842 16376911
-3.537 9.841 0.108 8191851
-11.290 21.365 0.537 3003583
-40.979 86.032 2.984 16757844
-10.228 18.738 0.492 3003583
-30.182 64.685 1.983 16757844
-11.126 7.804 1.567 6737151
-14.430 25.971 0.772 3003583
-15.140 21.599 0.546 8191851
-40.224 97.545 4.241 16757844
-8.449 7.274 0.178 8191851
-28.339 77.825 4.992 16757844
-28.112 78.040 4.123 16757844
-32.513 81.219 2.882 16757844
-13.397 13.792 0.706 3003583
-14.593 11.462 0.397 3003583
-11.503 15.717 0.444 8191851
-29.927 76.617 7.339 16739210
-26.562 70.783 5.483 12616956
-24.510 58.723 5.946 12616956
-23.271 62.500 4.118 16757844
-13.515 13.007 1.509 8191851
-29.791 75.647 6.396 16739210
-13.997 13.289 0.862 8191851
-16.357 17.777 0.436 3003583
-22.282 60.934 3.561 16757844
-18.040 29.740 0.903 3003583
-22.749 61.724 4.182 12616956
-21.062 48.786 1.378 16376911
-16.707 10.094 0.553 3003583
-26.302 70.722 3.731 16376911
-27.235 78.639 5.646 16739210
-25.429 81.137 6.432 16739210
-25.103 80.830 7.557 16739210
-21.248 60.299 4.057 12616956
-21.113 61.470 2.494 16376911
-20.446 83.047 7.132 16739210
-20.722 7.460 0.484 3003583
-21.132 81.421 7.463 16739210
-21.347 61.022 3.871 16376911
-20.676 31.816 0.952 8191851
-24.579 -0.903 0.686 3003583
-23.581 10.764 0.649 3003583
-20.669 15.058 0.618 3003583
-24.521 0.360 1.004 6737151
-21.129 28.995 0.887 3003583
-11.398 86.183 6.925 12616956
-21.772 31.771 0.952 8191851
-18.604 51.739 2.704 16376911
-23.061 3.260 0.672 8191851
-20.967 37.603 1.140 8191851
-15.270 68.535 3.016 16757844
-24.480 -1.214 3.427 6737151
-12.090 96.983 2.058 16757844
-12.918 88.601 5.514 16376911
-13.378 67.909 2.782 16376911
-21.398 34.775 1.059 3003583
-25.303 19.692 2.104 6737151
-10.635 95.324 2.021 16757844
-26.274 18.104 0.757 3003583
-13.819 68.994 2.474 16757844
-26.606 15.259 6.024 6737151
-11.796 63.844 3.268 16757844
-9.717 85.375 6.555 16739210
-11.886 73.795 5.617 16739210
-12.031 63.529 3.946 12616956
-11.918 63.150 3.924 12616956
-11.086 71.626 6.522 12616956
-5.612 75.915 6.138 16739210
-17.653 47.474 1.469 16376911
-15.892 50.792 1.949 16376911
-11.403 63.813 3.114 16376911
-11.112 63.243 3.093 16376911
-10.984 62.312 3.597 16376911
-28.825 18.728 2.558 6737151
-27.404 24.020 1.833 3003583
-27.981 25.408 2.426 6737151
-27.656 23.627 1.936 8191851
-30.313 23.242 3.314 6737151
-27.837 25.086 2.044 8191851
-25.914 32.700 1.145 3003583
-27.294 27.229 1.861 8191851
-30.798 24.120 1.902 3003583
-28.656 26.904 5.433 6737151
-30.354 23.271 4.395 6737151
-29.884 22.293 3.143 3718648
-30.317 23.217 2.639 3718648
-24.811 38.116 1.176 3003583
-10.874 62.763 2.670 16376911
-26.737 35.981 1.219 8191851
-33.963 26.171 2.994 6737151
-32.746 26.960 1.517 3003583
-35.583 25.540 3.019 6737151
-32.089 26.995 3.688 3718648
-33.924 26.378 1.451 3003583
-32.261 27.140 2.259 8191851
-11.001 62.421 4.359 16739210
-10.590 61.123 3.686 12616956
-10.725 62.448 3.388 16376911
-10.679 62.304 2.418 16757844
-11.068 63.178 3.546 16376911
-9.548 59.657 4.379 12616956
-10.627 61.169 3.804 16376911
-32.677 26.892 3.839 6737151
-36.837 24.966 4.345 3718648
-9.824 58.648 3.875 12616956
-40.351 23.232 3.075 6737151
-10.087 61.008 2.856 16757844
-35.396 25.630 6.187 6737151
-9.633 58.281 3.851 12616956
-36.338 25.205 3.885 3718648
-38.991 24.245 1.188 3003583
-9.823 60.450 2.836 16757844
-7.984 59.306 3.430 16757844
-9.378 61.996 5.181 12616956
-9.623 58.411 3.963 12616956
-7.644 59.085 3.879 12616956
-9.480 59.677 3.258 16376911
-39.460 23.781 2.749 8191851
-9.740 60.232 3.398 16376911
-6.448 60.755 4.607 16739210
-7.915 59.116 3.999 12616956
-28.730 37.650 1.354 8191851
-38.556 24.132 4.144 6737151
-9.359 59.428 3.357 16376911
-8.226 60.549 5.056 12616956
-54.038 17.025 1.253 3003583
-41.839 22.641 3.622 3718648
-14.990 51.407 3.175 16376911
-43.052 21.954 2.196 8191851
-43.318 21.857 2.928 3718648
-7.297 59.795 4.280 16739210
-7.206 59.664 3.304 16376911
-43.397 26.930 1.316 3003583
-49.829 18.840 2.073 8191851
-48.347 23.474 1.313 3003583
-42.991 31.247 1.352 8191851
-13.017 50.770 2.788 16757844
-13.859 49.959 2.497 16376911
-13.243 51.295 3.424 16739210
-12.769 50.245 3.492 12616956
-38.522 33.680 1.439 3003583
-14.473 49.623 2.702 16757844
-32.902 37.896 1.470 3003583
-28.008 41.019 1.358 3003583
-25.586 42.792 1.331 8191851
-12.497 49.649 4.094 16739210
-12.944 50.487 3.142 16376911
-13.651 48.958 2.482 16376911
-14.557 48.852 1.544 16757844
-12.340 49.336 4.078 16739210
-34.496 38.090 2.024 3003583
-37.370 39.082 2.154 8191851
-12.051 48.707 3.662 16739210
-28.409 41.873 1.406 3003583
-12.084 48.620 2.700 16757844
-37.777 39.939 2.181 8191851
-12.125 48.880 2.526 16757844
-11.876 48.291 4.528 16739210
-11.807 48.155 5.803 16739210
-33.837 40.451 1.613 3003583
-12.144 48.917 2.829 16376911
-46.204 39.588 1.708 8191851
-31.540 42.352 1.557 8191851
-64.484 35.094 3.314 6737151
-12.397 47.509 2.976 16376911
-64.723 35.475 2.302 3003583
-31.636 42.773 1.573 8191851
-38.373 40.783 1.946 3003583
-47.956 38.821 2.207 3003583
-66.761 37.518 5.540 3718648
-11.030 46.523 4.000 16739210
-38.154 40.832 2.702 8191851
-29.053 43.548 1.440 3003583
-60.025 40.055 7.734 3718648
-33.540 42.930 1.811 3003583
-49.738 41.864 1.933 3003583
-37.944 44.258 2.924 3003583
-56.904 43.684 3.312 3003583
-13.762 46.029 1.466 16757844
-11.529 44.836 2.757 16757844
-26.118 44.853 1.407 8191851
-59.609 46.552 5.161 6737151
-63.747 48.351 5.408 6737151
-68.520 46.621 5.863 3718648
-11.067 45.114 1.939 16757844
-37.615 46.026 1.877 8191851
-66.897 48.154 5.818 3718648
-52.945 47.225 7.070 3718648
-13.883 44.782 1.471 16757844
-37.599 46.302 1.884 8191851
-10.918 43.978 1.439 16376911
-37.660 46.705 1.884 8191851
-59.636 49.360 6.356 3718648
-0.779 42.595 2.855 12616956
-35.928 46.827 4.458 3718648
-9.908 42.748 2.631 16757844
-34.385 47.463 3.073 3003583
-51.402 49.433 6.964 3718648
-9.731 43.695 2.790 16376911
-52.404 47.061 3.214 8191851
-57.969 53.075 4.395 6737151
0.425 41.209 4.691 16739210
-39.176 47.245 3.173 8191851
-62.850 55.572 5.568 6737151
15.968 39.104 2.773 16376911
7.753 41.670 4.788 12616956
4.204 37.660 3.148 12616956
-37.659 48.904 1.894 8191851
-56.745 54.114 4.601 6737151
-42.581 51.611 2.955 3003583
-11.145 42.232 1.388 16376911
-11.105 42.074 1.373 16376911
-53.127 55.807 4.337 6737151
-42.915 52.387 2.955 3003583
-54.872 53.197 3.924 8191851
8.824 35.814 4.059 16739210
-56.855 54.396 5.674 3718648
4.589 39.422 3.648 16739210
-0.158 36.870 2.591 16757844
-44.759 51.481 4.868 3718648
-43.680 53.703 2.949 3003583
-25.862 46.415 1.455 8191851
-61.076 58.867 4.849 6737151
-47.492 54.178 4.958 3718648
-9.688 41.416 1.631 16757844
-37.189 50.683 1.915 8191851
-43.034 54.148 2.962 3003583
-0.058 38.104 2.351 16376911
-9.719 41.107 2.136 16757844
-54.954 60.057 4.476 6737151
-0.683 36.783 4.624 16739210
-56.506 55.488 5.051 3718648
-40.670 52.961 5.892 3718648
8.287 35.541 3.675 16739210
-3.628 36.972 2.777 12616956
-45.185 54.458 4.993 3718648
-4.123 35.924 3.572 12616956
-52.250 55.955 4.130 3718648
-1.057 36.566 2.343 16376911
-41.772 54.722 3.115 3003583
-25.656 46.919 1.466 8191851
-49.488 60.530 5.089 6737151
-51.112 58.323 5.473 3718648
-51.269 58.528 6.633 6737151
-42.164 57.192 2.141 8191851
-5.200 35.293 3.553 12616956
-51.064 60.980 3.810 6737151
-54.969 59.398 5.945 6737151
-43.424 54.516 3.372 8191851
-2.499 35.566 2.861 16376911
-41.749 55.218 2.724 3003583
-16.462 42.003 1.286 16376911
-2.940 35.171 3.353 16739210
-31.192 50.774 1.586 8191851
-3.771 35.398 2.399 16376911
-42.902 55.455 3.381 8191851
-14.305 40.955 1.263 16757844
-42.741 57.459 3.251 8191851
-4.795 35.023 2.422 16376911
-33.257 52.425 1.786 3003583
-46.478 63.029 5.927 3718648
-51.861 67.210 3.885 6737151
-43.241 58.063 3.398 8191851
-2.646 30.796 4.668 16739210
-42.090 59.193 7.488 6737151
-45.455 63.521 3.770 6737151
-41.405 62.259 2.942 3003583
-38.829 58.707 6.085 3718648
-2.589 28.097 3.674 12616956
-2.552 30.838 5.131 12616956
-51.883 66.074 4.304 3718648
-2.898 30.692 5.116 12616956
-41.192 62.099 6.586 3718648
-43.682 62.794 5.225 3718648
-9.543 35.253 1.848 16757844
-27.436 49.752 1.571 3003583
-39.850 60.368 7.305 6737151
-10.144 35.115 1.255 16757844
-42.527 65.705 5.800 3718648
-15.173 39.210 1.187 16757844
-36.445 58.525 2.042 3003583
-10.150 33.513 3.600 16739210
-2.086 27.171 3.387 16739210
-7.309 33.002 2.563 16376911
-3.028 29.167 2.942 16739210
-14.613 37.604 2.732 16757844
-13.885 35.270 3.444 12616956
-28.574 53.025 1.666 8191851
-36.901 64.816 2.046 8191851
-42.547 70.391 5.295 3718648
-41.641 67.410 2.516 3003583
-34.815 60.789 1.989 3003583
-42.304 75.949 2.694 3003583
-50.619 84.965 3.958 6737151
-41.593 76.045 2.689 3003583
-45.421 79.052 4.809 6737151
-47.360 78.949 5.119 3718648
-49.225 82.028 3.120 8191851
-36.653 67.765 2.222 3003583
-44.178 76.564 3.138 8191851
-54.000 98.068 4.049 6737151
-47.517 84.027 5.256 3718648
-38.108 71.132 2.427 3003583
-48.510 86.481 5.644 3718648
-31.310 61.915 2.008 3003583
-25.209 51.423 1.585 3003583
-11.920 26.986 0.662 16757844
-41.391 94.557 3.448 3003583
-10.198 19.091 0.413 16376911
-29.747 62.692 1.976 3003583
-23.344 49.124 1.465 8191851
-33.436 72.920 2.346 3003583
-27.307 60.794 1.800 8191851
-41.386 94.533 4.068 8191851
-34.919 74.720 2.478 8191851
-34.668 74.978 2.469 8191851
-28.795 68.691 2.168 3003583
-26.363 61.052 1.780 8191851
-22.952 49.262 1.458 8191851
-28.017 68.402 2.173 3003583
-22.885 49.294 1.453 8191851
-34.096 80.023 5.747 6737151
-29.554 77.813 5.819 3718648
-35.874 87.234 5.176 3718648
-24.623 58.678 4.905 3718648
-18.656 30.884 0.902 16376911
-32.368 80.398 4.827 3718648
-28.133 71.404 2.332 3003583
-24.827 58.687 2.275 3003583
-26.823 76.105 4.848 3718648
-17.396 8.952 1.001 16376911
-23.226 52.219 1.527 3003583
-23.105 52.241 1.524 3003583
-24.467 62.671 1.952 3003583
-22.464 60.905 3.930 6737151
-22.105 49.453 1.427 8191851
-22.370 54.766 1.655 8191851
-25.542 84.028 5.371 3718648
-23.302 62.226 4.210 3718648
-21.593 61.236 2.219 8191851
-22.208 60.952 3.645 6737151
-21.855 60.965 4.001 3718648
-21.730 61.423 4.398 3718648
-22.950 81.577 6.431 6737151
-22.264 61.611 2.603 3003583
-21.637 49.468 1.413 8191851
-21.553 61.529 4.686 6737151
-21.558 61.350 1.980 3003583
-21.681 51.810 1.621 3003583
-20.577 61.749 1.907 3003583
-24.860 20.026 2.041 16757844
-22.727 38.253 1.165 16376911
-18.898 63.217 3.995 3718648
-21.003 51.760 1.599 3003583
-12.648 84.127 4.460 6737151
-26.774 16.553 0.913 16376911
-24.698 29.953 0.984 16376911
-28.288 18.675 4.468 12616956
-19.672 57.945 1.553 3003583
-13.476 90.793 6.904 6737151
-18.360 63.661 1.643 3003583
-27.008 16.010 2.084 16757844
-23.476 38.302 1.166 16376911
-13.325 86.695 4.085 3718648
-17.960 63.468 4.083 3718648
-19.235 53.281 2.933 3003583
-14.489 68.043 2.802 3003583
-13.994 68.368 3.917 6737151
-28.259 25.222 2.282 16376911
-19.745 53.769 3.254 8191851
-18.105 64.111 2.433 8191851
-13.202 72.924 6.099 3718648
-14.529 68.606 2.943 6737151
-13.101 83.611 4.226 3718648
-27.723 17.564 2.340 16376911
-28.666 24.277 5.252 16739210
-27.978 27.045 1.814 16376911
-27.896 25.383 5.520 12616956
-28.125 25.072 4.607 16739210
-14.885 68.780 3.818 3718648
-13.491 68.677 5.075 6737151
-13.213 68.880 1.854 3003583
-28.613 25.680 4.605 16739210
-28.130 25.094 2.640 16376911
-31.616 25.865 2.401 16376911
-30.544 23.620 4.833 16739210
-16.560 57.387 1.375 3003583
-11.300 63.707 2.172 3003583
-12.561 68.743 2.558 8191851
-25.135 38.707 1.180 16376911
-11.047 63.088 2.657 3003583
-19.999 48.679 1.512 8191851
-10.939 62.850 3.135 6737151
-30.723 24.035 2.684 16376911
-8.683 71.449 2.151 8191851
-10.736 62.385 3.119 6737151
-32.082 26.987 4.543 16739210
-10.625 61.677 3.103 6737151
-32.505 26.949 6.388 16739210
-8.757 71.834 1.630 8191851
-30.211 31.639 1.173 16376911
-11.198 63.468 2.418 8191851
-17.404 51.926 1.720 8191851
-11.258 62.573 3.854 3718648
-11.880 63.343 4.026 6737151
-10.833 62.915 4.589 6737151
-36.741 25.051 4.220 12616956
-31.928 26.615 5.040 12616956
-33.474 26.440 2.730 16757844
-26.141 39.166 1.194 16376911
-10.139 61.168 3.188 6737151
-9.677 60.067 3.482 6737151
-9.618 59.970 2.585 3003583
-32.599 26.946 3.840 16739210
-10.682 61.372 3.329 3718648
-34.713 25.827 6.113 12616956
-10.874 62.695 2.047 8191851
-33.335 26.604 3.880 16739210
-15.955 51.890 2.443 8191851
-41.277 22.855 2.439 16376911
-38.349 24.259 4.480 12616956
-36.719 24.961 3.340 16376911
-36.762 24.927 5.254 16739210
-39.536 23.701 4.563 12616956
-43.363 22.001 3.909 16757844
-9.381 59.462 3.122 6737151
-15.879 52.026 2.536 3003583
-35.603 25.549 4.570 16739210
-37.527 25.425 1.170 16757844
-9.675 60.052 3.258 3718648
-38.499 24.172 6.663 12616956
-41.847 22.636 5.433 16739210
-46.357 20.507 2.409 16376911
-19.248 48.087 1.498 8191851
-40.765 23.035 2.099 16757844
-38.143 24.398 3.539 16376911
-45.338 21.000 4.188 12616956
-38.894 24.049 3.565 16376911
-39.196 23.890 2.934 16376911
-39.313 26.198 1.208 16757844
-15.857 51.622 1.901 3003583
-47.858 19.890 2.615 16757844
-15.628 51.695 2.839 8191851
-15.611 50.426 2.750 3003583
-42.155 22.504 5.104 16739210
-17.616 49.438 1.602 3003583
-15.734 50.605 2.568 3003583
-15.665 50.606 2.800 3003583
-48.821 19.362 5.447 16739210
-50.356 18.447 5.570 16739210
-27.705 40.513 1.263 16376911
-46.669 20.284 6.721 12616956
-41.516 27.742 1.290 16757844
-15.699 50.592 2.352 3003583
-50.351 18.695 4.884 16739210
-52.472 17.701 5.013 16739210
-13.372 51.438 3.410 3718648
-15.062 50.222 1.887 3003583
-35.410 36.528 1.475 16376911
-44.113 30.079 1.398 16757844
-12.772 50.293 3.960 3718648
-16.847 48.049 2.737 3003583
-13.818 49.134 3.019 6737151
-12.952 50.475 5.874 6737151
-46.271 31.890 1.453 16757844
-55.858 29.172 3.125 16757844
-35.647 39.020 1.672 16376911
-16.869 48.055 2.840 8191851
-13.429 49.854 3.183 3718648
-37.207 38.834 2.613 16376911
-14.435 48.284 1.515 8191851
-28.931 43.081 1.420 16376911
-37.834 40.229 2.667 16376911
-64.353 34.738 3.183 16376911
-29.064 43.396 1.425 16376911
-16.406 47.016 2.268 3003583
-47.297 37.683 2.836 16757844
-38.210 40.638 2.280 16757844
-11.316 47.079 3.103 6737151
-12.169 46.751 2.886 6737151
-65.316 36.854 3.519 16757844
-64.713 35.471 2.699 16757844
-11.477 47.461 3.612 6737151
-65.530 38.063 5.622 12616956
-66.328 39.672 5.707 12616956
-11.357 47.014 2.231 3003583
-66.714 40.029 6.795 12616956
-63.859 39.143 5.795 16376911
-11.074 46.558 3.588 6737151
-61.559 44.300 6.234 12616956
-12.074 46.376 2.988 3718648
-63.436 38.944 5.028 16376911
-37.348 44.700 1.848 16376911
-16.025 45.856 1.454 3003583
-57.763 44.050 3.632 16757844
-18.151 45.463 1.411 8191851
-64.795 40.232 7.148 16739210
-58.920 47.959 7.003 12616956
-58.767 48.104 6.124 12616956
-11.266 45.733 3.003 3718648
-32.504 45.531 1.666 16757844
-10.491 45.343 2.703 3718648
-38.367 46.985 2.879 16376911
-6.486 42.751 2.873 6737151
-10.087 44.463 4.314 6737151
-55.738 50.897 5.979 12616956
-35.395 46.999 3.735 16757844
-29.573 46.425 1.451 16376911
-7.390 42.821 2.638 6737151
-35.390 46.977 3.497 16757844
-14.828 43.691 2.334 8191851
-7.879 42.559 2.652 6737151
-63.127 49.177 4.318 16376911
-29.482 46.934 1.465 16376911
-34.543 47.383 3.193 16757844
-57.382 51.310 4.020 16757844
-57.870 55.489 3.690 16376911
-29.424 47.195 1.472 16376911
-0.744 42.169 3.089 6737151
-62.429 53.599 4.171 16757844
-45.300 52.721 4.676 16757844
-7.668 41.423 1.920 3003583
-9.183 41.775 2.376 6737151
-10.017 42.575 2.242 8191851
-7.444 42.598 2.807 3718648
9.118 35.948 4.592 3718648
-32.503 48.114 1.679 16757844
2.245 37.287 2.083 6737151
-58.697 59.852 3.774 16376911
1.736 36.786 2.676 3718648
-9.366 40.651 2.033 3003583
0.837 37.849 2.856 3718648
-45.061 55.454 5.344 12616956
-0.825 36.743 2.195 6737151
-44.671 54.528 5.419 12616956
-9.588 40.918 1.331 3003583
-53.313 58.369 6.276 12616956
-13.015 42.080 1.416 3003583
5.570 34.854 3.762 6737151
-51.040 59.652 5.966 12616956
-40.790 52.559 6.664 12616956
-44.729 54.183 5.550 16739210
-52.322 58.071 4.837 16376911
-47.861 55.052 4.725 16376911
-46.918 57.740 5.742 12616956
-51.489 60.204 4.672 16757844
-59.869 60.128 7.354 16739210
-13.930 41.709 1.548 3003583
-4.732 35.121 2.662 6737151
-44.633 58.757 6.080 12616956
-2.443 35.969 2.367 3718648
-45.720 56.716 6.531 16739210
-14.616 41.353 1.254 8191851
-54.563 59.376 8.094 12616956
-41.927 55.321 2.377 16757844
-11.810 39.584 1.300 8191851
-18.417 43.381 1.194 8191851
-45.356 56.287 5.249 16739210
-51.311 61.041 4.881 16376911
-51.737 65.643 5.455 16757844
-9.998 38.371 1.198 3003583
-54.042 66.506 5.829 12616956
-9.159 37.627 1.600 3003583
-48.606 60.087 4.209 16376911
-54.461 65.926 4.261 16757844
-6.819 33.160 2.680 6737151
-42.787 59.019 2.298 16757844
-46.375 63.473 5.993 12616956
-10.269 35.574 2.462 6737151
-9.387 37.402 1.695 8191851
-54.098 65.734 6.246 16739210
-47.618 63.817 7.218 16739210
-46.273 63.411 6.158 16739210
-48.327 69.688 3.767 16376911
-49.378 66.714 4.162 16757844
-44.139 62.885 5.299 16376911
-51.299 66.423 8.217 12616956
-9.468 32.751 1.913 3003583
-9.642 32.669 1.503 3003583
-13.895 38.514 1.176 3003583
-45.626 63.664 4.203 16376911
-6.855 33.321 2.571 3718648
-40.633 63.506 6.188 16739210
-27.207 50.596 1.589 16376911
-0.343 23.486 4.479 3718648
-10.702 34.882 1.915 8191851
-14.710 37.646 1.485 8191851
-40.758 63.623 6.517 16739210
-40.435 63.691 7.688 12616956
-10.701 34.895 1.643 8191851
-8.768 30.043 1.373 3003583
-13.836 35.860 1.160 8191851
-47.430 78.212 3.797 16376911
-45.381 73.293 3.952 16757844
-39.669 64.706 2.233 16757844
-49.513 82.725 3.852 16376911
-26.490 51.073 1.616 16376911
-29.167 53.719 1.708 16757844
-45.933 81.121 5.777 16757844
-50.378 84.413 4.155 16757844
-43.275 70.321 7.714 12616956
-13.766 33.312 0.823 8191851
-1.930 15.572 4.758 3718648
-46.974 82.398 4.062 16757844
-44.912 73.495 5.208 16376911
-15.083 35.805 0.951 3003583
-16.955 37.519 1.024 8191851
-5.757 18.844 0.400 3003583
-48.350 85.919 4.400 16757844
-14.887 32.692 0.853 8191851
-1.864 15.758 1.193 3718648
-54.191 97.984 4.701 16757844
-13.579 31.063 0.829 3003583
-27.409 54.726 1.716 16757844
-34.451 67.166 2.203 16757844
-25.213 51.966 1.588 16376911
-14.213 30.762 0.849 3003583
-24.922 52.104 1.582 16376911
-26.695 55.100 1.704 16757844
-34.297 79.778 5.204 16757844
-19.276 39.414 1.163 3003583
-10.543 21.171 0.543 8191851
-17.605 34.545 1.020 3003583
-34.132 80.290 7.159 16739210
-37.814 86.351 5.126 16376911
-9.771 11.872 0.332 8191851
-25.727 55.551 1.677 16757844
-15.680 23.713 0.663 3003583
-29.318 77.654 5.675 12616956
-24.899 58.799 3.903 16757844
-18.588 34.208 1.046 3003583
-14.685 20.675 0.592 3003583
-32.923 81.763 4.791 16376911
-29.583 75.437 6.805 16739210
-16.060 19.350 0.541 3003583
-28.041 78.423 4.303 16757844
-24.439 55.983 1.639 16757844
-24.744 58.708 3.113 16757844
-20.890 38.950 1.205 3003583
-20.243 13.609 0.562 3003583
-27.118 77.160 4.423 16376911
-21.096 38.870 1.196 3003583
-25.336 67.357 2.116 16757844
-19.187 10.307 0.449 3003583
-28.110 78.130 3.912 16376911
-18.909 18.705 0.617 3003583
-22.080 61.780 4.303 12616956
-27.406 82.676 6.581 16739210
-26.613 78.254 3.862 16376911
-17.784 8.778 1.571 3718648
-23.183 61.167 2.395 16757844
-18.225 8.261 0.688 8191851
-20.355 8.950 0.603 8191851
-21.184 62.913 4.752 12616956
-21.182 18.868 0.726 3003583
-22.643 61.901 4.141 16376911
-22.292 59.805 2.441 16757844
-21.366 60.534 3.931 12616956
-20.538 60.963 3.116 16376911
-24.736 6.776 4.007 3718648
-22.451 32.861 1.013 3003583
-23.456 30.041 0.974 8191851
-21.591 60.530 2.376 16757844
-21.669 55.365 1.688 16757844
-27.218 16.618 1.733 3003583
-26.262 14.535 3.957 3718648
-25.445 23.099 1.001 3003583
-18.467 64.202 4.346 12616956
-21.311 60.663 3.760 16376911
-25.618 13.207 4.519 6737151
-21.085 55.244 1.679 16757844
-23.798 32.904 1.050 3003583
-25.483 5.852 3.587 6737151
-13.020 84.561 5.548 12616956
-19.919 54.083 3.106 16376911
-20.787 52.057 1.597 16376911
-19.205 63.152 2.128 16757844
-27.418 24.052 1.141 3003583
-14.895 68.336 3.970 16757844
-12.260 76.018 5.711 12616956
-18.249 62.762 3.630 16376911
-15.646 67.939 4.112 12616956
-13.294 86.746 6.437 16739210
-19.837 53.916 2.655 16757844
-14.084 68.792 3.537 16757844
-13.689 68.616 3.518 16757844
-19.434 53.885 2.985 16757844
-15.233 70.091 4.500 16739210
-9.778 72.501 2.621 16376911
-19.080 52.896 2.842 16376911
-5.159 81.012 5.364 12616956
-9.844 70.347 4.065 12616956
-10.377 71.182 4.937 16739210
-6.950 76.911 4.503 16376911
-9.354 72.473 3.118 16376911
-31.297 25.271 1.706 3003583
-30.735 24.089 4.143 3718648
-28.662 33.734 1.236 8191851
-33.202 26.754 1.005 8191851
-27.380 39.344 1.311 8191851
-33.686 26.319 2.539 6737151
-27.816 39.502 1.323 8191851
-34.163 26.121 2.540 6737151
-36.554 24.955 2.377 3003583
-34.976 25.685 5.389 3718648
-35.890 25.463 1.159 3003583
-35.013 24.476 3.259 3718648
-6.586 77.260 5.548 12616956
-36.707 25.511 1.160 3003583
-8.525 72.810 3.875 16757844
-37.334 24.738 4.476 3718648
-32.502 31.691 1.263 3003583
-40.921 23.111 1.629 3003583
-4.828 76.596 3.926 16757844
-37.932 25.842 1.183 3003583
-39.267 23.903 1.853 3003583
-7.677 73.755 6.561 16739210
-42.734 22.264 1.572 3003583
-43.624 21.839 1.542 3003583
-38.915 23.981 5.085 6737151
-33.462 35.953 2.911 3003583
-29.464 40.451 1.398 8191851
-37.523 24.610 4.163 6737151
-42.903 22.229 1.761 3003583
-17.952 57.503 1.444 16757844
-8.119 72.366 4.174 16376911
-33.369 35.834 2.999 6737151
-38.980 23.969 3.557 3718648
-39.140 23.866 4.246 6737151
-42.564 22.292 3.474 3718648
-40.027 23.477 3.588 3718648
-42.447 23.033 1.251 3003583
6.076 88.071 5.817 16739210
-10.758 62.513 3.531 16757844
-5.338 74.862 6.289 12616956
-11.450 62.727 4.093 12616956
-47.218 19.785 5.762 6737151
-10.463 61.897 3.070 16757844
-11.300 63.649 2.465 16757844
-32.063 38.874 1.462 3003583
-11.458 62.934 4.214 16739210
-10.486 61.188 2.637 16376911
-10.106 61.025 3.037 16757844
-10.691 61.432 3.174 16757844
-11.291 63.249 4.344 16739210
-10.363 62.580 4.747 16739210
-50.644 18.405 2.955 3718648
-56.565 15.649 1.629 8191851
-52.052 17.897 1.990 8191851
-53.561 17.169 3.995 3718648
-10.935 62.193 4.273 16739210
-32.721 40.263 1.603 3003583
-10.449 61.231 2.845 16757844
-8.769 62.507 5.694 12616956
-43.925 30.619 1.809 3003583
-9.665 59.095 3.783 12616956
-9.669 60.113 2.688 16757844
-19.018 52.487 1.683 16376911
-51.875 22.117 1.303 8191851
-37.031 38.574 2.283 3003583
-9.567 58.908 2.067 16376911
-9.904 60.646 3.337 16376911
-10.000 59.305 3.993 16739210
-9.430 58.487 0.951 16376911
-9.257 60.449 4.817 12616956
-18.722 52.048 1.669 16376911
-8.640 59.562 4.553 16739210
-9.527 58.844 3.169 16376911
-4.907 59.182 2.292 16376911
-9.325 59.374 3.281 16376911
-7.956 58.059 0.764 16376911
-37.877 40.026 1.919 3003583
-8.843 58.920 3.669 16739210
3.567 61.663 3.895 12616956
-4.300 60.290 1.087 16757844
-37.599 42.000 1.780 8191851
-38.188 40.906 2.598 3003583
-46.715 36.538 2.126 3003583
0.588 63.184 3.796 16739210
-30.149 45.619 1.538 3003583
-18.356 51.186 1.661 16376911
-6.749 55.194 3.609 12616956
-15.809 52.182 2.090 16376911
-46.915 36.635 2.896 8191851
-46.973 37.023 2.299 8191851
-6.705 55.290 3.720 12616956
-37.210 44.048 1.961 8191851
-2.256 57.780 3.993 16739210
-13.774 52.295 4.170 16739210
-30.432 46.205 1.556 3003583
-2.442 58.155 3.606 16739210
-13.616 52.012 4.164 16739210
-64.403 34.810 2.533 8191851
-37.512 44.949 2.652 3003583
-62.879 37.870 7.915 3718648
-37.247 44.510 2.269 3003583
-13.388 51.574 3.270 12616956
-13.339 51.485 4.654 16739210
-38.314 46.086 3.015 3003583
-15.818 50.824 2.111 16376911
-65.364 41.554 5.239 6737151
-60.832 38.600 6.771 6737151
-27.922 47.980 1.504 8191851
-37.614 45.257 2.283 3003583
-62.359 41.172 7.870 3718648
-34.749 47.334 3.664 6737151
-37.855 45.872 2.848 3003583
-30.916 47.465 1.573 3003583
-63.393 41.420 7.040 6737151
-64.961 39.649 4.930 3718648
-13.023 50.761 4.348 12616956
-39.256 47.160 3.122 3003583
-68.407 44.693 4.663 6737151
-34.673 47.340 3.007 3003583
-15.120 49.709 2.547 16376911
-52.595 46.778 3.566 6737151
-36.422 47.401 1.845 3003583
-12.537 49.723 4.659 16739210
-59.565 46.782 5.293 3718648
-28.001 48.738 1.537 8191851
-60.395 49.308 4.322 6737151
-39.002 48.399 2.008 8191851
-59.566 44.229 5.660 6737151
-61.327 45.985 6.920 6737151
-39.830 48.530 3.150 3003583
-63.953 48.037 8.164 3718648
-58.973 44.938 3.974 3718648
-69.679 44.547 6.319 6737151
-39.808 48.248 3.238 8191851
-31.100 48.722 1.600 3003583
-12.359 49.328 3.259 16376911
-59.750 48.145 5.547 3718648
-61.723 48.234 5.664 3718648
-40.223 50.447 3.089 3003583
-60.799 47.212 4.065 3718648
-42.538 50.343 3.145 3003583
-39.320 49.606 2.315 3003583
-31.026 49.412 1.632 3003583
-11.586 47.666 4.727 16739210
-39.515 50.052 2.911 3003583
-39.250 49.327 2.997 8191851
-60.166 52.382 5.677 3718648
-39.443 49.719 3.000 8191851
-42.636 50.889 3.266 8191851
-11.894 48.376 3.301 16739210
-11.555 47.600 4.392 12616956
-43.355 52.524 3.170 3003583
-12.361 46.814 1.462 16376911
-43.551 53.354 2.583 3003583
-15.730 47.685 1.554 16757844
-45.540 53.187 5.627 6737151
-44.681 54.544 2.539 3003583
-11.983 46.581 1.882 16757844
-36.257 51.834 1.939 3003583
-41.766 55.077 2.440 8191851
-43.037 52.535 2.945 8191851
-52.002 55.865 3.931 8191851
-36.111 52.075 1.953 3003583
-45.078 54.368 4.849 3718648
-11.607 44.797 2.424 16376911
-42.198 56.033 2.411 8191851
-51.417 58.100 5.843 3718648
-42.457 54.518 3.324 8191851
-11.499 44.824 2.790 16757844
-44.318 54.367 3.430 8191851
-43.080 57.797 2.346 8191851
-10.712 44.755 2.523 16757844
9.529 36.149 2.653 12616956
-41.954 55.575 2.884 3003583
-10.320 44.972 4.041 12616956
-9.297 42.943 2.665 16757844
-42.108 56.142 2.879 3003583
-43.025 56.592 3.338 8191851
-11.189 44.186 2.840 16376911
-41.929 55.435 2.998 8191851
-0.053 36.615 3.880 12616956
-43.100 57.506 3.344 8191851
-33.131 53.781 1.765 8191851
-53.672 64.429 7.656 3718648
-41.146 57.071 2.177 3003583
-42.862 59.142 3.224 3003583
-27.467 51.047 1.602 8191851
-6.507 38.915 3.734 12616956
-33.168 54.491 1.711 8191851
-9.900 42.099 2.039 16757844
-30.248 52.508 1.667 3003583
-43.035 59.473 7.117 6737151
-52.789 66.877 3.908 6737151
-32.865 54.849 1.726 8191851
-4.541 37.139 3.395 12616956
-44.529 62.780 4.952 3718648
-44.954 63.186 6.645 3718648
-29.950 52.940 1.681 3003583
-42.325 60.756 2.841 3003583
-43.185 60.120 3.484 8191851
-45.820 64.846 3.814 6737151
0.064 35.640 3.731 16739210
-39.936 59.900 2.169 3003583
-29.728 53.204 1.693 3003583
-39.762 60.189 2.169 3003583
-0.786 31.663 3.414 12616956
-47.435 66.125 4.698 3718648
-42.509 61.455 3.487 8191851
-49.183 69.932 3.889 6737151
-45.251 65.159 5.228 3718648
-42.387 66.245 3.037 3003583
-3.049 30.609 3.258 12616956
-6.025 35.976 5.146 12616956
-10.118 36.688 2.005 16376911
-42.027 61.992 3.488 8191851
-36.563 60.383 1.985 8191851
-51.443 69.188 5.918 6737151
0.281 32.167 3.756 16739210
-43.103 68.354 3.638 3003583
-42.960 68.430 4.275 6737151
-10.381 35.970 1.987 16376911
-42.338 68.645 4.895 6737151
-42.755 67.882 5.674 3718648
-45.244 73.131 2.902 3003583
-30.947 56.557 1.788 8191851
-7.946 32.856 2.364 16757844
-47.093 77.482 4.530 6737151
-11.709 37.354 1.243 16757844
-26.464 52.279 1.630 8191851
-30.389 56.974 1.795 8191851
-42.742 70.619 2.624 3003583
-40.258 70.068 2.351 3003583
-44.441 78.657 2.786 3003583
-49.939 83.493 3.944 6737151
-32.230 59.361 1.911 3003583
-50.270 85.022 4.995 6737151
-28.054 54.720 1.733 3003583
-50.056 83.773 4.201 8191851
-38.121 70.551 2.359 3003583
-35.100 64.706 2.139 3003583
-32.231 63.000 2.003 8191851
-40.008 73.527 2.556 3003583
-48.991 95.162 3.923 6737151
-14.440 32.708 5.495 16739210
-12.684 30.995 0.753 16757844
-40.270 85.100 2.823 3003583
-38.942 75.784 2.658 8191851
-30.215 64.033 1.960 8191851
-26.796 55.518 1.713 3003583
-17.936 35.886 1.020 16376911
-41.717 88.214 3.022 8191851
-34.064 80.153 4.946 6737151
-33.398 83.188 3.374 3003583
-37.704 91.856 4.713 6737151
-15.987 29.581 0.849 16757844
-33.521 76.123 2.435 3003583
-28.396 64.836 1.903 8191851
-43.072 97.987 4.395 3718648
-34.796 77.765 2.560 8191851
-29.524 67.220 2.041 3003583
-25.821 55.942 1.686 3003583
-34.959 86.480 2.929 8191851
-34.238 79.837 4.752 3718648
-30.914 75.654 2.419 3003583
-24.561 53.329 1.582 8191851
-27.986 71.125 2.299 3003583
-26.682 61.748 1.839 3003583
-17.644 17.940 0.481 16376911
-25.062 56.152 1.666 3003583
-22.708 42.500 1.322 16376911
-21.600 34.101 1.009 16376911
-24.867 56.183 1.662 3003583
-25.715 84.728 3.963 6737151
-24.574 58.868 2.912 3003583
-24.071 53.417 1.569 8191851
-21.039 17.639 0.603 16376911
-28.331 78.142 2.429 8191851
-27.861 76.976 5.088 6737151
-24.556 58.804 4.278 6737151
-23.359 87.979 2.110 3003583
-24.133 80.623 6.804 3718648
-24.119 85.019 2.447 3003583
-24.599 58.798 3.088 8191851
-22.911 61.853 3.874 6737151
-22.835 62.150 2.969 3003583
-25.969 83.723 5.374 6737151
-22.588 61.540 3.851 6737151
-22.700 59.860 2.664 8191851
-23.014 61.961 3.657 6737151
-23.672 56.077 1.679 3003583
-22.302 60.888 2.991 3003583
-22.142 61.039 3.259 3003583
-25.961 13.824 5.001 16739210
-23.440 55.969 1.698 3003583
-22.304 62.051 3.028 3003583
-22.682 58.472 1.765 8191851
-28.260 18.591 1.827 16376911
-27.652 25.903 4.401 12616956
-23.111 53.441 1.527 8191851
-22.439 61.409 2.836 3003583
-24.729 42.247 1.309 16376911
-22.745 61.914 4.093 6737151
-20.811 60.775 3.206 3003583
-25.003 42.261 1.309 16376911
-28.252 25.983 4.014 12616956
-19.587 63.018 3.131 3003583
-21.995 60.625 3.461 3718648
-30.902 24.340 2.814 16757844
-26.834 26.088 5.037 12616956
-20.978 61.269 2.308 3003583
-27.582 24.488 5.182 12616956
-28.555 27.225 2.036 16757844
-19.598 62.751 3.216 6737151
-19.388 63.166 2.437 3003583
-18.996 63.656 3.186 6737151
-20.230 61.646 2.720 3003583
-30.013 25.919 1.000 16757844
-18.694 63.343 3.524 6737151
-31.803 26.395 4.740 16739210
-31.883 26.536 4.177 12616956
-22.243 53.091 1.555 8191851
-34.809 23.808 2.283 16376911
-27.078 39.271 1.284 16757844
-30.903 24.428 4.469 16739210
-26.503 42.522 1.316 16376911
-9.906 80.744 0.908 3003583
-26.626 42.564 1.318 16376911
-15.191 67.793 3.475 6737151
-33.580 26.508 4.847 16739210
-33.768 26.400 4.280 12616956
-13.915 67.028 2.820 3003583
-34.722 25.835 3.138 16757844
-8.021 76.998 3.933 6737151
-34.883 25.874 4.352 12616956
-19.148 58.249 1.479 8191851
-13.165 67.281 3.753 6737151
-37.567 24.575 2.384 16376911
-20.977 55.122 1.672 3003583
-14.300 68.985 2.059 3003583
-36.224 25.314 1.606 16376911
-36.308 25.203 3.810 12616956
-34.592 26.038 3.884 16376911
-34.677 25.835 6.424 12616956
-28.343 39.862 1.354 16757844
-13.934 70.573 3.754 3718648
-14.426 69.218 4.244 6737151
-14.169 67.141 3.069 8191851
-8.201 72.267 3.130 6737151
-11.997 68.449 3.366 6737151
-38.279 24.289 5.248 16739210
-38.748 24.080 3.920 12616956
-34.887 25.909 3.447 16376911
-2.084 82.910 5.125 3718648
-42.246 22.519 3.892 16757844
-27.794 43.021 1.328 16376911
-12.295 68.159 1.117 3003583
-43.605 21.747 5.530 12616956
-13.403 64.159 1.131 8191851
-10.363 70.162 4.926 6737151
-9.997 70.710 2.886 8191851
-37.525 24.650 4.852 16739210
-37.992 24.475 3.554 16376911
-41.016 22.965 2.008 16757844
-44.503 21.460 1.355 16376911
-11.196 63.446 3.567 6737151
-48.978 19.426 5.994 12616956
-28.271 43.516 1.389 16376911
-15.729 60.169 1.320 3003583
-33.552 37.080 1.455 16376911
-51.270 18.335 4.264 16757844
-41.949 22.603 6.331 12616956
-19.904 54.017 1.715 3003583
1.252 79.138 5.554 6737151
-19.458 53.796 3.370 6737151
-44.546 21.387 4.593 16739210
-44.920 21.261 3.796 16376911
-48.755 19.426 6.660 16739210
-28.807 43.969 1.416 16376911
-10.650 62.193 1.792 3003583
-10.979 61.389 4.005 3718648
-11.036 62.159 3.731 3718648
-10.160 61.185 1.778 3003583
-9.698 60.134 2.592 3003583
-10.489 60.381 3.952 3718648
-9.600 59.981 1.547 8191851
-55.008 16.562 5.210 16739210
-10.480 61.203 2.435 8191851
-9.700 60.205 1.759 3003583
-9.642 60.040 3.105 6737151
-9.456 58.683 1.569 8191851
-9.435 59.541 2.676 6737151
-9.387 59.490 2.261 3003583
-9.542 58.813 2.677 6737151
-9.515 59.754 2.785 8191851
-6.584 59.191 2.385 3003583
-7.989 59.304 2.151 3003583
-37.666 39.591 2.201 16757844
-3.798 59.720 2.205 3003583
-5.673 59.682 2.450 6737151
-16.990 53.172 1.740 8191851
-9.652 58.989 3.682 6737151
-30.171 45.729 1.510 16376911
4.315 62.493 3.132 6737151
2.788 62.699 0.397 3003583
3.438 62.560 5.270 3718648
-6.726 59.660 2.747 3718648
-64.875 31.646 7.235 12616956
3.801 60.242 1.696 3003583
-15.695 52.436 2.430 8191851
-64.293 33.207 3.107 16376911
-47.979 38.840 2.399 16376911
-4.598 59.361 2.129 8191851
8.644 64.005 0.159 3003583
-15.279 52.521 2.750 3003583
-47.819 38.596 2.850 16757844
-15.541 52.107 2.770 3003583
-4.589 56.651 4.140 6737151
-5.208 55.909 4.096 6737151
-15.554 52.083 2.821 8191851
-8.536 54.318 3.029 3718648
-64.648 35.317 3.687 16757844
-38.165 45.454 1.924 16376911
-5.334 55.867 3.066 3718648
-63.069 38.931 6.375 12616956
-15.951 51.222 2.191 8191851
-33.666 46.436 1.740 16757844
-60.796 38.490 7.547 16739210
-31.030 47.718 1.570 16376911
-61.739 40.627 7.205 16739210
-13.507 51.856 5.955 6737151
-60.659 43.312 6.905 12616956
-34.003 46.765 1.717 16757844
-18.152 50.651 1.655 3003583
-63.003 42.690 6.429 12616956
-20.060 49.938 1.557 8191851
-13.207 51.218 5.972 6737151
-14.733 50.976 3.169 3718648
-12.959 50.655 3.541 3718648
-12.900 50.573 5.078 3718648
-64.343 42.094 7.982 16739210
-60.152 44.846 6.233 12616956
-12.920 49.840 3.203 6737151
-13.038 50.814 4.430 6737151
-53.700 48.024 3.499 16376911
-66.424 45.433 6.763 12616956
-13.739 49.994 3.051 6737151
-15.492 50.266 2.789 8191851
-38.919 48.494 2.972 16376911
-12.753 50.235 6.018 6737151
-15.368 50.083 1.849 3003583
-13.778 49.087 2.738 3003583
-15.919 49.524 1.591 8191851
-64.847 50.198 4.585 16757844
-12.201 49.069 5.132 3718648
-12.383 49.414 6.076 6737151
-61.581 53.158 7.227 12616956
-17.927 49.248 1.583 3003583
-52.591 50.053 5.898 16739210
-56.893 53.912 3.661 16376911
-16.157 48.551 1.612 8191851
-42.943 50.477 3.266 16757844
-52.612 49.666 5.383 16739210
-50.003 52.462 6.206 16739210
-34.256 50.398 1.830 16757844
-57.285 51.134 4.186 16376911
-56.965 54.635 5.437 12616956
-63.110 57.827 4.721 16757844
-13.066 47.820 1.858 3003583
-11.502 47.474 4.491 6737151
-12.952 48.216 2.846 3718648
-45.709 51.555 6.241 12616956
-39.789 52.775 1.993 16376911
-11.808 46.579 1.946 3003583
-12.108 45.869 1.804 8191851
-43.740 53.425 3.323 16757844
-50.956 57.961 4.359 16757844
-45.633 55.327 4.796 12616956
-12.394 46.477 2.147 3003583
-39.610 54.214 2.003 16376911
-17.982 47.864 1.501 3003583
-62.638 57.472 4.467 16376911
-10.155 45.210 3.695 6737151
-34.248 52.531 1.815 16757844
-52.268 56.589 5.564 16739210
-45.389 56.457 6.149 16739210
-55.539 62.083 5.590 12616956
-11.689 44.981 1.514 3003583
-52.043 62.856 5.234 16757844
-51.955 58.206 4.222 16376911
-46.697 60.568 5.479 12616956
-43.172 57.820 7.552 16739210
6.870 35.305 3.390 3718648
-0.536 37.027 2.627 6737151
-51.584 62.329 3.944 16757844
-10.115 42.702 2.355 6737151
-42.876 58.556 3.021 16376911
-14.930 45.503 1.517 3003583
5.499 34.438 3.383 3718648
-46.610 59.809 6.470 16739210
0.542 37.516 3.873 6737151
-2.161 35.781 2.646 6737151
-15.293 44.598 2.516 3003583
-14.995 44.931 1.474 3003583
-50.218 64.235 6.782 16739210
-1.807 36.304 2.795 3718648
-18.442 46.567 1.460 3003583
5.850 35.067 3.004 6737151
-37.973 58.011 2.039 16376911
-50.591 64.599 6.298 16739210
-52.615 68.838 5.669 12616956
-41.665 62.007 3.026 16376911
-15.202 43.750 1.384 3003583
-9.611 39.950 1.512 3003583
-7.048 36.896 4.258 3718648
-17.032 44.322 1.363 8191851
-42.233 63.073 5.951 16739210
-15.396 43.400 1.375 3003583
-47.366 67.759 3.950 16757844
-40.807 64.181 5.765 12616956
-4.586 35.080 2.976 3718648
-36.831 59.962 2.027 16376911
-47.050 70.592 6.726 12616956
-43.950 63.395 5.842 16739210
-10.002 37.106 1.135 3003583
-36.692 60.685 1.997 16376911
-2.309 27.653 2.509 6737151
-43.333 65.320 3.415 16757844
-46.794 66.685 4.262 16376911
-43.784 70.007 4.407 16757844
-45.223 66.335 4.215 16376911
-42.608 68.045 6.336 16739210
-42.415 66.251 3.410 16757844
-14.686 39.958 1.201 8191851
-44.773 73.222 5.244 16757844
-45.563 68.158 5.593 16739210
-40.843 64.292 6.439 12616956
-41.328 66.404 2.413 16757844
-46.532 76.532 4.632 16757844
-43.478 69.301 4.057 16757844
-38.833 65.127 4.399 16376911
-42.559 69.207 5.939 16739210
-2.861 28.564 3.056 6737151
-45.178 75.099 2.815 16376911
-31.110 57.583 1.839 16757844
-44.619 78.085 3.781 16376911
-11.172 35.836 1.468 8191851
-18.195 41.954 1.162 8191851
-44.149 71.402 4.970 16376911
-18.329 41.861 1.165 8191851
-53.164 96.693 3.971 16376911
-8.046 29.653 3.145 6737151
-50.175 89.347 4.183 16757844
-8.914 22.792 0.475 3003583
-42.479 79.027 2.728 16376911
-27.654 55.616 1.731 16376911
-16.427 36.768 0.985 8191851
-13.749 35.385 3.255 6737151
-13.425 29.766 0.764 3003583
-31.434 63.823 1.999 16376911
-16.077 33.916 5.961 3718648
-29.000 58.832 1.841 16757844
-16.211 34.555 0.991 3003583
-37.758 79.722 2.675 16376911
-30.478 64.289 1.978 16376911
-37.484 87.162 5.487 16757844
-20.581 40.692 1.213 8191851
-50.864 110.444 3.146 16757844
-35.127 86.998 3.562 16376911
-13.277 15.003 0.325 3003583
-13.965 24.110 0.718 8191851
-25.922 56.430 1.693 16376911
-20.313 38.202 1.182 3003583
-32.736 81.862 3.705 16757844
-15.269 14.653 0.397 3003583
-20.295 28.461 0.799 8191851
-30.016 76.260 7.206 16739210
-28.536 76.573 5.960 12616956
-14.930 13.874 0.535 8191851
-29.522 77.542 5.590 12616956
-30.588 77.775 5.825 16739210
-27.273 75.711 5.209 12616956
-27.087 75.746 5.203 12616956
-26.169 59.876 1.778 16757844
-28.551 73.244 3.134 16757844
-27.624 76.204 2.595 16376911
-28.510 75.397 6.316 16739210
-19.617 22.325 0.694 3003583
-24.780 58.617 5.023 16739210
-24.653 56.698 1.658 16376911
-19.176 11.813 0.577 8191851
-24.878 58.756 3.240 16757844
-25.386 82.632 5.788 12616956
-24.723 80.834 7.550 16739210
-24.064 56.576 1.677 16376911
-24.111 26.440 0.995 3003583
-24.601 84.851 5.299 16376911
-24.516 86.131 3.665 16757844
-24.171 36.750 1.136 3003583
-25.350 84.182 6.303 16739210
-24.221 42.708 1.343 3003583
-26.000 27.069 1.120 3003583
-24.438 45.544 1.430 8191851
-23.664 85.004 3.832 16376911
-26.019 34.096 1.145 8191851
-22.057 62.891 4.557 16739210
-21.718 60.965 4.028 12616956
-24.766 42.690 1.343 3003583
-26.055 31.911 1.167 3003583
-25.911 22.725 1.129 8191851
-21.916 62.057 4.180 12616956
-26.708 15.559 2.117 3718648
-21.899 60.707 3.820 12616956
-28.461 21.692 0.943 3003583
-21.136 60.385 3.975 12616956
-28.296 25.358 3.590 3718648
-27.986 34.612 1.243 8191851
-22.197 61.100 3.444 16376911
-20.115 61.588 3.153 16376911
-20.770 60.713 3.518 16757844
-20.175 60.490 3.958 12616956
-30.603 23.907 4.611 6737151
-29.849 22.299 3.156 3718648
-20.461 60.408 3.762 12616956
-21.476 60.488 3.667 16376911
-19.987 61.176 4.353 16739210
-21.009 59.590 1.619 16757844
-19.538 62.979 2.963 16757844
-11.526 76.673 5.504 12616956
-19.025 63.558 2.930 16757844
-13.458 73.320 5.391 16739210
-18.646 62.949 3.583 16376911
-19.175 62.995 4.014 16739210
-17.090 65.846 2.088 16757844
-6.182 84.702 6.824 16739210
-13.758 69.663 4.804 16739210
-28.283 42.702 1.344 8191851
-33.331 26.652 1.784 3003583
-33.902 26.206 2.412 6737151
-34.042 30.813 1.140 8191851
-36.605 24.929 2.937 6737151
-36.977 24.768 2.238 3003583
-34.668 27.748 1.111 3003583
-36.212 25.133 2.414 6737151
-31.772 37.651 1.344 8191851
-35.555 25.624 1.240 3003583
-35.809 25.462 1.911 8191851
-36.145 25.180 3.277 3718648
-34.941 25.833 1.420 8191851
-37.426 24.528 2.592 8191851
-38.226 24.358 1.878 8191851
-32.915 39.006 1.508 8191851
-42.077 22.581 1.614 3003583
-45.545 20.912 2.187 3003583
-43.008 21.961 3.234 6737151
-43.218 22.069 1.589 3003583
-19.448 63.214 2.040 16376911
-22.156 58.339 1.759 16376911
-33.924 37.306 1.596 3003583
-20.813 61.246 2.728 16757844
-29.161 46.328 1.464 3003583
-34.222 37.724 2.299 3003583
-20.873 60.482 3.759 16376911
-27.875 49.198 1.552 8191851
-18.744 63.527 2.985 16757844
-44.407 20.054 2.782 3718648
-46.427 20.514 4.422 3718648
-50.475 18.372 5.352 3718648
-19.664 61.781 1.540 16757844
-13.391 67.784 3.309 16757844
-52.049 17.876 3.404 6737151
-48.336 19.583 5.923 6737151
-11.383 71.048 5.917 16739210
-53.763 16.854 5.562 3718648
-14.265 68.624 4.037 16376911
-6.914 76.224 6.626 16739210
-9.229 72.955 1.898 16376911
-3.039 76.798 5.387 12616956
-50.014 18.762 4.832 6737151
-9.183 71.346 2.788 16757844
-37.184 38.725 2.793 8191851
-7.377 74.712 1.064 16757844
-12.999 67.544 3.512 16376911
-18.083 61.337 1.368 16757844
6.498 85.729 6.379 16739210
-12.490 65.807 1.084 16376911
-4.178 73.296 6.414 16739210
7.378 81.408 3.794 16757844
-3.448 76.027 0.666 16757844
-4.036 74.988 2.735 16757844
6.544 79.520 5.685 12616956
-8.426 71.695 3.049 16376911
-36.990 43.677 2.386 8191851
-32.945 46.359 1.704 8191851
4.134 81.047 5.282 16739210
-47.986 32.507 2.460 8191851
6.780 82.544 2.318 16757844
-34.427 44.066 2.877 8191851
-11.799 63.857 2.857 16757844
4.414 81.917 3.635 16376911
-10.998 63.059 3.525 16757844
7.179 80.875 5.281 16739210
-11.115 62.684 4.322 12616956
-37.141 44.215 2.593 3003583
-11.879 64.002 3.782 16376911
-11.060 63.194 2.809 16757844
-11.770 63.416 4.156 16739210
-37.472 44.876 1.971 8191851
-10.922 63.512 4.694 16739210
-10.394 61.722 3.466 16757844
-11.085 63.251 2.914 16757844
-11.386 62.867 3.727 16376911
-10.592 61.201 3.056 16757844
-10.571 61.083 3.841 12616956
-19.887 56.244 1.610 16376911
-10.796 62.610 1.760 16757844
-10.724 62.459 3.293 16376911
-64.210 33.615 2.961 3003583
-9.977 60.727 3.020 16757844
-38.513 45.817 1.978 8191851
-10.165 60.303 4.202 12616956
-34.294 48.206 1.778 8191851
-10.474 61.879 1.740 16757844
-10.143 61.536 4.580 16739210
-19.646 55.798 1.592 16376911
-8.995 60.944 5.061 16739210
-31.894 49.471 1.686 3003583
-10.113 61.142 3.237 16376911
-11.150 59.469 1.194 16376911
-62.732 36.985 7.828 3718648
-65.091 36.416 3.322 6737151
-9.769 61.410 4.795 12616956
-29.559 51.228 1.622 8191851
-64.230 33.274 2.694 8191851
-9.696 60.079 3.598 16376911
-64.895 35.932 3.554 8191851
-9.462 58.907 4.247 16739210
-65.121 36.493 3.576 8191851
-9.496 59.649 3.580 16376911
-58.531 43.358 3.309 3003583
-64.159 41.941 4.206 6737151
-66.558 39.700 4.453 6737151
-61.846 41.765 5.256 3718648
-52.987 46.080 3.391 3003583
-9.455 58.666 2.754 16757844
-63.268 44.298 5.154 6737151
-38.885 48.585 2.428 3003583
-34.718 50.514 1.936 8191851
9.239 62.208 4.989 16739210
-52.972 47.495 3.436 3003583
-8.259 57.330 0.790 16376911
-65.854 41.437 5.702 3718648
-32.569 50.969 1.724 3003583
-34.939 50.826 3.070 3003583
-39.301 49.350 2.441 3003583
-61.518 43.733 6.802 6737151
-32.666 51.243 1.726 3003583
-39.747 50.385 2.836 3003583
-6.190 55.405 2.288 16376911
6.000 61.622 3.720 16739210
9.777 62.501 2.895 16376911
-64.109 47.289 8.010 3718648
-5.182 55.898 5.028 16739210
-8.262 54.479 3.604 12616956
-38.236 50.760 1.963 3003583
-6.881 55.319 4.884 16739210
-8.184 55.129 0.773 16376911
-65.387 44.845 5.026 3718648
2.162 58.798 5.276 12616956
-7.285 54.906 3.729 12616956
-38.284 51.216 1.979 3003583
-42.628 51.607 2.746 3003583
-42.998 50.764 3.322 8191851
-5.531 55.589 3.885 16739210
-10.281 53.389 3.211 16757844
-6.688 55.219 5.260 12616956
-10.870 53.269 2.539 16376911
-54.756 53.002 4.273 6737151
-9.648 53.806 4.631 16739210
-11.378 53.010 2.566 16376911
-9.910 53.690 3.664 12616956
-42.969 51.649 2.275 3003583
-10.433 53.499 2.605 16757844
-9.891 54.009 4.923 12616956
-65.892 52.780 5.708 3718648
-7.061 55.005 3.520 16739210
-7.280 54.900 3.091 16376911
-10.015 53.642 3.751 16739210
-14.832 52.286 3.017 16757844
-8.506 54.315 3.894 16739210
-63.528 51.299 5.102 3718648
-41.558 54.185 2.124 8191851
-52.879 53.758 5.206 3718648
-38.641 53.540 2.010 3003583
-45.778 55.916 4.610 6737151
-12.689 52.312 3.375 16376911
-42.832 54.152 3.003 3003583
-12.520 52.821 3.760 16739210
-13.330 51.472 6.385 16739210
-42.130 54.408 2.402 3003583
-41.782 55.240 2.865 3003583
-42.627 56.280 3.247 3003583
-54.913 54.555 4.141 3718648
-58.207 54.861 4.971 3718648
-43.196 54.991 3.422 8191851
-13.078 50.913 4.920 16739210
-45.469 56.666 4.734 3718648
-43.398 55.853 3.436 8191851
-15.936 51.548 2.312 16757844
-42.224 55.907 2.411 3003583
-42.534 56.891 2.847 3003583
-43.871 57.309 5.891 3718648
-33.011 54.420 1.739 3003583
-41.532 56.963 2.139 8191851
-43.992 56.759 3.443 8191851
-17.815 51.511 1.740 16757844
-42.979 58.651 2.617 8191851
-42.853 58.674 3.265 3003583
-45.688 56.778 4.988 6737151
-12.694 50.059 4.011 16739210
-43.296 58.352 3.362 3003583
-42.741 59.381 2.625 8191851
-46.369 58.612 5.724 6737151
-29.645 54.350 1.726 8191851
-12.317 48.801 5.032 16739210
-43.111 58.012 3.041 3003583
-15.462 50.043 2.192 16757844
-14.590 48.785 1.546 16376911
-41.761 59.994 7.601 3718648
-45.573 63.015 4.271 6737151
-12.404 46.428 2.421 16376911
-54.006 63.430 5.016 3718648
-11.545 47.109 5.831 12616956
-39.032 59.991 7.047 3718648
-37.590 58.823 2.062 3003583
-48.074 65.500 5.739 3718648
-45.654 63.454 4.016 8191851
-29.213 55.256 1.751 8191851
5.578 34.473 2.759 12616956
-48.910 68.296 4.613 6737151
-40.531 62.909 5.092 3718648
-34.513 59.017 1.883 8191851
-42.745 65.905 3.246 3003583
-48.877 67.468 5.398 3718648
-0.995 36.749 3.573 12616956
-91.481 90.349 5.476 3718648
-3.154 35.901 2.751 16757844
-45.127 67.690 5.058 3718648
0.741 35.631 4.679 16739210
-31.539 57.254 1.840 3003583
-42.156 67.452 2.461 8191851
-42.663 66.762 3.878 6737151
4.602 34.142 5.248 12616956
-42.768 65.905 2.994 3003583
-31.347 57.463 1.848 3003583
0.187 31.988 3.590 12616956
-5.276 34.535 2.778 16757844
-45.236 68.768 7.788 6737151
-9.732 38.084 2.420 16757844
-20.544 48.685 1.413 16376911
-7.610 37.074 1.047 16376911
-42.675 69.628 6.554 3718648
-4.830 35.539 3.098 16376911
-44.671 71.870 4.556 6737151
-46.328 75.782 3.068 3003583
-9.828 36.064 1.826 16376911
-2.899 30.692 3.600 12616956
-18.966 47.109 1.479 16757844
-43.439 70.312 5.214 3718648
-4.676 35.363 3.255 16739210
-2.365 30.959 2.297 16376911
-45.040 72.914 4.751 3718648
-2.996 30.687 3.048 16376911
-44.088 73.454 2.799 3003583
-36.036 65.962 2.147 8191851
-34.390 63.050 2.061 3003583
-47.773 78.941 3.398 8191851
-28.142 56.469 1.764 8191851
-46.131 75.553 2.895 8191851
-48.534 81.346 5.075 3718648
-44.969 82.884 2.911 3003583
-37.375 68.144 2.300 3003583
-50.875 91.049 5.124 6737151
-52.130 93.842 5.217 6737151
-54.196 98.013 5.363 6737151
-33.884 66.754 2.169 8191851
-35.778 72.365 2.371 8191851
-47.425 90.809 2.974 3003583
-49.141 86.875 5.468 3718648
-46.064 90.545 2.968 3003583
-36.836 74.367 2.527 3003583
-34.393 73.165 2.332 8191851
-32.438 67.599 2.133 8191851
-27.348 56.967 1.756 8191851
-20.929 44.536 1.322 16757844
-46.023 94.073 3.153 8191851
-33.621 69.647 2.285 3003583
-37.211 85.599 4.376 6737151
-27.160 57.050 1.755 8191851
-23.202 46.834 1.435 16376911
-30.546 68.601 2.064 8191851
-33.282 82.977 3.498 3003583
-30.707 73.724 2.280 8191851
-46.349 104.999 4.584 3718648
-32.019 75.936 2.426 3003583
-26.693 57.233 1.743 8191851
-22.487 43.872 1.357 16757844
-29.287 65.551 2.000 3003583
-29.395 73.506 2.276 8191851
-30.585 75.930 2.406 3003583
-29.028 77.512 4.584 6737151
-32.003 80.385 3.816 8191851
-28.067 72.811 2.297 8191851
-28.202 65.217 2.048 3003583
-32.177 80.404 2.675 8191851
-26.731 60.160 1.809 3003583
-28.641 72.922 2.771 3003583
-22.597 31.048 1.002 16757844
-25.821 57.402 1.719 8191851
-26.242 67.260 2.154 8191851
-26.197 70.768 4.345 3718648
-26.751 70.675 6.222 6737151
-25.518 81.516 3.442 6737151
-25.335 37.245 1.117 16376911
-25.060 87.148 4.983 3718648
-24.957 82.956 4.110 6737151
-26.208 82.728 4.321 3718648
-25.995 13.917 5.263 16739210
-25.415 57.418 1.707 8191851
-22.559 83.902 3.141 3003583
-25.026 62.516 1.923 8191851
-24.524 68.211 1.995 8191851
-23.065 84.947 5.567 3718648
-25.794 81.056 3.129 8191851
-26.165 46.250 1.459 16376911
-27.012 37.771 1.243 16376911
-24.580 58.770 3.625 6737151
-30.169 22.753 4.856 12616956
-26.944 30.765 1.136 16757844
-22.626 84.417 4.968 3718648
-23.231 84.635 3.711 3718648
-30.194 22.891 2.891 16757844
-27.656 17.442 2.251 16376911
-30.769 24.133 2.255 16757844
-24.699 57.342 1.684 8191851
-23.718 61.482 2.643 8191851
-30.196 22.831 3.069 16376911
-23.207 65.779 1.817 3003583
-31.728 26.267 3.671 12616956
-33.519 26.550 4.230 12616956
-22.962 62.455 3.442 6737151
-31.320 25.288 3.155 16376911
-17.955 85.026 5.998 6737151
-22.865 60.947 3.396 3003583
-23.749 61.549 3.179 8191851
-32.360 27.029 6.508 12616956
-34.363 26.115 4.443 12616956
-23.194 60.958 2.432 3003583
-34.977 25.740 2.453 16757844
-22.753 61.869 3.489 8191851
-32.425 27.050 2.757 16376911
-33.566 28.711 1.046 16757844
-36.721 24.895 2.461 16757844
-21.950 62.877 2.090 3003583
-34.551 23.448 5.957 12616956
-37.729 24.544 4.646 12616956
-38.403 24.216 5.428 16739210
-36.719 25.008 4.761 16739210
-40.307 23.232 3.254 16757844
-38.164 24.376 3.390 16376911
-36.402 25.080 2.812 16376911
-43.251 21.939 5.629 12616956
-39.569 23.659 4.953 16739210
-20.865 61.398 2.421 8191851
-20.763 60.539 3.702 6737151
-43.573 21.815 4.175 12616956
-21.069 60.459 3.758 3718648
-20.822 60.792 1.819 8191851
-14.812 68.391 1.842 8191851
-21.361 61.059 3.063 8191851
-51.120 18.396 6.285 12616956
-20.064 60.970 4.364 3718648
-31.028 44.399 1.556 16757844
-20.130 61.751 2.031 3003583
-21.941 58.767 1.743 3003583
-14.550 67.987 2.056 3003583
-34.323 41.242 1.665 16376911
-20.392 61.571 3.440 3718648
-12.216 72.123 6.423 6737151
-18.648 61.791 1.350 8191851
-8.662 71.741 1.984 3003583
-54.802 16.597 4.687 12616956
-51.172 18.328 2.756 16757844
-47.806 19.895 3.900 16376911
-48.905 19.344 4.897 16739210
-54.523 16.750 4.947 16376911
-3.912 76.487 2.467 6737151
-13.637 68.640 3.204 3718648
-33.831 44.299 2.051 16376911
-12.570 67.829 3.944 3718648
-4.129 74.878 2.475 6737151
-54.544 16.719 6.310 16739210
2.167 80.094 3.941 3718648
-36.338 42.742 1.749 16376911
-7.172 73.996 2.962 3718648
-8.431 71.829 1.817 8191851
-22.680 55.884 1.719 8191851
-11.835 63.897 3.572 6737151
5.976 85.802 0.362 8191851
8.142 81.252 3.853 3718648
-17.467 59.903 1.365 8191851
-37.156 43.912 1.827 16376911
-15.041 62.296 1.277 3003583
-20.451 57.504 1.645 3003583
-11.201 63.485 1.894 3003583
-37.430 44.745 1.892 16376911
-11.044 63.149 1.886 3003583
-10.913 62.897 3.212 6737151
-10.549 62.035 1.651 8191851
-10.445 61.773 3.068 6737151
-37.381 44.818 2.498 16757844
-35.912 46.789 4.248 12616956
-10.204 61.217 3.048 6737151
-10.710 62.444 2.889 8191851
-10.657 62.292 1.407 3003583
-64.253 34.528 3.112 16376911
-9.675 60.061 3.406 6737151
-10.648 61.308 2.078 3003583
-64.340 32.835 2.539 16757844
-9.364 59.484 1.551 8191851
-64.125 33.908 3.589 16757844
-64.203 34.374 3.606 16757844
-38.511 47.420 2.628 16757844
-65.602 37.521 3.482 16757844
-9.629 60.042 2.798 8191851
-9.953 60.741 2.117 8191851
-61.671 41.575 5.994 12616956
-64.770 40.886 4.296 16757844
-9.471 58.718 3.066 6737151
-9.874 58.479 1.056 8191851
-35.110 49.649 1.870 16757844
-15.963 56.186 1.303 8191851
-9.475 59.713 2.074 8191851
-35.224 49.949 1.882 16757844
3.742 59.811 3.083 6737151
-0.056 61.364 3.525 3718648
-34.801 50.781 2.570 16376911
7.501 61.449 4.033 3718648
-15.756 55.775 1.267 8191851
-7.012 59.431 2.298 8191851
-54.216 48.055 5.531 12616956
-5.165 58.641 0.729 3003583
-58.166 44.378 3.801 16757844
-5.523 59.104 2.673 3718648
1.735 59.674 0.830 3003583
-55.416 47.682 6.504 16739210
-35.608 51.073 1.913 16757844
5.057 61.232 0.686 8191851
-3.739 56.559 4.719 3718648
-12.066 56.040 1.029 3003583
-51.700 49.657 7.145 16739210
-2.959 56.898 5.707 6737151
-51.675 50.071 6.148 16739210
-8.963 54.149 2.456 3003583
-52.015 49.164 3.828 16757844
-42.391 50.795 2.619 16757844
-4.548 57.065 3.081 3718648
-51.528 49.709 3.834 16757844
-43.849 51.882 6.055 16739210
-33.108 52.897 1.740 16376911
-9.262 54.011 1.704 3003583
-42.992 52.404 3.049 16376911
-11.588 52.928 2.281 3003583
-41.291 52.889 6.466 16739210
-57.222 51.137 3.969 16757844
-33.004 53.288 1.779 16376911
-12.084 53.948 1.019 3003583
-63.140 51.229 4.073 16757844
-40.136 51.994 5.316 12616956
-43.532 53.566 3.066 16376911
-11.918 52.805 3.031 6737151
-19.252 53.343 2.928 3003583
-44.501 52.904 5.892 12616956
-21.775 53.023 1.610 8191851
-40.274 54.603 5.609 16739210
-15.428 52.653 2.510 3003583
-53.457 54.901 3.996 16757844
-14.543 52.495 2.934 8191851
-11.635 52.796 3.510 6737151
-12.086 52.733 2.560 8191851
-36.256 54.469 1.945 16757844
-13.385 51.557 4.651 6737151
-45.583 57.011 7.435 16739210
-44.982 56.046 5.817 16739210
-41.598 56.511 2.124 16376911
-15.889 51.252 1.931 8191851
-12.967 50.513 3.623 3718648
-51.412 58.709 5.734 12616956
-33.121 55.019 1.755 16376911
-15.557 50.062 2.550 3003583
-45.877 56.912 5.467 16739210
-50.839 60.483 5.136 12616956
-51.623 62.397 3.801 16376911
-12.242 49.075 5.591 3718648
-32.826 55.822 1.787 16376911
-43.613 58.614 3.471 16757844
-12.643 47.706 2.185 3003583
-12.771 47.400 1.677 8191851
-11.764 48.054 3.862 6737151
-40.769 59.825 2.157 16376911
-13.527 49.286 3.159 3718648
-35.747 57.312 1.972 16757844
-54.629 66.317 7.025 16739210
-51.942 63.757 6.128 16739210
-46.467 63.044 6.046 16739210
-50.593 63.630 6.011 16739210
-53.253 66.650 6.907 16739210
-10.325 45.090 6.043 3718648
-52.266 67.347 4.044 16757844
-10.233 44.841 4.307 3718648
-18.279 49.283 1.533 8191851
-93.295 94.367 6.357 16757844
-10.105 44.491 3.586 3718648
-41.944 61.418 2.766 16757844
-49.911 66.985 4.652 16757844
-32.116 57.133 1.832 16376911
-0.963 36.748 2.704 6737151
-48.527 65.317 5.917 16739210
-50.851 66.830 7.020 16739210
-35.346 58.671 1.957 16757844
1.245 36.048 3.571 3718648
-1.136 36.350 2.876 3718648
-22.340 51.108 1.481 8191851
-45.254 67.048 7.074 16739210
-46.704 68.659 5.187 12616956
-17.094 47.365 1.508 3003583
-18.968 48.068 1.501 8191851
-47.178 67.135 5.453 16739210
-0.893 36.753 2.529 3718648
-2.547 35.801 2.389 3718648
-48.407 70.209 4.841 16376911
-9.201 39.297 1.556 3003583
-49.829 69.982 4.380 16376911
-15.621 45.319 1.658 3003583
-43.178 68.571 3.114 16376911
-42.942 68.557 4.449 16757844
-42.504 66.902 3.517 16757844
-42.428 67.103 4.521 16376911
-1.760 31.940 4.146 6737151
-9.321 36.730 1.411 3003583
-9.551 36.320 2.505 6737151
-7.921 34.428 3.604 3718648
-2.691 30.843 2.278 3718648
-6.133 35.513 3.281 6737151
-18.259 45.517 1.446 3003583
-45.690 74.153 4.177 16757844
-44.859 79.035 3.840 16376911
-15.751 41.970 1.338 3003583
-13.773 35.517 2.013 3003583
-10.569 29.811 0.881 3003583
-45.467 81.828 2.848 16376911
-12.108 34.795 1.070 3003583
-18.726 43.756 1.250 3003583
-39.929 72.605 2.504 16757844
-14.573 37.613 2.393 8191851
-34.344 66.730 2.177 16376911
-22.057 47.827 1.423 3003583
-47.291 84.185 5.414 16376911
-41.387 81.654 2.839 16376911
-9.585 21.599 0.415 3003583
-17.674 38.544 1.131 3003583
-16.189 32.906 0.927 3003583
-21.962 44.818 1.352 8191851
-41.273 94.565 3.745 16376911
-31.896 68.058 2.126 16376911
-50.960 108.775 3.227 16757844
-49.425 109.490 3.190 16757844
-20.140 33.277 0.963 8191851
-34.313 74.784 2.436 16757844
-34.268 79.843 4.423 16757844
-36.561 84.359 3.282 16757844
-20.576 37.134 1.177 3003583
-16.685 16.852 0.442 3003583
-27.589 60.433 1.835 16376911
-22.504 41.964 1.333 3003583
-33.292 83.023 3.935 16757844
-45.131 118.384 8.099 16739210
-29.696 75.482 3.642 16757844
-20.109 15.674 0.506 3003583
-22.553 35.907 1.136 3003583
-24.131 31.733 0.982 8191851
-29.826 75.387 6.997 12616956
-23.101 29.454 0.958 3003583
-28.848 78.631 5.385 12616956
-29.703 77.351 5.469 16739210
-22.401 15.846 0.611 3003583
-29.036 76.327 6.038 16739210
-27.841 77.220 5.801 16739210
-20.970 23.726 0.794 8191851
-28.692 78.316 4.338 16376911
-28.021 74.562 6.776 12616956
-28.282 78.147 2.164 16757844
-26.626 63.461 1.967 16757844
-22.822 25.254 1.006 8191851
-27.605 17.494 3.242 6737151
-26.145 14.345 1.551 6737151
-23.408 25.051 1.012 8191851
-26.393 29.746 1.112 3003583
-25.309 81.927 2.518 16376911
-26.085 63.419 1.962 16757844
-27.436 77.482 4.409 16376911
-27.180 25.463 4.143 3718648
-27.334 29.361 1.100 3003583
-23.082 81.299 5.208 12616956
-22.600 84.069 3.234 16376911
-29.867 22.325 1.907 3003583
-25.182 86.701 5.242 16376911
-28.418 24.903 4.199 3718648
-25.552 63.305 1.964 16757844
-26.334 49.518 1.572 8191851
-29.009 29.015 1.106 3003583
-22.268 82.602 4.077 16757844
-24.935 81.152 6.712 12616956
-25.059 59.248 2.099 16376911
-20.718 87.729 2.143 16376911
-32.204 27.148 1.614 3003583
-24.947 58.753 2.211 16376911
-28.896 38.623 1.402 8191851
-21.834 82.677 4.235 16376911
-17.780 86.064 5.371 12616956
-30.763 24.274 3.088 3718648
-31.962 31.623 1.161 8191851
-26.826 49.580 1.570 8191851
-23.249 62.808 3.354 16376911
-24.743 58.721 4.241 12616956
-31.929 26.644 1.890 8191851
-22.921 62.650 3.560 16757844
-22.827 61.772 3.540 16757844
-22.551 62.168 3.326 16376911
-23.680 59.822 1.836 16376911
-23.476 59.727 1.833 16376911
-22.316 62.026 3.368 16757844
-22.465 61.756 3.425 16757844
-21.088 63.067 4.897 12616956
-33.182 36.423 1.384 8191851
-28.490 52.692 1.686 8191851
-38.376 24.294 1.396 3003583
-38.698 24.080 4.607 3718648
-41.054 22.817 3.026 6737151
-39.437 23.762 2.395 8191851
-37.610 33.991 1.391 3003583
-41.299 22.799 2.391 8191851
-11.657 86.305 4.521 16757844
-45.161 21.013 6.582 3718648
-40.593 23.220 1.764 8191851
-38.003 38.700 2.839 3003583
-42.503 22.323 1.736 8191851
-15.672 77.453 5.479 16739210
-46.972 20.140 3.353 3718648
-52.905 12.765 6.308 6737151
-32.718 48.537 1.697 8191851
-22.546 63.150 4.145 12616956
-23.012 63.102 3.648 16757844
-21.884 63.712 4.194 12616956
-35.715 45.214 1.853 8191851
-54.271 16.838 4.616 3718648
-29.896 53.349 1.701 8191851
-37.936 39.930 2.791 8191851
-34.596 46.755 1.750 3003583
-34.193 47.514 2.882 3003583
-22.539 63.756 4.143 16739210
-33.768 49.133 1.713 8191851
-23.203 61.277 1.977 16376911
-51.090 31.412 2.977 8191851
-22.790 61.849 3.842 16739210
-38.102 45.937 2.118 3003583
-21.705 62.115 4.207 16739210
-48.905 38.419 3.082 6737151
-36.274 48.622 1.893 3003583
-38.376 47.261 2.237 3003583
-30.754 54.168 1.728 8191851
-39.111 49.143 2.572 8191851
-30.888 54.345 1.735 8191851
-21.496 60.782 4.289 16739210
-24.648 58.724 3.990 12616956
-65.872 34.221 3.809 6737151
-66.069 34.648 3.827 6737151
-20.077 61.245 4.411 16739210
-62.098 38.608 2.956 3003583
-62.547 38.835 2.966 3003583
-64.596 30.924 3.406 3718648
-33.635 53.280 1.793 3003583
-61.022 40.796 5.880 3718648
-40.541 50.690 2.116 8191851
-42.884 50.691 2.483 8191851
-17.139 61.951 1.353 16757844
-42.693 51.509 2.543 8191851
-42.591 50.009 2.216 3003583
-57.019 43.703 2.790 8191851
-11.650 62.772 1.223 16376911
-67.117 40.560 5.542 3718648
-20.824 59.199 1.620 16376911
-41.661 52.051 2.119 8191851
-68.448 45.359 5.210 6737151
-51.522 50.310 3.434 3003583
-10.982 63.038 2.962 16757844
-65.118 41.564 4.741 3718648
-53.916 47.735 5.962 6737151
-67.225 43.848 5.611 3718648
-10.521 63.352 4.937 12616956
-9.986 60.798 2.655 16376911
-56.467 49.776 5.680 3718648
-54.109 50.415 6.656 3718648
-69.275 45.117 4.730 3718648
-10.607 61.539 2.506 16757844
-39.658 53.768 2.048 3003583
-44.854 52.569 5.220 6737151
-20.770 58.191 1.648 16376911
-43.400 53.278 2.980 3003583
-43.036 52.607 3.059 8191851
-10.633 60.617 4.082 16739210
-34.493 55.418 1.862 3003583
-10.243 59.545 3.949 12616956
-9.350 59.435 2.057 16376911
-53.443 55.127 4.196 6737151
-39.994 55.258 2.092 3003583
-58.074 54.610 5.174 3718648
-44.653 53.962 3.474 8191851
-53.276 55.231 3.740 6737151
-10.860 58.042 1.093 16376911
-45.482 56.989 4.513 6737151
-40.068 55.886 2.110 3003583
-0.633 57.633 4.653 16739210
-47.846 54.684 3.470 8191851
-56.722 55.309 4.608 3718648
-42.920 57.668 2.778 8191851
-4.674 57.196 1.584 16376911
-17.006 57.516 1.414 16757844
-5.173 55.867 2.755 16757844
0.546 58.153 5.038 16739210
-1.933 58.048 0.763 16757844
-42.428 56.595 2.565 3003583
-5.929 55.480 4.266 12616956
2.818 59.220 3.781 16739210
-1.025 57.425 6.131 12616956
-4.495 56.185 4.464 16739210
-45.728 56.824 6.581 6737151
-44.207 57.091 5.252 6737151
-37.520 57.669 2.024 8191851
-45.610 56.592 3.546 8191851
-7.539 54.471 2.803 16757844
-4.560 56.169 2.476 16757844
-6.832 55.125 3.394 12616956
-7.089 54.973 6.062 16739210
-43.674 58.748 3.426 3003583
-5.315 55.845 1.086 16757844
-60.208 60.920 3.904 6737151
-3.735 56.503 5.053 12616956
-5.868 55.338 4.016 16739210
-34.782 57.634 1.887 3003583
-54.890 59.570 5.313 3718648
-10.417 54.676 0.915 16376911
-6.949 55.049 3.511 16376911
-42.956 57.950 3.240 8191851
-52.197 59.801 7.683 6737151
-7.543 54.625 5.446 12616956
-7.863 54.610 4.529 16739210
-10.789 54.142 0.947 16376911
-55.884 60.987 4.735 3718648
-8.239 54.430 3.052 16376911
-49.387 60.186 7.268 6737151
-10.021 53.645 3.384 12616956
-55.773 64.413 5.168 6737151
-47.816 60.241 7.032 6737151
-48.029 60.425 3.983 8191851
-11.675 52.619 3.281 16757844
-9.653 53.763 5.239 12616956
-11.209 53.087 2.997 16757844
-46.492 62.903 4.726 6737151
-17.289 54.960 1.366 16757844
-42.192 61.027 2.344 8191851
-42.115 61.059 3.049 3003583
-12.823 52.300 3.998 12616956
-37.268 59.825 2.051 8191851
-46.510 61.581 6.897 6737151
-46.481 62.753 3.902 6737151
-12.328 52.537 5.432 16739210
-13.309 52.781 4.621 16739210
-12.505 52.465 2.117 16376911
-10.220 53.450 3.585 16739210
-42.414 60.411 3.301 8191851
-14.909 52.965 1.503 16376911
-12.910 52.206 3.026 16757844
-11.991 52.661 3.102 16376911
-43.027 61.675 3.583 8191851
-44.509 63.062 7.793 3718648
-53.738 63.762 4.900 3718648
-12.484 52.465 2.749 16757844
-18.876 54.374 1.655 16757844
-11.602 52.711 3.945 16739210
-31.363 58.645 1.876 8191851
-53.560 66.947 4.822 3718648
-42.863 62.983 6.442 6737151
-47.721 66.333 4.491 6737151
-41.449 63.703 2.365 8191851
-12.795 50.234 4.084 16739210
-49.415 66.542 4.681 3718648
-43.008 63.954 6.536 6737151
-46.353 68.300 3.858 3003583
-15.949 50.978 2.337 16376911
-41.451 64.017 2.663 3003583
-46.020 66.357 5.794 6737151
-49.167 66.766 3.703 8191851
-31.107 59.154 1.891 8191851
-42.724 67.582 3.845 3003583
-11.329 46.843 4.149 16739210
-11.490 47.438 3.386 16376911
-42.704 68.084 4.401 6737151
-42.339 67.925 4.822 3718648
-10.120 44.524 5.005 16739210
-5.476 39.347 4.230 12616956
-43.545 69.401 3.978 6737151
-9.824 43.833 4.223 16739210
-33.316 61.273 1.985 3003583
-43.085 68.373 3.172 3003583
-2.992 37.645 5.645 16739210
-4.407 36.721 4.285 12616956
-43.165 69.105 4.554 3718648
-6.458 37.877 4.235 12616956
-5.576 37.904 5.504 16739210
0.584 34.654 5.024 16739210
-22.356 52.549 1.524 16376911
-46.920 77.170 4.562 6737151
-4.429 37.983 3.921 16739210
-37.583 65.908 2.186 3003583
-16.220 46.613 2.619 16757844
-10.163 42.345 2.269 16757844
-6.728 35.438 3.578 12616956
-46.217 75.785 4.676 6737151
-7.620 37.938 4.376 16739210
-44.476 71.237 3.744 8191851
-4.584 32.275 2.794 16757844
-47.114 77.560 3.411 3003583
-44.872 72.134 4.284 3718648
-42.027 74.157 2.549 8191851
-11.517 40.692 1.333 16376911
-34.373 64.587 2.097 8191851
-6.231 36.461 4.776 16739210
-30.240 60.251 1.906 8191851
-45.301 79.560 5.240 6737151
-47.159 78.130 4.924 3718648
-46.472 76.704 5.023 3718648
-48.069 79.442 3.031 8191851
-63.372 113.039 7.157 6737151
-50.342 90.423 3.232 3003583
-47.038 83.394 3.528 8191851
-52.713 95.566 3.153 3003583
-63.353 113.031 7.543 3718648
-55.408 101.594 5.512 6737151
-37.729 72.148 2.493 3003583
-54.097 98.038 4.540 8191851
-37.100 72.352 2.500 3003583
-31.151 63.150 2.015 3003583
-33.700 68.233 2.238 3003583
-43.769 83.687 2.964 8191851
-37.589 78.525 2.693 3003583
-50.948 109.033 2.889 3003583
-39.729 81.681 2.860 3003583
-41.635 83.621 2.967 8191851
-45.556 103.273 4.108 6737151
-50.535 109.520 3.209 8191851
-32.865 72.182 2.270 8191851
-30.787 66.726 2.059 8191851
-22.596 43.740 1.346 16376911
-33.978 74.141 2.433 3003583
-32.721 77.682 2.473 8191851
-24.025 48.090 1.499 16757844
-38.789 85.506 2.898 8191851
-32.913 82.099 4.285 6737151
-38.080 85.731 2.884 8191851
-28.489 61.267 1.882 8191851
-31.836 79.860 4.218 6737151
-33.529 83.581 3.217 3003583
-36.326 89.450 3.326 8191851
-33.869 82.857 2.777 3003583
-34.076 84.631 3.368 8191851
-22.269 36.271 1.117 16757844
-34.725 85.995 3.530 8191851
-31.538 79.365 2.883 3003583
-23.716 19.061 1.325 16376911
-35.061 125.973 3.823 6737151
-32.032 79.976 4.634 3718648
-28.339 77.637 4.559 6737151
-27.782 61.409 1.865 8191851
-29.092 130.611 4.924 6737151
-31.899 127.093 5.365 6737151
-27.551 78.569 4.571 6737151
-36.963 124.857 7.867 6737151
-28.191 77.335 4.778 3718648
-28.889 77.921 4.466 3718648
-28.902 131.358 2.337 8191851
-27.257 61.450 1.844 8191851
-28.266 78.040 3.961 3718648
-30.537 23.578 4.152 12616956
-27.040 74.566 2.975 3003583
-29.147 25.007 4.273 12616956
-26.569 82.766 4.403 3718648
-23.805 83.688 4.654 6737151
-30.372 23.337 5.139 16739210
-23.242 82.622 3.392 3003583
-23.120 81.963 2.806 3003583
-32.212 27.127 4.168 12616956
-32.411 27.081 3.468 16757844
-26.296 81.127 3.371 8191851
-28.353 50.326 1.601 16376911
-24.493 76.415 1.688 8191851
-25.967 81.510 2.786 8191851
-23.293 81.719 6.312 3718648
-26.659 63.902 1.998 3003583
-32.310 27.138 1.160 16376911
-29.890 36.100 1.373 16757844
-25.859 68.565 2.205 3003583
-20.633 84.534 4.594 6737151
-34.857 25.932 3.540 16757844
-21.553 84.446 4.779 3718648
-32.016 26.822 1.664 16757844
-22.212 85.768 5.025 3718648
-33.964 26.190 5.170 16739210
-21.294 82.192 3.471 6737151
-34.428 25.906 6.413 16739210
-34.750 25.925 4.471 12616956
-33.215 26.677 3.854 16376911
-32.627 26.929 4.724 16739210
-33.254 26.664 3.312 16376911
-31.695 43.155 1.558 16376911
-20.070 82.916 7.503 6737151
-35.760 25.481 3.951 16376911
-35.866 25.411 5.679 16739210
-24.383 66.008 2.013 8191851
-11.505 94.838 1.875 3003583
-19.208 81.976 7.368 6737151
-19.676 74.592 3.742 6737151
-14.809 89.144 5.609 3718648
-14.722 88.513 4.778 3718648
-42.972 22.157 3.799 16757844
-13.733 89.923 -0.322 8191851
-41.251 22.909 4.818 12616956
-42.044 22.539 5.743 16739210
-33.008 44.364 1.716 16376911
-11.816 95.605 2.354 8191851
-23.147 66.380 1.823 8191851
-46.385 20.571 4.873 12616956
-44.826 21.298 2.235 16757844
-45.462 20.933 6.007 16739210
-49.265 19.243 4.010 16757844
-12.570 87.708 3.306 8191851
-11.034 86.604 3.823 6737151
-41.733 22.667 5.283 16739210
-47.725 19.901 3.216 16757844
-34.775 43.920 2.595 16376911
-7.673 87.514 3.517 6737151
-8.260 86.106 2.706 3003583
-8.365 88.423 4.624 3718648
-8.066 87.669 2.903 6737151
-47.803 19.841 6.689 16739210
-12.306 86.324 3.477 3718648
-48.735 19.449 2.478 16757844
-46.318 20.486 2.708 16376911
-32.573 48.541 1.699 16757844
-53.809 16.895 6.695 16739210
-54.212 16.854 4.462 12616956
-22.802 63.139 3.840 6737151
-32.743 48.667 1.711 16757844
-51.743 18.060 2.486 16757844
-38.138 40.478 1.866 16757844
-10.862 81.664 3.191 8191851
-35.983 45.738 1.809 16376911
-50.763 18.526 3.800 16376911
-22.804 63.289 3.934 3718648
-37.128 44.171 2.232 16757844
-23.471 62.376 1.929 3003583
-22.714 63.575 3.437 8191851
-21.825 63.598 4.777 6737151
-38.163 46.321 2.761 16376911
-23.072 62.417 3.305 8191851
-23.274 61.696 2.775 3003583
-24.572 60.002 1.856 8191851
-21.709 62.786 4.689 6737151
-22.057 61.761 3.116 3003583
-22.135 60.976 3.065 8191851
-22.347 61.368 2.982 3003583
-38.996 48.816 2.915 16376911
-24.212 59.543 1.835 8191851
-21.070 61.623 4.606 6737151
-61.111 38.600 5.724 12616956
-35.874 51.964 1.926 16757844
-24.866 58.766 4.498 6737151
-40.104 50.600 2.078 16376911
-24.733 58.671 3.299 8191851
-40.391 49.742 3.207 16757844
-11.835 63.869 1.841 8191851
-24.753 58.713 4.069 6737151
-24.864 58.689 2.862 3003583
10.856 74.629 1.786 6737151
-40.830 51.314 2.079 16376911
-10.891 62.828 1.735 8191851
-11.689 63.087 4.089 3718648
-62.977 43.619 4.350 16757844
-34.278 54.829 1.836 16376911
-11.704 63.676 2.228 3003583
-41.439 52.298 2.102 16376911
-11.197 62.833 1.184 8191851
-17.327 60.628 1.364 8191851
-58.806 43.216 3.809 16376911
-62.093 44.060 5.414 16376911
-11.776 63.716 3.917 6737151
-23.710 58.467 1.792 8191851
-56.955 48.244 4.291 16757844
-37.288 54.018 1.957 16757844
-11.404 61.609 1.226 8191851
-9.848 61.668 4.789 3718648
-37.341 54.227 1.968 16757844
-23.664 58.246 1.788 8191851
-66.312 43.708 4.936 16376911
-10.868 62.724 2.246 8191851
-10.029 60.856 1.832 3003583
-52.194 50.697 3.764 16757844
-47.473 54.053 4.984 12616956
-53.495 51.939 7.155 16739210
-9.423 59.579 2.601 3003583
-46.639 54.648 4.485 16757844
-9.722 60.248 3.161 6737151
-11.384 59.758 1.221 8191851
-9.570 59.936 1.769 3003583
-34.743 56.275 1.870 16376911
-14.446 59.738 1.324 3003583
-9.477 58.686 3.426 6737151
-41.857 55.330 3.172 16376911
-37.603 55.504 2.023 16757844
-44.689 54.235 5.506 16739210
-9.750 59.463 4.287 6737151
-54.898 55.204 3.780 16757844
-47.190 54.940 5.214 16739210
-61.568 53.507 7.388 16739210
-2.387 58.036 2.831 6737151
-45.474 56.524 5.423 16739210
-47.370 55.553 5.242 16739210
-63.225 58.053 3.717 16376911
-4.257 56.357 2.176 3003583
2.051 58.792 2.860 3718648
-3.237 56.798 2.263 6737151
-5.690 55.720 0.966 8191851
-0.270 57.841 1.634 8191851
-34.830 57.534 1.911 16376911
-9.345 56.656 0.830 8191851
-4.546 56.162 4.870 3718648
-4.763 56.103 2.867 6737151
-14.570 57.194 1.309 3003583
-2.424 58.093 1.367 8191851
-7.392 54.877 2.339 3003583
-17.777 56.634 1.451 8191851
-64.258 57.884 4.999 16376911
-6.017 55.496 1.888 3003583
-37.887 57.665 2.073 16757844
-8.470 54.596 1.270 8191851
-50.219 58.123 3.957 16757844
-63.380 58.928 4.159 16757844
-46.120 59.158 4.691 12616956
-5.490 55.791 1.464 3003583
-17.903 56.143 1.455 8191851
-6.033 55.500 2.015 8191851
-58.515 61.121 5.423 12616956
-57.963 62.756 4.544 16757844
-57.909 63.043 5.270 16757844
-10.020 53.657 3.306 6737151
-8.517 54.208 3.851 3718648
-9.202 53.972 4.599 3718648
-46.761 59.656 4.853 16376911
-6.393 55.378 3.649 6737151
-9.888 53.666 4.562 3718648
-18.098 55.402 1.453 8191851
-11.815 52.834 2.559 3003583
-12.240 53.695 1.154 8191851
-8.118 54.564 1.801 8191851
-11.039 53.152 6.201 3718648
-46.636 61.013 5.916 16739210
-10.066 53.619 2.682 8191851
-12.474 52.470 2.957 6737151
-12.552 52.363 2.588 3003583
-9.403 53.957 2.333 8191851
-15.391 54.429 1.328 3003583
-11.908 52.514 6.094 3718648
-46.489 63.034 5.761 16739210
-19.565 54.296 2.912 3003583
-50.757 63.533 5.783 16739210
-10.343 53.271 3.200 3718648
-14.503 52.836 2.489 3003583
-46.607 62.926 6.003 16739210
-45.389 62.665 5.308 16739210
-45.656 62.966 4.015 16757844
-37.701 60.613 2.100 16757844
-44.636 64.735 4.254 16757844
-12.802 52.333 4.055 6737151
-21.584 55.364 1.720 3003583
-13.317 51.457 5.938 3718648
-12.311 52.623 2.114 8191851
-41.679 62.617 7.253 12616956
-49.693 69.090 4.494 16757844
-51.001 67.244 5.372 16376911
-45.922 67.541 5.338 12616956
-40.869 64.002 6.555 16739210
-19.778 53.737 2.799 3003583
-19.728 53.675 2.994 8191851
-15.563 50.082 2.681 3003583
-16.978 51.575 1.710 8191851
-23.991 55.367 1.621 8191851
-45.363 65.654 5.558 16739210
-42.316 67.219 4.668 16757844
-42.900 65.765 2.913 16757844
-18.896 52.375 1.767 3003583
-33.718 61.415 1.984 16376911
-22.144 54.031 1.671 3003583
-42.532 65.654 5.925 12616956
-45.669 71.302 5.508 12616956
-11.527 46.841 4.081 6737151
-16.148 49.527 1.672 3003583
-10.601 45.546 4.104 6737151
-47.849 69.833 5.434 16739210
-43.178 68.299 5.975 16739210
-24.371 54.889 1.628 8191851
-45.006 72.599 4.456 16757844
-10.091 44.447 5.516 6737151
-16.569 49.126 1.685 3003583
-9.766 42.386 1.560 3003583
-45.650 74.080 3.936 16376911
-1.092 36.318 3.145 3718648
-46.135 75.371 3.951 16376911
-22.444 53.216 1.585 3003583
-32.950 62.328 2.007 16376911
-44.811 71.827 3.648 16757844
-14.587 44.572 1.495 3003583
-44.478 72.278 2.733 16757844
-47.763 79.222 4.685 16757844
-22.637 52.793 1.537 3003583
-19.774 49.910 1.597 3003583
-13.332 40.477 2.071 3003583
-49.411 82.864 4.815 16757844
-43.624 72.964 2.739 16757844
-14.797 43.188 1.393 3003583
-49.424 82.366 4.225 16757844
-34.882 65.211 2.144 16757844
-46.766 82.501 3.999 16376911
-12.171 35.302 1.093 3003583
-17.158 42.266 1.283 8191851
-46.004 81.065 5.551 12616956
-47.744 78.893 4.505 16376911
-34.180 65.689 2.157 16757844
-13.976 35.548 1.226 3003583
-14.639 37.633 2.121 6737151
-46.167 80.099 5.856 16739210
-55.776 95.889 3.626 16757844
-45.600 80.269 5.157 16376911
-20.069 44.900 1.295 8191851
-18.344 39.822 1.113 8191851
-13.805 30.666 0.836 3003583
-53.589 97.348 3.599 16757844
-35.323 70.941 2.347 16376911
-33.166 66.321 2.159 16757844
-14.836 37.433 1.840 8191851
-14.373 35.903 1.128 8191851
-18.395 37.440 1.112 3003583
-13.716 26.373 0.689 3003583
-47.953 108.472 4.071 16376911
-12.142 25.290 0.734 8191851
-36.534 78.188 2.646 16757844
-20.382 36.350 1.121 3003583
-16.791 32.605 0.996 8191851
-45.433 121.052 8.630 12616956
-40.553 97.343 5.130 16757844
-34.396 84.361 5.064 16757844
-25.517 51.164 1.608 3003583
-50.500 114.766 6.638 16376911
-37.074 91.003 4.038 16757844
-33.780 80.125 6.087 16739210
-35.884 88.363 2.882 16376911
-32.270 80.255 4.807 16757844
-24.308 43.044 1.352 8191851
-31.729 79.148 4.739 16757844
-44.651 118.559 7.687 16376911
-32.506 81.306 3.028 16376911
-34.278 79.786 5.806 16739210
-30.613 79.242 5.729 12616956
-33.850 84.172 4.082 16757844
-24.163 34.295 1.091 3003583
-35.141 86.035 4.993 16376911
-29.287 69.485 7.412 16739210
-25.598 45.655 1.475 3003583
-28.632 64.686 1.953 16376911
-31.291 78.848 3.955 16757844
-30.585 77.490 2.633 16757844
-23.372 22.418 1.024 8191851
-28.191 77.568 4.550 16757844
-28.076 77.994 5.521 12616956
-28.733 78.183 5.680 16739210
-27.169 50.800 1.629 3003583
-27.160 24.683 2.665 6737151
-32.611 128.591 6.154 16376911
-28.711 77.831 5.288 16739210
-28.351 78.157 4.342 16376911
-27.274 75.976 4.985 12616956
-27.481 25.940 3.638 3718648
-26.916 78.936 5.693 16739210
-27.797 26.196 1.450 8191851
-27.771 67.193 2.162 16757844
-27.604 74.137 7.415 12616956
-24.034 133.405 3.838 16757844
-28.315 27.451 1.558 8191851
-28.442 26.039 2.197 8191851
-28.595 31.227 1.224 3003583
-31.936 26.705 1.237 3003583
-26.977 73.981 7.359 12616956
-27.980 29.000 1.158 8191851
-31.229 25.232 4.326 3718648
-23.355 84.822 4.731 16757844
-26.055 83.089 4.434 16376911
-31.905 36.730 1.329 8191851
-28.367 53.557 1.714 8191851
-23.774 81.922 2.751 16376911
-23.101 84.967 4.891 12616956
-21.222 84.432 4.653 16757844
-24.108 81.680 7.293 12616956
-34.421 26.075 3.684 3718648
-34.644 26.016 1.424 3003583
-28.617 53.599 1.717 8191851
-26.190 70.795 4.106 16376911
-35.478 25.616 2.180 6737151
-33.224 35.419 1.457 3003583
-34.029 26.140 2.361 8191851
-36.044 25.236 2.954 6737151
-32.789 26.928 2.548 3718648
-23.882 81.733 6.463 12616956
-22.887 86.139 3.934 16376911
-34.303 23.049 2.420 3718648
-22.229 80.260 5.991 16739210
-17.969 85.435 5.470 12616956
-22.018 79.832 6.211 12616956
-14.273 88.244 4.643 16757844
-13.771 88.271 5.415 12616956
-20.130 82.854 3.787 16376911
-19.553 83.456 4.408 16376911
-12.677 87.586 3.798 16757844
-24.026 66.984 1.961 16757844
-19.541 74.658 4.289 12616956
-11.056 95.832 0.772 16757844
-13.331 87.576 7.110 12616956
-41.141 22.679 6.468 3718648
-42.012 22.524 3.005 6737151
-32.729 48.931 1.741 3003583
-34.769 43.936 2.350 3003583
-45.656 20.726 3.052 6737151
-37.074 44.131 2.594 3003583
-43.829 21.546 2.295 8191851
-34.948 45.594 1.891 3003583
-44.522 21.325 5.747 6737151
-33.263 51.765 1.777 8191851
-45.526 20.906 4.307 3718648
-43.605 21.748 4.477 6737151
-44.379 21.374 4.511 6737151
-51.392 18.210 4.255 3718648
-48.694 19.446 2.301 8191851
-5.669 103.674 7.629 16739210
-50.355 18.660 4.493 3718648
-11.072 88.920 2.987 16376911
-35.079 50.958 2.329 8191851
-49.924 18.779 4.751 6737151
-46.444 33.440 2.731 6737151
-12.374 87.266 3.956 16757844
-19.806 75.213 4.257 12616956
-38.290 47.157 2.447 3003583
-53.760 17.056 3.753 3718648
-13.392 83.512 5.176 12616956
-15.779 77.526 5.169 12616956
-10.809 85.495 7.179 16739210
-35.928 50.898 1.948 3003583
-13.906 81.196 0.704 16376911
-12.637 87.486 3.603 16376911
-9.850 85.504 7.212 16739210
-10.329 86.378 4.051 16376911
-11.191 84.532 5.404 16739210
-18.970 74.055 3.894 16376911
-12.302 84.609 4.900 16739210
-12.784 77.428 4.647 12616956
-10.954 80.940 5.001 12616956
-11.258 78.365 3.527 16757844
-35.968 53.635 1.909 8191851
-5.446 87.646 5.626 16739210
-11.892 76.596 5.144 12616956
0.843 88.203 2.380 16376911
-39.862 50.704 2.056 8191851
-13.963 75.397 1.085 16376911
-40.088 50.678 2.720 3003583
-40.005 50.921 2.072 8191851
-64.425 32.093 2.614 3003583
-13.102 76.549 5.517 16739210
-9.439 79.758 4.449 16376911
-12.597 78.138 4.545 16739210
-6.156 84.593 5.612 16739210
1.136 86.233 6.264 16739210
-13.203 74.038 3.613 16757844
-32.528 58.073 1.871 8191851
-23.882 65.076 1.883 16376911
-12.405 72.763 2.953 16376911
-11.156 76.286 3.749 16376911
-10.028 76.536 6.731 12616956
-12.492 72.961 5.001 16739210
-32.701 58.278 1.876 8191851
-15.378 70.628 4.768 16739210
-10.149 75.749 4.831 16739210
-42.975 52.270 2.553 8191851
-64.433 32.100 2.351 8191851
-42.569 51.040 2.237 3003583
-42.516 51.117 3.256 8191851
-64.198 33.127 3.446 3718648
-8.173 77.670 3.240 16376911
-15.151 70.795 4.484 16739210
-41.792 52.954 2.157 8191851
-13.647 69.444 3.808 16757844
-6.378 75.678 6.899 12616956
-19.250 67.131 1.467 16757844
-43.659 53.260 3.262 3003583
-14.614 68.469 3.503 16757844
-10.301 71.843 1.674 16757844
-14.460 69.201 4.009 16376911
-13.842 70.520 3.324 16376911
-23.007 63.910 1.797 16376911
-42.396 55.377 3.302 3003583
-63.470 43.054 5.374 3718648
-22.832 63.332 4.053 12616956
-23.482 63.453 1.968 16376911
-60.523 43.308 5.434 6737151
-13.103 68.646 4.914 16739210
-22.458 63.542 4.388 16739210
-22.882 63.379 3.230 16376911
-21.924 64.175 2.965 16757844
-22.464 64.194 3.545 16376911
-43.463 54.653 3.425 8191851
-33.270 59.348 1.916 8191851
-21.632 63.027 3.891 12616956
-22.686 62.659 3.557 16757844
-22.881 63.221 3.071 16757844
-35.978 58.377 1.985 3003583
-58.968 48.671 5.422 6737151
-22.429 63.182 3.974 16739210
-23.044 62.686 1.895 16376911
-22.701 63.028 3.804 16376911
-64.162 49.343 5.524 3718648
-42.646 57.198 3.052 3003583
-22.714 62.550 3.749 12616956
-54.712 53.027 4.465 3718648
-45.842 56.828 5.695 3718648
-51.658 56.882 4.206 6737151
-42.934 58.490 2.932 8191851
-60.598 53.958 5.239 3718648
-45.510 56.686 4.272 3718648
-51.233 56.780 3.278 3003583
-39.098 59.131 2.117 8191851
-42.987 57.792 2.695 3003583
-21.940 62.484 3.266 16757844
-22.123 61.615 3.343 16376911
-21.727 62.006 3.110 16376911
-22.859 62.120 2.414 16757844
-42.892 59.109 2.492 8191851
-39.208 59.763 2.134 8191851
-42.447 60.088 3.023 8191851
-42.691 59.664 2.533 8191851
-41.877 59.341 2.237 3003583
-22.705 61.670 4.390 12616956
-22.415 60.990 3.814 12616956
-48.132 60.178 3.454 3003583
-57.712 61.581 5.126 6737151
-22.010 60.632 3.310 16376911
-42.160 61.036 2.629 8191851
-50.479 59.065 5.120 6737151
-42.714 59.992 3.402 8191851
-46.711 61.707 3.525 3003583
-51.788 61.140 7.388 6737151
2.283 58.973 6.082 16739210
-52.987 62.714 5.093 3718648
-43.759 61.998 7.059 3718648
-0.947 57.477 2.595 16757844
-1.982 56.922 2.618 16757844
-41.582 61.825 2.352 3003583
-4.567 56.949 2.135 16376911
-3.414 56.486 2.659 16757844
-44.387 63.006 5.671 3718648
-1.076 57.204 2.757 16757844
-1.962 56.934 2.137 16757844
-23.026 59.901 1.853 16376911
-4.921 56.420 1.417 16376911
-4.595 56.042 4.001 12616956
-5.285 55.835 3.420 12616956
-5.494 55.698 5.454 16739210
-4.135 56.311 4.901 16739210
-33.412 62.009 2.004 8191851
-49.629 66.344 3.555 3003583
-47.227 64.904 6.839 6737151
-9.023 57.648 3.732 16739210
-45.230 66.366 4.724 6737151
-7.464 54.781 4.465 16739210
-46.405 66.163 4.032 6737151
-45.527 65.156 5.493 6737151
-13.894 56.185 1.163 16376911
-8.628 54.257 5.232 16739210
-7.256 54.937 1.962 16757844
-45.341 65.774 4.909 3718648
-41.161 64.549 5.899 6737151
-43.757 64.780 3.469 8191851
-8.301 54.404 4.688 16739210
-10.095 53.593 2.466 16757844
-8.976 54.118 1.174 16757844
-49.326 67.138 4.800 3718648
-7.814 54.590 4.969 12616956
-38.546 65.025 2.238 8191851
-42.461 66.796 3.263 3003583
-43.252 68.671 3.026 8191851
-24.958 58.927 2.303 16376911
-43.411 66.513 3.492 8191851
-14.218 52.366 2.939 16757844
-10.273 53.339 4.125 16739210
-42.986 67.848 3.414 3003583
-13.146 52.021 3.422 12616956
-43.426 69.349 4.453 6737151
-43.704 69.601 3.185 3003583
-38.207 66.490 2.196 8191851
-15.440 51.828 2.968 16757844
-13.080 50.877 4.998 16739210
-42.656 69.895 7.523 3718648
-32.797 63.383 2.040 8191851
-44.500 71.440 3.125 3003583
-43.976 70.381 4.595 3718648
-41.799 69.970 2.544 8191851
-15.454 52.242 2.791 16757844
-21.687 56.122 1.743 16757844
-44.822 72.814 5.032 3718648
-45.388 73.351 3.650 3003583
-46.232 75.477 4.021 3003583
-21.790 55.971 1.742 16757844
-37.376 67.387 2.231 8191851
-44.918 74.704 2.793 8191851
-45.684 74.118 3.028 3003583
-12.256 48.773 5.518 12616956
-47.279 77.714 4.035 3003583
-46.134 75.345 4.149 6737151
-44.874 72.114 3.886 8191851
-41.439 71.808 2.475 8191851
-48.736 80.908 3.403 3003583
-46.418 75.948 4.291 8191851
-49.436 82.613 4.752 6737151
-45.270 78.650 4.580 6737151
-16.707 49.904 1.681 16757844
-38.778 69.877 2.387 3003583
-20.104 51.830 1.619 16376911
-17.158 48.643 2.628 16757844
-46.531 76.763 4.985 3718648
-46.795 82.704 4.038 3003583
-46.744 77.283 5.008 3718648
-5.374 39.443 4.267 16739210
-47.017 77.897 5.037 3718648
-47.963 79.186 3.284 8191851
-31.937 64.328 2.060 8191851
-44.756 78.503 4.292 8191851
-47.435 84.054 4.216 6737151
-51.193 92.326 5.860 6737151
-53.065 96.276 6.078 6737151
-47.063 84.085 3.022 3003583
-33.441 66.686 2.189 3003583
-47.434 84.104 5.933 6737151
-49.182 87.519 4.641 3718648
-33.016 67.020 2.177 3003583
-52.907 95.883 4.828 3718648
-55.130 100.329 4.932 3718648
-24.455 52.639 1.601 16757844
-16.710 35.055 0.955 16376911
-17.005 34.970 0.965 16376911
-44.177 100.446 4.915 6737151
-19.884 42.618 1.257 16757844
-17.746 34.680 0.983 16376911
-37.233 85.706 4.487 6737151
-34.083 72.630 2.389 3003583
-42.859 97.325 3.475 8191851
-35.283 77.593 2.615 3003583
-39.846 91.002 4.275 8191851
-26.044 51.997 1.643 16757844
-31.924 70.800 2.206 8191851
-36.568 84.759 3.586 8191851
-30.275 65.249 2.026 8191851
-40.025 97.105 4.526 3718648
-31.457 79.063 4.214 6737151
-31.031 78.286 2.777 8191851
-30.880 77.959 2.795 8191851
-33.452 83.393 3.017 3003583
-24.827 31.078 1.020 16376911
-31.613 77.232 6.398 6737151
-30.859 78.043 3.485 3003583
-33.413 83.164 3.158 8191851
-28.650 54.387 1.740 16376911
-27.960 46.038 1.441 16376911
-30.406 133.556 1.627 3003583
-30.970 77.544 4.756 3718648
-26.749 26.184 3.533 12616956
-29.731 75.535 3.854 6737151
-29.641 77.018 5.619 3718648
-28.850 45.673 1.420 16376911
-29.300 77.853 4.617 3718648
-29.283 70.498 2.252 8191851
-31.668 127.163 5.716 3718648
-29.609 73.089 2.344 3003583
-29.780 30.069 1.111 16376911
-30.056 22.630 2.727 16757844
-30.110 29.832 1.101 16376911
-28.758 24.526 2.951 16376911
-27.287 25.333 3.963 16739210
-28.000 78.074 4.585 3718648
-28.957 65.431 1.974 8191851
-26.455 81.216 3.612 3003583
-28.999 132.018 1.215 8191851
-26.570 83.773 2.531 3003583
-29.466 26.533 4.829 16739210
-30.066 54.286 1.743 16376911
-26.648 135.793 0.995 8191851
-26.406 133.697 2.760 8191851
-27.649 76.995 4.620 3718648
-27.597 76.773 5.160 6737151
-27.456 77.129 6.232 6737151
-26.917 74.998 6.751 3718648
-27.831 70.029 2.267 8191851
-24.688 87.123 4.882 3718648
-26.092 78.476 5.681 3718648
-24.894 84.944 3.665 6737151
-24.163 82.192 3.010 3003583
-30.559 54.305 1.743 16376911
-27.513 69.882 2.270 8191851
-27.455 77.251 4.721 6737151
-36.190 25.269 4.700 12616956
-32.394 40.431 1.579 16757844
-23.454 87.175 3.605 6737151
-23.640 84.552 6.290 3718648
-34.010 36.495 2.213 16757844
-31.341 50.835 1.620 16757844
-40.882 23.016 2.857 16757844
-24.854 86.261 5.148 6737151
-24.161 83.153 5.617 6737151
-39.604 23.649 2.159 16757844
-37.606 24.474 2.366 16757844
-26.366 70.720 3.512 3003583
-28.104 65.063 2.045 8191851
-23.004 84.645 4.867 3718648
-22.329 86.618 5.872 6737151
-22.547 85.436 3.719 8191851
-39.110 23.899 6.199 16739210
-24.145 82.616 3.383 8191851
-31.543 54.454 1.748 16376911
-23.201 84.910 5.028 6737151
-45.116 21.165 5.933 12616956
-26.249 70.722 2.474 3003583
-40.765 22.978 6.339 16739210
-35.126 47.139 4.184 12616956
-21.414 84.329 4.811 3718648
-21.503 82.984 5.559 6737151
-35.931 41.542 1.744 16757844
-20.295 82.501 4.020 6737151
-42.887 22.009 2.403 16757844
-18.884 85.240 3.418 6737151
-49.394 19.171 4.074 16757844
-49.993 18.798 5.193 12616956
-19.542 85.156 4.804 3718648
-12.141 97.407 3.120 6737151
-21.427 82.334 3.793 3718648
-48.881 19.399 2.176 16757844
-19.678 82.780 7.055 6737151
-26.764 66.974 2.181 3003583
-18.460 85.049 5.694 6737151
-50.611 18.449 2.168 16757844
-54.249 16.917 5.428 12616956
-47.894 19.850 3.494 16376911
-19.369 84.788 3.141 8191851
-19.845 83.179 4.297 3718648
-46.278 33.710 2.618 16376911
-10.832 94.199 3.278 8191851
-6.384 97.543 0.594 3003583
-34.225 52.314 1.824 16757844
-12.928 86.035 3.835 6737151
-15.240 87.414 4.293 3718648
-14.659 88.140 3.585 3718648
-12.850 90.229 2.757 8191851
-10.525 86.927 5.252 3718648
-11.058 85.841 5.193 3718648
-25.839 66.328 2.170 3003583
-20.150 74.285 3.929 3718648
-33.878 55.594 1.815 16376911
-47.850 38.485 3.060 16757844
-10.699 82.701 5.005 3718648
-9.106 86.376 3.141 8191851
-17.154 76.227 0.877 3003583
-9.556 82.695 4.319 3718648
-11.451 83.725 4.734 6737151
-12.056 80.462 7.005 6737151
-39.469 50.650 2.003 16376911
-11.396 77.092 3.440 6737151
-21.203 68.984 1.573 8191851
-13.017 75.049 1.720 8191851
-7.063 81.574 4.223 3718648
-40.213 49.961 3.170 16757844
-57.193 36.381 1.814 16376911
-40.693 50.182 3.185 16757844
-11.286 76.051 3.006 6737151
-16.698 72.632 1.123 3003583
-12.993 72.957 3.893 6737151
-12.256 77.507 4.443 6737151
0.434 86.637 4.496 3718648
-10.138 74.540 1.426 8191851
-12.142 74.159 3.538 6737151
-37.095 54.665 1.980 16757844
-59.981 39.977 5.704 12616956
-13.953 70.990 3.426 6737151
-61.289 40.466 6.687 12616956
5.050 89.383 0.658 8191851
-13.447 70.562 3.395 6737151
-42.557 51.353 3.251 16757844
-10.856 74.482 1.178 3003583
-10.434 75.846 2.120 8191851
-52.817 47.777 5.902 12616956
-10.234 72.756 2.914 6737151
-62.170 38.739 5.380 16376911
-13.970 69.835 3.505 6737151
-10.700 72.685 2.045 3003583
-13.559 69.805 2.651 3003583
-23.444 64.851 1.846 3003583
-62.778 38.538 4.707 16376911
-15.052 67.737 3.038 3003583
-14.357 68.775 2.712 3003583
-10.878 72.666 2.189 8191851
-38.231 56.275 2.060 16757844
-51.588 50.169 3.609 16757844
-23.262 64.548 1.830 3003583
-45.584 53.304 5.348 16739210
-22.514 63.942 3.644 6737151
-20.778 64.815 2.514 8191851
-60.849 47.827 3.630 16757844
-22.060 64.479 2.488 3003583
-22.523 63.803 3.852 3718648
-22.039 63.538 2.988 8191851
-48.429 55.116 3.637 16376911
-64.231 50.683 3.555 16376911
-53.690 51.232 5.672 16739210
-22.833 62.985 3.479 3003583
-22.518 63.413 2.802 8191851
-21.468 64.524 3.957 6737151
-54.319 53.552 4.372 16757844
-61.885 47.777 4.050 16376911
-54.945 50.840 5.286 16739210
-22.712 63.107 2.835 8191851
-22.876 62.670 3.783 6737151
-46.015 57.414 5.308 12616956
-39.133 58.161 2.131 16757844
-22.572 63.364 2.609 3003583
-43.524 57.493 5.715 16739210
-51.188 57.132 4.239 16757844
-43.006 57.341 5.271 16739210
-36.469 59.759 2.013 16376911
-25.520 62.128 1.932 8191851
-51.783 56.679 5.444 12616956
-60.775 55.230 6.876 16739210
-51.847 55.989 3.416 16757844
-22.629 62.365 2.821 8191851
-57.278 55.746 6.026 16739210
-43.012 59.517 3.363 16376911
-48.120 59.997 4.237 16757844
-63.944 59.035 3.830 16376911
-66.631 55.466 5.931 16376911
-22.747 62.207 3.222 3003583
-48.376 59.820 7.336 16739210
-22.933 61.271 3.069 8191851
-64.904 57.889 3.385 16757844
-23.730 61.420 2.567 8191851
-39.937 60.692 2.172 16757844
-22.943 61.311 2.852 8191851
-56.079 61.423 7.541 16739210
-21.802 60.673 3.705 6737151
-39.954 61.178 2.187 16757844
-46.529 62.888 5.078 12616956
-21.574 61.572 3.133 8191851
-21.492 61.492 3.490 3718648
-9.503 58.741 1.283 8191851
-49.128 60.744 5.557 16739210
-22.178 61.375 3.690 3718648
-46.535 62.778 4.773 12616956
-3.770 57.320 1.420 3003583
-44.935 62.344 5.586 16739210
-36.845 62.296 2.035 16376911
-36.838 62.372 2.036 16376911
-2.110 56.868 2.706 6737151
-25.513 60.683 1.881 8191851
-5.623 55.627 3.234 6737151
-23.161 60.493 1.882 3003583
-54.462 66.214 4.132 16757844
-7.548 55.415 0.885 8191851
-47.029 65.940 5.221 12616956
-3.360 56.638 2.902 3718648
-41.577 64.256 2.714 16376911
-6.083 55.338 2.816 6737151
-8.177 54.539 0.914 8191851
-44.130 64.417 3.110 16757844
-3.272 56.715 3.055 3718648
-46.618 67.065 5.662 12616956
-45.202 65.211 4.870 16376911
-49.283 68.417 5.977 12616956
-36.482 63.666 2.083 16376911
-20.526 58.283 1.617 8191851
-7.639 54.524 3.515 3718648
-45.597 67.130 5.267 12616956
-47.619 66.025 4.717 16376911
-9.681 53.779 3.402 3718648
-11.206 53.127 2.832 6737151
-45.997 68.762 5.262 12616956
-11.540 52.954 3.301 6737151
-42.878 66.796 2.584 16376911
-11.774 52.865 2.848 6737151
-8.059 54.610 1.561 8191851
-11.392 54.502 1.020 3003583
-42.609 67.349 2.594 16376911
-9.330 53.992 2.152 8191851
-43.515 68.090 6.871 16739210
-24.715 59.024 4.618 3718648
-43.290 68.537 6.874 16739210
-43.202 68.825 4.429 16757844
-43.529 69.160 3.511 16376911
-43.872 70.387 4.793 16757844
-43.374 68.346 6.422 12616956
-44.279 70.903 4.008 16376911
-43.161 68.466 3.788 16757844
-43.182 69.412 4.817 12616956
-15.387 52.714 2.323 3003583
-25.989 59.191 1.775 8191851
-22.195 56.469 1.750 8191851
-44.054 70.328 4.199 16757844
-38.626 67.328 2.252 16757844
-45.805 74.553 4.062 16376911
-35.222 65.687 2.166 16376911
-20.490 54.932 1.687 3003583
-19.783 54.196 2.070 3003583
-46.620 77.488 5.193 16757844
-45.309 73.098 4.388 16376911
-10.336 44.976 5.900 6737151
-19.900 52.276 1.633 8191851
-22.978 55.118 1.681 8191851
-45.684 74.267 4.420 16376911
-11.160 42.923 1.420 3003583
-17.612 48.077 1.465 8191851
-14.271 47.047 1.533 3003583
-45.787 80.566 4.106 16376911
-44.802 78.433 4.214 16757844
-44.764 77.830 3.816 16757844
-49.159 82.775 5.180 16376911
-47.841 84.941 5.723 12616956
-17.531 45.585 1.441 3003583
-36.103 69.440 2.329 16757844
-11.627 38.891 1.351 8191851
-50.910 91.000 4.446 16757844
-48.056 85.162 3.814 16757844
-49.056 86.758 5.304 16376911
-48.450 86.320 5.998 16376911
-24.311 53.549 1.599 8191851
-10.605 34.939 2.555 3718648
-55.043 100.269 4.876 16757844
-36.909 74.508 2.543 16376911
-40.823 80.715 2.860 16757844
-17.620 34.254 1.032 3003583
-25.558 52.952 1.635 8191851
-57.986 115.893 8.010 16376911
-22.746 42.968 1.322 8191851
-25.925 52.805 1.643 8191851
-51.422 114.521 5.963 16757844
-24.716 50.716 1.595 3003583
-38.110 87.311 5.882 12616956
-21.963 40.800 1.280 3003583
-36.755 85.277 3.947 16376911
-39.296 90.235 3.125 16376911
-37.527 85.923 4.714 16757844
-27.314 55.152 1.742 3003583
-24.248 45.781 1.499 3003583
-36.857 84.726 3.667 16757844
-34.376 85.255 3.886 16376911
-35.489 82.379 2.781 16757844
-37.970 87.141 5.707 16739210
-32.798 81.418 4.785 16757844
-32.198 76.128 2.451 16376911
-33.061 82.514 3.234 16376911
-31.748 77.258 6.767 16739210
-28.329 54.920 1.770 3003583
-33.662 83.702 3.607 16757844
-23.352 33.097 1.052 8191851
-34.915 85.739 4.912 16376911
-31.546 79.224 4.331 16757844
-28.763 51.912 1.658 8191851
-28.741 29.908 1.168 3003583
-27.456 43.887 1.424 3003583
-31.865 80.034 2.847 16757844
-28.227 38.639 1.353 3003583
-29.031 51.836 1.652 8191851
-28.142 25.079 3.506 3718648
-27.950 35.704 1.328 3003583
-28.998 77.602 4.483 16757844
-30.247 76.616 3.603 16757844
-30.079 38.217 1.370 3003583
-29.247 77.554 4.955 12616956
-27.741 132.996 1.531 16376911
-33.720 27.192 1.085 3003583
-29.249 77.686 5.058 16739210
-27.323 79.610 4.097 16757844
-29.796 77.237 5.685 12616956
-30.566 51.629 1.643 8191851
-27.979 76.878 5.225 16739210
-33.549 26.311 5.977 3718648
-28.258 130.285 6.435 16376911
-36.193 25.229 3.569 6737151
-30.710 32.543 1.283 8191851
-28.096 78.096 5.057 16739210
-31.075 51.594 1.638 8191851
-33.312 43.365 1.784 8191851
-35.192 25.716 3.752 3718648
-32.155 27.133 3.256 3718648
-25.572 84.640 6.808 16739210
-36.314 25.163 4.650 3718648
-19.607 140.213 2.394 16757844
-28.391 68.002 2.188 16376911
-33.368 35.969 3.332 3718648
-37.348 24.722 3.820 3718648
-28.086 70.762 2.301 16757844
-40.420 23.129 2.754 6737151
-27.380 79.296 4.403 16376911
-38.582 24.152 3.861 3718648
-33.223 36.320 2.293 8191851
-30.582 57.581 1.851 8191851
-24.573 81.350 6.356 16739210
-26.080 75.325 2.312 16376911
-23.458 84.893 4.221 16757844
-35.882 25.363 4.202 6737151
-31.199 54.754 1.770 3003583
-33.790 45.656 1.819 3003583
-23.063 82.524 5.161 12616956
-22.916 82.450 5.665 16739210
-31.505 54.792 1.768 3003583
-21.066 83.927 3.421 16376911
-26.435 70.723 4.963 16739210
-21.551 87.910 2.001 16757844
-40.243 23.220 2.519 3718648
-26.464 70.776 5.863 12616956
-23.603 82.525 6.191 12616956
-20.172 85.087 5.295 12616956
-20.078 84.897 4.692 12616956
-21.538 80.647 5.484 16739210
-22.491 80.372 5.698 16739210
-20.744 83.527 7.100 12616956
-17.696 85.340 5.895 16739210
-15.454 88.889 6.211 16739210
-25.743 69.820 2.243 16757844
-37.950 40.504 2.748 3003583
-47.082 20.152 3.971 6737151
-50.596 18.309 2.913 6737151
-38.771 46.494 3.125 3003583
-34.652 55.365 1.897 8191851
-46.862 20.089 6.166 6737151
-44.850 32.127 2.626 6737151
-47.870 19.799 4.555 3718648
-46.415 20.389 4.768 6737151
-21.093 83.190 5.390 12616956
-33.921 57.973 1.890 3003583
-21.332 81.177 5.222 12616956
-20.536 84.479 4.579 12616956
-38.559 49.076 2.005 3003583
-20.261 83.077 3.512 16757844
-21.883 79.812 5.882 16739210
-39.710 50.393 2.585 3003583
-36.297 56.121 1.961 8191851
-18.496 84.671 5.086 12616956
-11.142 96.365 3.166 16757844
-39.028 49.033 2.763 8191851
-48.305 38.644 3.045 6737151
-34.923 58.376 1.901 3003583
-47.148 36.893 3.307 3718648
-26.453 70.782 4.714 16739210
-40.065 49.329 3.210 8191851
-13.888 90.309 3.434 16757844
-26.371 70.710 4.069 12616956
-11.554 86.964 5.687 12616956
-42.323 50.697 3.112 3003583
-26.457 70.768 2.520 16757844
-27.083 69.339 2.263 16376911
-42.385 50.424 3.200 8191851
-12.665 84.187 4.381 12616956
-11.748 89.290 4.954 16739210
-13.398 83.153 0.626 16376911
-13.483 86.397 5.470 16739210
-11.281 88.010 4.878 16739210
-41.714 54.991 2.965 3003583
-42.748 52.025 2.998 8191851
-22.834 72.780 1.730 16757844
-63.309 36.633 5.207 3718648
-43.604 51.663 3.391 8191851
-19.599 74.315 2.876 16376911
-43.961 53.036 3.366 8191851
-11.469 82.000 5.778 16739210
-43.131 56.148 3.365 3003583
-11.856 78.128 2.882 16376911
-13.893 77.705 0.986 16376911
-5.851 85.350 4.483 16376911
-26.100 68.304 2.199 16376911
-61.209 40.902 5.393 3718648
-43.745 54.757 3.463 8191851
-44.841 54.038 5.264 6737151
-21.619 71.984 1.592 16757844
-5.453 80.495 2.516 16376911
1.089 88.741 4.539 16376911
1.384 86.492 2.393 16757844
-9.671 82.028 4.544 16739210
-9.062 78.988 5.305 16739210
-6.961 82.114 2.281 16757844
-47.174 53.589 3.397 8191851
-58.477 44.604 3.897 3718648
-10.346 79.718 5.925 12616956
-60.331 49.735 3.545 3003583
-37.132 60.867 2.099 3003583
-12.222 77.805 4.361 16739210
-44.890 56.237 5.256 6737151
-20.645 71.114 1.476 16757844
-45.592 57.000 4.251 6737151
-62.767 48.593 7.681 3718648
-48.547 54.929 5.580 6737151
-25.564 67.463 2.152 16376911
-12.843 74.562 5.177 16739210
-56.778 54.173 3.710 3003583
-12.956 74.338 4.089 16376911
-7.593 75.577 6.100 16739210
-6.781 77.454 2.876 16757844
-66.576 50.944 4.516 6737151
-42.453 59.197 2.305 3003583
-7.793 77.531 5.860 12616956
-35.054 63.107 2.071 8191851
-6.355 77.775 5.941 12616956
-11.794 72.350 2.196 16376911
-54.690 53.056 4.734 3718648
-42.512 59.977 2.966 3003583
-63.087 49.883 3.362 8191851
-42.437 60.215 2.398 3003583
-13.752 69.754 4.129 12616956
-42.084 61.134 2.839 8191851
-58.972 55.851 3.271 3003583
-40.849 61.859 2.245 8191851
-46.592 60.191 5.138 3718648
-57.190 55.909 4.749 3718648
-58.297 55.962 4.792 3718648
-9.653 72.940 3.068 16376911
-60.895 58.717 4.605 6737151
-13.719 68.380 2.847 16376911
-9.627 71.415 1.463 16757844
-54.937 60.263 5.067 6737151
-41.457 62.402 3.460 3003583
-13.021 69.858 4.349 16739210
-49.074 60.839 4.473 6737151
-25.130 66.088 2.109 16376911
-42.213 61.937 3.543 3003583
-13.955 68.290 4.174 12616956
-54.915 60.193 4.638 6737151
0.858 69.516 1.912 16376911
-45.701 62.830 3.989 3003583
-45.869 62.925 3.115 8191851
-47.701 60.962 6.656 6737151
-35.335 64.095 2.109 8191851
-1.935 68.077 2.744 16757844
-25.089 65.747 2.103 16376911
-1.618 68.332 2.908 16757844
-53.669 63.555 3.499 3003583
-6.984 66.167 2.348 16376911
-13.570 67.361 3.836 16376911
-4.190 67.375 1.406 16376911
-44.080 64.445 3.267 8191851
-56.982 64.203 4.054 3003583
-41.011 64.160 2.363 8191851
-9.568 65.215 3.988 12616956
-13.424 67.591 4.980 12616956
-18.615 65.569 1.937 16376911
-44.257 64.259 3.407 3003583
-43.424 65.118 3.322 8191851
-53.229 63.276 4.281 8191851
-11.181 63.957 4.411 12616956
-7.830 65.828 4.281 16739210
-9.251 64.559 4.602 16739210
-21.783 64.208 3.703 16757844
-39.892 64.578 6.765 6737151
-43.491 65.048 3.139 3003583
-18.898 64.701 3.237 16757844
-8.567 65.426 3.867 16739210
-43.821 64.689 3.665 8191851
-9.091 65.181 3.862 16739210
-9.793 63.991 4.816 16739210
-38.492 65.267 2.211 3003583
-43.070 65.542 3.637 3003583
-51.278 66.117 3.856 8191851
-22.194 63.649 4.160 16739210
-42.575 66.061 2.670 3003583
-22.725 63.622 3.367 16757844
-22.091 63.936 3.391 16757844
-22.130 63.917 2.819 16757844
-44.679 65.856 4.955 6737151
-44.902 66.993 6.336 6737151
-42.615 67.329 4.169 6737151
-45.831 66.719 4.008 8191851
-42.528 67.125 4.232 8191851
-21.955 62.858 4.682 12616956
-43.037 68.026 4.259 8191851
-21.432 62.262 4.281 16739210
-47.024 70.285 6.151 3718648
-44.211 70.629 3.823 3003583
-21.289 62.163 4.402 12616956
-23.217 61.812 2.498 16376911
-43.015 68.506 4.343 3718648
-44.471 71.315 3.297 8191851
-43.659 69.623 4.301 8191851
-44.812 71.830 3.275 8191851
-44.617 71.567 3.465 3003583
-40.444 69.676 2.389 8191851
-40.307 70.023 2.386 8191851
-45.729 74.063 3.194 8191851
-10.636 53.300 4.459 16739210
-45.884 71.810 4.088 8191851
-12.206 52.602 2.734 16757844
-12.600 52.300 2.741 16757844
-25.681 61.566 1.912 16376911
-44.620 72.412 5.183 6737151
-13.560 53.041 1.693 16376911
-47.187 77.529 4.242 3003583
-10.656 53.356 2.553 16376911
-39.330 71.089 2.432 8191851
-12.236 52.545 5.712 12616956
-12.464 52.495 2.479 16757844
-45.486 74.186 4.908 3718648
-12.891 52.246 5.681 12616956
-48.602 80.481 3.723 3003583
-20.729 56.521 1.649 16376911
-34.280 67.665 2.249 8191851
-41.464 72.968 2.579 3003583
-46.165 76.694 5.350 3718648
-15.322 52.839 2.177 16757844
-43.186 75.734 2.696 8191851
-44.596 76.333 2.925 3003583
-46.016 80.498 3.736 3003583
-45.527 78.868 4.817 6737151
-24.819 58.931 4.838 16739210
-19.582 54.267 1.901 16757844
-11.939 48.367 3.617 16739210
-10.271 42.780 2.518 16757844
-44.092 78.374 2.852 3003583
-45.139 79.613 4.466 8191851
-49.536 88.707 5.700 6737151
-44.879 78.646 4.110 8191851
-47.568 85.097 3.052 3003583
-46.607 82.416 5.618 3718648
-40.751 77.109 2.732 8191851
-49.417 88.355 5.162 6737151
-45.834 80.621 3.612 8191851
-43.306 83.551 2.900 8191851
-49.202 87.879 5.314 3718648
-48.334 85.490 4.124 8191851
-49.774 88.739 4.830 3718648
-41.577 83.777 2.909 8191851
-55.831 101.485 3.871 8191851
-42.858 86.969 3.016 3003583
-17.907 40.350 1.104 16376911
-37.844 78.479 2.717 8191851
-51.144 111.795 3.061 3003583
-44.943 101.645 5.982 6737151
-44.660 101.515 3.241 3003583
-43.867 93.144 3.093 3003583
-47.242 97.820 3.165 8191851
-49.220 109.004 3.663 8191851
-46.224 98.633 3.128 8191851
-45.004 101.636 5.527 3718648
-37.852 86.504 5.250 3718648
-27.843 55.947 1.772 16757844
-39.426 89.984 3.164 3003583
-45.629 118.952 8.299 3718648
-34.759 79.399 2.660 8191851
-40.127 91.419 5.888 6737151
-29.605 58.506 1.871 16376911
-33.058 74.772 2.375 8191851
-37.846 92.620 4.355 8191851
-25.897 44.445 1.409 16757844
-36.895 85.758 4.422 3718648
-34.225 79.799 5.424 6737151
-44.893 118.118 7.567 6737151
-41.474 134.246 9.128 3718648
-37.911 92.606 3.199 8191851
-32.361 81.064 3.940 3003583
-34.733 86.075 3.729 8191851
-32.034 80.324 3.039 8191851
-32.544 79.791 2.589 8191851
-35.226 86.939 4.378 3718648
-29.633 49.967 1.572 16376911
-32.566 76.944 2.535 3003583
-30.622 58.267 1.873 16376911
-31.799 79.881 3.236 3003583
-31.959 77.078 7.652 6737151
-31.380 25.346 4.444 12616956
-31.303 78.466 4.628 3718648
-32.297 80.670 4.581 3718648
-30.768 54.986 1.774 16757844
-31.984 79.519 4.869 6737151
-31.171 78.629 3.442 3003583
-31.055 78.334 2.950 3003583
-31.036 71.884 2.302 3003583
-30.189 76.474 2.840 8191851
-24.879 137.141 6.987 3718648
-30.418 77.082 4.041 8191851
-19.232 139.628 4.695 6737151
-29.877 75.862 3.382 3003583
-32.725 50.226 1.724 16376911
-31.775 54.799 1.768 16757844
-33.662 26.349 3.166 16376911
-33.595 44.471 2.226 16376911
-20.128 140.778 5.195 6737151
-29.942 76.046 4.020 8191851
-28.342 78.097 3.028 8191851
-35.193 25.702 5.054 16739210
-25.399 135.083 6.095 3718648
-30.085 76.263 3.830 8191851
-32.478 54.709 1.761 16757844
-25.611 86.035 3.624 3003583
-37.085 24.870 4.211 16376911
-27.147 79.453 4.436 6737151
-21.790 135.372 4.321 3718648
-28.193 76.720 5.211 3718648
-32.750 58.222 1.883 16376911
-35.365 47.024 3.574 16757844
-28.882 74.773 6.884 6737151
-24.862 83.708 4.520 6737151
-25.575 81.526 3.249 3003583
-35.029 50.875 1.851 16376911
-26.132 81.855 2.861 3003583
-24.994 84.904 3.723 6737151
-26.316 83.571 3.006 3003583
-28.522 74.273 6.748 6737151
-33.252 58.286 1.883 16376911
-26.382 79.157 4.486 3718648
-40.210 23.383 4.595 16739210
-23.529 83.574 4.469 6737151
-26.794 76.075 6.316 3718648
-22.637 84.134 3.975 6737151
-45.123 21.141 3.496 16376911
-23.580 83.992 4.606 3718648
-24.685 81.166 3.308 3003583
-51.965 17.981 5.501 12616956
-23.663 82.968 4.113 6737151
-27.470 74.545 6.865 6737151
-50.130 18.728 4.517 12616956
-50.616 18.452 3.362 16757844
-44.785 21.297 2.684 16376911
-26.425 77.035 2.178 3003583
-20.371 85.224 2.833 3003583
-50.756 18.547 3.663 16376911
-24.887 81.185 3.521 8191851
-51.393 18.202 4.872 16376911
-45.335 32.785 2.940 16757844
-19.471 84.762 2.784 3003583
-21.976 84.346 3.703 8191851
-19.873 83.511 4.348 6737151
-38.928 48.602 2.257 16757844
-21.920 83.713 3.213 8191851
-28.323 70.802 2.305 3003583
-19.913 84.758 2.946 3003583
-22.461 83.906 3.362 8191851
-23.203 82.059 2.985 8191851
-19.140 84.832 2.895 3003583
-48.153 36.668 2.999 16757844
-15.045 88.165 3.711 6737151
-39.192 52.094 1.972 16376911
-26.172 72.722 2.232 8191851
-39.510 52.300 1.990 16376911
-19.053 84.987 3.022 8191851
-50.098 36.797 1.860 16376911
-21.439 79.855 6.223 6737151
-40.565 50.337 3.145 16757844
-19.091 84.825 4.773 6737151
-18.698 81.625 1.372 8191851
-14.861 88.379 4.698 3718648
-37.062 56.571 1.996 16757844
-12.548 88.413 6.383 3718648
-28.724 68.229 2.197 8191851
-26.484 70.856 3.069 8191851
-42.492 51.389 2.923 16376911
-26.334 70.735 3.397 3003583
-14.310 86.391 4.593 3718648
-12.761 88.226 1.889 3003583
-24.652 71.778 2.106 8191851
-17.930 78.393 1.501 8191851
-26.425 70.734 4.043 3718648
-26.342 70.693 3.869 3718648
-8.361 86.417 2.103 3003583
-19.473 74.756 2.965 3003583
-11.261 84.692 4.450 3718648
-9.827 85.878 3.778 3718648
-45.699 53.365 5.344 12616956
-44.935 53.442 4.959 12616956
-9.208 84.715 4.407 3718648
-19.728 74.381 1.975 8191851
-11.073 82.412 0.876 3003583
-45.254 54.016 6.954 16739210
-28.097 67.526 2.178 8191851
-45.334 55.373 5.290 12616956
-46.373 53.178 6.637 12616956
-44.163 56.095 6.637 16739210
1.710 86.921 1.300 3003583
-61.764 42.266 5.559 16376911
-7.335 82.113 5.282 6737151
5.587 86.090 -0.756 8191851
-7.749 79.727 4.655 3718648
-21.596 71.183 1.565 8191851
-11.734 79.775 4.394 6737151
-60.484 49.174 3.613 16376911
-63.256 43.745 4.767 16376911
-45.042 55.940 7.545 12616956
-12.114 75.781 4.479 3718648
-11.399 77.444 3.069 8191851
-16.512 74.277 1.032 3003583
-43.754 57.363 6.075 12616956
-60.900 51.061 5.231 16757844
-45.549 56.664 3.934 16757844
-43.399 58.975 3.408 16376911
-40.494 59.980 2.176 16757844
-47.086 55.173 4.464 16376911
-68.756 46.530 6.790 12616956
-41.561 59.981 7.455 16739210
-47.591 57.542 5.176 12616956
-11.401 72.694 2.248 3003583
-13.247 74.915 3.730 3718648
-11.568 74.463 4.796 6737151
-51.510 57.628 4.861 16757844
-49.423 56.333 6.029 16739210
-54.314 52.977 5.989 16739210
-37.950 62.574 2.155 16376911
-10.740 72.985 1.675 3003583
-54.675 54.708 4.070 16757844
2.635 81.537 2.529 3718648
-57.920 55.099 3.989 16757844
-13.163 71.678 2.517 3003583
-11.151 73.286 2.481 8191851
-63.335 49.961 5.965 16739210
-15.158 70.534 4.252 3718648
-13.094 71.036 3.832 3718648
-15.213 70.241 4.923 3718648
-11.449 71.409 2.846 6737151
-56.697 54.100 4.256 16376911
-7.292 73.445 6.439 6737151
-10.153 72.436 3.426 3718648
-40.708 62.310 5.280 16739210
-16.855 70.008 1.258 3003583
-13.854 69.884 3.811 3718648
-10.504 72.920 3.068 3718648
-14.507 68.679 3.689 6737151
-58.188 56.433 6.197 16739210
-49.529 60.468 4.927 12616956
-52.203 59.784 7.972 16739210
-60.645 59.825 6.117 12616956
-63.134 58.073 6.469 12616956
-53.488 59.220 5.276 16376911
-13.357 68.676 4.925 3718648
-13.626 70.386 3.609 3718648
-12.867 68.459 3.313 6737151
0.136 69.099 1.099 3003583
-14.874 68.007 1.371 8191851
-52.085 62.565 5.998 12616956
-65.428 56.079 4.556 16376911
-51.704 62.198 3.408 16376911
-20.968 66.645 1.606 8191851
-40.154 63.897 6.796 16739210
-49.117 60.912 6.213 12616956
-14.820 68.701 3.989 6737151
-58.666 62.139 3.270 16376911
-41.045 64.091 7.080 16739210
-2.375 67.842 3.510 3718648
-13.960 68.435 3.156 3718648
-58.682 62.674 4.253 16757844
-45.965 63.356 4.169 16757844
-4.459 66.725 3.521 3718648
-27.406 65.506 2.106 8191851
-51.936 62.997 4.770 16376911
-48.601 65.296 5.707 12616956
-4.950 67.207 3.084 3718648
-56.378 63.434 4.388 16757844
-17.962 66.010 2.116 3003583
-47.127 65.823 5.196 12616956
-51.688 63.041 6.575 12616956
-41.500 64.909 2.427 16757844
-51.586 63.492 6.572 12616956
-5.102 66.692 2.619 3718648
-45.909 66.501 4.429 16757844
-9.011 64.056 4.963 3718648
-51.144 67.224 5.556 12616956
-20.529 64.471 2.236 8191851
-45.288 66.406 4.489 16757844
-9.530 65.050 3.830 6737151
-27.424 64.904 2.083 8191851
-42.648 65.999 3.440 16757844
-45.217 66.386 4.898 16376911
-22.038 63.903 1.778 8191851
-11.581 64.101 1.988 8191851
-20.470 64.599 3.167 8191851
-22.637 63.403 3.554 6737151
-8.449 62.287 5.887 6737151
-21.480 63.006 3.484 6737151
-22.055 64.042 3.003 3003583
-49.254 69.435 5.919 12616956
-46.304 67.295 5.355 16739210
-21.599 64.320 3.473 3718648
-45.240 67.240 7.380 12616956
-44.722 68.227 4.197 16757844
-42.649 67.297 3.940 16757844
-22.618 63.687 2.294 3003583
-42.216 67.442 4.993 16739210
-42.910 68.857 4.681 16757844
-43.548 68.542 5.382 16739210
-42.299 68.274 4.965 12616956
-22.860 63.345 2.319 3003583
-46.492 68.780 6.614 12616956
-20.826 61.451 3.404 6737151
-22.172 62.809 4.166 6737151
-43.761 69.184 5.588 16739210
-43.621 69.943 4.835 12616956
-44.199 70.384 2.854 16376911
-44.177 70.635 2.851 16376911
-8.846 54.185 1.414 3003583
-43.710 70.679 5.186 12616956
-27.548 63.717 1.943 8191851
-43.603 70.030 7.210 12616956
-44.866 71.992 3.748 16376911
-44.808 72.118 4.632 16757844
-25.545 62.704 1.972 3003583
-10.019 53.960 0.938 3003583
-24.104 61.888 2.812 3003583
-43.540 70.502 5.320 16739210
-27.662 63.369 1.906 8191851
-10.436 53.391 4.867 3718648
-23.746 61.495 2.325 3003583
-10.352 53.477 1.789 8191851
-45.856 75.540 5.082 16757844
-37.347 69.285 2.338 16376911
-12.131 52.667 2.825 6737151
-45.938 75.086 4.760 16757844
-23.252 60.455 3.160 8191851
-16.979 54.310 1.494 8191851
-10.750 53.322 1.951 8191851
-13.164 52.054 2.850 6737151
-16.316 53.715 1.592 3003583
-46.449 75.915 4.049 16757844
-46.247 75.988 4.905 16376911
-18.318 55.801 1.536 3003583
-13.387 52.017 5.717 6737151
-22.628 58.863 1.835 3003583
-47.898 79.103 4.447 16757844
-45.123 78.372 4.268 16376911
-22.789 58.652 1.834 3003583
-47.154 78.113 5.012 16376911
-48.476 80.912 5.023 16757844
-18.394 53.407 1.775 3003583
-47.068 77.515 4.640 16376911
-45.697 80.475 5.270 16757844
-15.403 51.172 3.040 3718648
-47.486 78.388 4.672 16376911
-47.080 82.740 5.432 16757844
-45.879 80.192 5.878 12616956
-23.331 57.875 1.816 3003583
-10.655 45.673 4.367 6737151
-46.175 81.301 4.947 16757844
-38.671 72.695 2.529 16757844
-47.139 82.962 3.652 16376911
-48.711 86.970 5.691 16757844
-38.471 72.856 2.531 16757844
-4.811 37.097 4.500 6737151
-21.086 54.367 1.718 3003583
-51.727 92.985 4.490 16376911
-46.836 82.841 5.698 16376911
-52.474 95.047 5.365 16757844
-49.669 88.909 5.994 12616956
-11.867 44.326 1.544 8191851
-50.843 91.044 4.651 16757844
-27.054 60.233 1.843 3003583
-40.443 77.697 2.749 16376911
-19.904 49.565 1.567 3003583
-52.431 94.544 4.724 16757844
-23.087 53.499 1.544 8191851
-26.095 57.654 1.743 8191851
-46.647 85.849 3.010 16757844
-16.131 46.481 1.946 8191851
-56.559 103.757 3.310 16376911
-36.686 73.898 2.552 16757844
-15.771 36.778 0.941 3003583
-19.738 44.163 1.311 3003583
-17.520 35.973 0.988 3003583
-13.765 35.332 3.553 6737151
-18.469 42.787 1.248 8191851
-26.147 54.960 1.723 3003583
-25.750 52.204 1.624 8191851
-26.365 54.850 1.727 3003583
-28.542 59.363 1.875 3003583
-36.908 79.443 2.694 16376911
-38.642 88.232 5.833 12616956
-22.591 36.391 1.131 3003583
-20.555 33.290 0.957 3003583
-39.393 89.970 3.432 16376911
-39.596 87.454 2.955 16757844
-27.416 54.384 1.747 3003583
-42.926 98.049 5.502 16376911
-22.076 31.664 0.911 3003583
-46.072 118.552 7.290 12616956
-39.073 94.349 5.046 16757844
-38.624 93.456 5.004 16757844
-29.420 59.020 1.887 3003583
-29.170 56.286 1.804 8191851
-41.625 129.511 8.793 12616956
-28.456 44.323 1.346 8191851
-29.858 58.909 1.899 3003583
-42.862 130.092 9.276 12616956
-27.086 27.206 1.475 3003583
-33.371 83.213 3.992 16376911
-34.234 79.791 6.316 12616956
-29.072 53.658 1.744 3003583
-32.784 80.959 5.058 12616956
-39.461 123.868 8.658 12616956
-30.294 55.883 1.790 8191851
-34.206 84.817 2.996 16757844
-32.533 81.239 4.423 16757844
-32.433 80.056 2.598 16376911
-34.249 83.859 5.214 16739210
-32.046 80.243 4.376 16757844
-26.229 26.992 1.196 8191851
-31.590 75.535 7.058 16739210
-26.636 26.942 1.210 8191851
-31.715 79.570 4.344 16757844
-32.494 81.354 3.777 16757844
-31.897 78.335 6.901 12616956
-30.729 77.694 3.898 16376911
-31.339 72.347 2.307 16376911
-31.692 79.186 4.730 16376911
-32.139 43.050 1.612 3003583
-31.552 78.370 4.979 16739210
-32.455 43.008 1.618 3003583
-30.812 25.778 1.301 8191851
-31.736 61.422 1.994 8191851
-30.787 78.064 5.868 12616956
-31.449 36.700 1.398 8191851
-35.419 25.578 4.734 3718648
-19.890 140.879 6.965 16757844
-22.185 135.549 5.570 16757844
-25.541 133.369 6.033 16376911
-17.356 140.412 3.304 16376911
-30.287 76.716 3.751 16757844
-30.412 72.144 2.308 16376911
-30.143 76.052 6.309 12616956
-39.170 23.855 3.936 3718648
-29.607 75.196 2.938 16376911
-34.986 47.148 3.130 6737151
-42.486 22.304 3.799 6737151
-29.662 78.986 5.038 16739210
-22.580 135.192 8.032 16739210
-28.685 76.592 5.914 16739210
-34.947 51.089 2.563 3003583
-29.834 71.954 2.304 16376911
-28.995 80.469 5.679 12616956
-25.881 85.938 3.810 16757844
-24.665 85.601 4.613 16757844
-28.523 76.917 5.102 16739210
-35.249 47.049 4.235 6737151
-24.744 83.470 4.519 16757844
-37.334 39.227 1.812 8191851
-25.754 85.819 3.925 16757844
-24.058 83.399 4.494 16757844
-27.776 76.191 6.342 12616956
-27.410 75.120 6.949 16739210
-21.940 84.746 4.985 12616956
-24.684 82.914 4.276 16376911
-23.580 85.445 3.825 16757844
-21.446 84.569 4.962 12616956
-23.477 82.413 3.026 16376911
-23.752 82.982 4.245 16376911
-26.569 74.682 6.887 16739210
-23.243 84.942 3.926 16376911
-39.104 48.990 2.168 3003583
-35.018 61.671 2.023 3003583
-36.849 59.366 2.049 8191851
-47.086 37.250 2.028 3003583
-42.531 50.308 2.099 8191851
-26.936 78.893 4.888 12616956
-42.792 51.438 2.225 8191851
-35.928 61.908 2.032 3003583
-26.707 79.805 4.444 12616956
-51.094 37.113 2.942 6737151
-26.470 79.401 4.707 12616956
-27.912 76.718 5.124 16739210
-38.594 60.137 2.108 8191851
-23.767 85.222 3.969 16376911
-42.332 54.831 3.285 3003583
-24.271 82.635 1.139 16757844
-27.598 75.826 5.445 16739210
-27.218 77.196 4.624 16739210
-27.548 77.380 5.062 12616956
-43.037 51.514 3.282 8191851
-27.553 77.108 5.032 12616956
-19.616 84.164 4.335 16757844
-42.691 57.198 2.838 8191851
-14.775 89.496 5.706 12616956
-39.262 60.634 2.150 8191851
-23.120 81.955 4.156 16376911
-46.083 52.257 5.109 3718648
-43.302 55.557 7.296 3718648
-42.930 57.718 2.885 8191851
-26.872 76.295 4.836 16739210
-43.613 55.949 3.379 3003583
-21.400 81.688 5.190 16739210
-22.759 81.324 2.704 16757844
-42.889 57.604 3.050 3003583
-52.775 46.945 6.787 3718648
-43.016 57.968 2.406 8191851
-35.858 65.527 2.169 8191851
-20.019 84.061 4.226 16376911
-14.717 87.926 4.041 16376911
-12.701 87.839 5.092 12616956
-43.040 58.227 2.722 3003583
-12.899 85.381 5.395 12616956
-4.680 94.357 -1.029 16376911
-38.134 63.532 2.175 3003583
-13.856 87.103 3.978 16376911
-54.892 49.522 5.736 3718648
-14.066 86.512 4.568 16376911
-14.511 87.787 3.565 16376911
-48.582 55.468 3.371 3003583
-14.027 82.936 4.113 16757844
-45.697 56.876 4.779 3718648
-61.376 47.928 4.358 6737151
-9.050 86.165 2.730 16376911
-66.554 39.946 3.717 8191851
-42.324 60.660 2.403 3003583
-52.553 55.219 3.219 3003583
-41.943 61.313 3.078 3003583
-49.036 55.749 3.511 8191851
-9.549 86.790 3.802 16376911
-12.366 84.354 5.025 16739210
-52.234 55.538 4.473 6737151
-48.896 55.491 3.616 8191851
-2.464 86.325 5.560 12616956
-11.767 82.223 4.166 12616956
-19.156 78.400 0.717 16757844
-11.642 83.343 3.762 16376911
-11.695 80.263 4.498 12616956
-68.993 42.043 4.131 3718648
-51.658 54.827 4.700 3718648
4.198 88.594 1.874 16376911
-38.865 65.102 4.122 6737151
-42.784 62.952 3.487 3003583
-42.171 62.505 7.427 6737151
-7.019 81.591 5.207 12616956
-6.771 81.605 3.857 16757844
-50.107 59.613 6.245 3718648
-47.172 61.415 2.519 8191851
-7.215 83.329 3.595 16376911
-13.995 78.278 0.956 16376911
-44.525 63.031 5.578 3718648
-46.492 63.229 4.425 6737151
-44.987 62.355 6.205 6737151
-20.475 75.155 1.190 16757844
-45.923 63.656 4.751 6737151
-47.982 60.420 5.080 6737151
-13.795 76.601 4.931 16739210
-44.784 63.455 2.494 3003583
-65.587 52.382 6.153 6737151
-39.680 65.812 2.296 3003583
-8.484 76.175 3.108 16757844
-54.885 59.995 4.303 8191851
-52.195 62.619 6.492 3718648
-1.475 82.097 4.330 16739210
-45.280 65.600 4.767 6737151
-42.322 66.008 2.523 8191851
-55.913 63.928 3.643 3003583
-42.628 66.680 4.184 3003583
-10.937 73.320 3.661 16757844
-42.852 66.757 3.589 8191851
-44.762 65.232 4.583 3718648
-12.480 73.600 4.803 16739210
-10.254 72.918 4.163 12616956
-11.562 73.522 4.318 12616956
-55.433 62.782 5.511 3718648
-58.706 62.496 4.474 8191851
-5.837 75.210 5.372 16739210
-45.964 66.295 7.137 3718648
-42.585 67.072 3.280 8191851
-27.060 69.745 2.280 16376911
-11.286 73.427 3.418 16376911
-8.054 72.434 5.807 16739210
-12.296 73.821 4.573 16739210
-42.496 67.007 3.849 3003583
-22.089 70.724 1.671 16757844
-14.343 70.937 3.775 12616956
-23.120 70.288 1.901 16757844
-46.871 66.799 5.554 6737151
-14.323 71.246 3.460 16376911
-9.481 71.829 2.752 16757844
-46.483 68.382 4.352 6737151
-15.509 69.146 1.203 16376911
-42.565 67.746 4.622 3718648
-43.263 68.812 4.077 3003583
-43.209 68.859 4.322 6737151
-43.093 68.413 3.886 3003583
-13.392 70.457 3.967 16739210
-10.318 69.444 5.973 12616956
-43.421 69.079 4.083 3003583
-43.929 69.965 3.643 8191851
-40.288 68.931 2.417 3003583
-43.393 69.006 3.896 3003583
-44.507 69.022 6.141 6737151
-43.415 69.690 4.848 3718648
-40.346 69.176 2.409 3003583
-6.591 66.405 2.871 16757844
-13.286 68.506 5.039 12616956
-12.602 68.370 3.895 16739210
-43.739 69.733 2.969 3003583
-8.356 65.568 3.495 12616956
-10.702 64.449 3.902 12616956
-37.153 69.562 2.349 8191851
-44.042 70.261 3.909 3003583
-9.905 64.854 1.607 16376911
-11.620 63.709 4.396 12616956
-18.887 66.834 2.258 16757844
-22.939 67.205 1.758 16757844
-8.280 65.572 3.782 16739210
-44.418 71.151 3.916 3003583
-44.193 71.714 5.237 3718648
-37.072 69.947 2.359 8191851
-44.558 72.040 4.994 3718648
-9.529 64.917 4.324 16739210
-44.794 71.721 4.204 8191851
-45.390 73.263 4.384 3003583
-10.832 64.344 4.292 16739210
-42.614 72.047 2.638 8191851
-45.733 73.842 3.588 8191851
-27.251 66.893 2.177 16376911
-11.772 63.669 3.260 16376911
-19.233 63.853 3.667 12616956
-45.212 72.911 3.426 3003583
-45.296 73.130 3.421 3003583
-19.738 63.489 3.013 16757844
-39.850 71.469 2.469 3003583
-21.494 63.959 4.288 16739210
-46.024 74.887 3.079 8191851
-36.766 70.707 2.389 8191851
-19.290 63.963 3.170 16376911
-45.864 74.653 3.375 3003583
-22.093 63.503 4.277 16739210
-21.494 63.777 4.074 16739210
-42.290 73.868 2.600 8191851
-45.428 74.069 4.958 3718648
-46.118 75.216 3.909 3003583
-22.278 63.782 2.501 16757844
-36.618 70.960 2.401 8191851
-46.868 76.837 2.968 8191851
-21.758 62.660 4.759 16739210
-47.476 78.588 4.897 6737151
-22.528 63.313 4.065 16739210
-47.795 79.335 4.925 6737151
-47.067 77.894 4.965 6737151
-22.697 63.198 3.526 16376911
-46.146 75.981 5.055 3718648
-47.243 77.592 3.881 3003583
-46.684 76.431 4.358 8191851
-41.349 74.946 2.642 8191851
-47.678 78.595 4.282 8191851
-23.265 62.697 2.535 16757844
-48.184 80.354 5.074 6737151
-22.019 61.695 4.436 16739210
-12.663 52.182 3.145 16757844
-44.346 78.046 3.079 8191851
-48.057 80.252 5.178 3718648
-48.075 79.405 4.395 8191851
-45.286 79.528 4.558 6737151
-47.519 79.223 5.228 3718648
-23.063 60.583 3.094 16757844
-12.144 52.484 6.015 12616956
-48.575 80.890 4.872 3718648
-12.796 52.170 2.845 16376911
-12.963 50.476 4.537 16739210
-40.081 75.985 2.684 8191851
-46.934 82.985 3.583 3003583
-45.162 79.436 5.124 3718648
-49.147 87.833 5.747 6737151
-28.290 64.122 1.944 16376911
-45.842 80.593 3.970 8191851
-46.023 81.015 5.219 3718648
-46.865 83.595 3.040 3003583
-56.518 96.540 3.062 3003583
-26.663 62.254 1.933 16757844
-51.654 92.511 4.118 3003583
-43.255 82.080 2.892 8191851
-15.947 51.405 2.520 16376911
-38.765 76.805 2.706 8191851
-42.551 82.388 2.894 8191851
-38.354 77.046 2.706 8191851
-51.358 92.595 5.869 3718648
-45.788 87.666 4.242 8191851
-43.900 85.342 3.024 3003583
-45.284 87.916 4.233 8191851
-37.736 77.479 2.686 8191851
-60.544 114.725 8.011 3718648
-20.571 46.028 1.313 16376911
-26.699 56.685 1.735 16376911
-27.266 56.431 1.752 16376911
-30.381 62.807 1.987 16376911
-43.762 98.048 2.999 3003583
-38.377 84.056 2.835 8191851
-30.683 62.693 1.995 16376911
-36.745 85.101 3.875 3003583
-34.078 73.031 2.389 8191851
-38.761 86.853 2.953 3003583
-46.027 104.114 3.410 8191851
-37.341 91.507 4.260 3003583
-37.863 86.612 5.367 3718648
-37.741 86.668 5.365 3718648
-37.851 91.891 4.961 6737151
-39.667 90.463 3.685 8191851
-36.808 84.788 3.695 3003583
-36.787 89.768 4.865 6737151
-34.716 78.756 2.574 8191851
-36.205 89.100 3.275 3003583
-34.578 85.634 3.202 8191851
-36.820 85.431 4.166 8191851
-34.323 79.828 3.683 3003583
-35.033 80.969 2.749 3003583
-34.612 85.633 4.281 6737151
-34.279 79.776 7.543 6737151
-36.354 89.206 4.593 3718648
-30.084 47.523 1.509 16757844
-32.427 62.207 2.012 16376911
-30.450 48.040 1.586 16757844
-31.207 41.630 1.545 16376911
-32.665 81.282 4.698 6737151
-34.683 85.851 4.086 8191851
-34.375 84.217 5.164 6737151
-32.239 80.525 4.648 6737151
-32.793 81.941 2.930 8191851
-32.465 59.051 1.922 16757844
-32.581 80.634 5.008 3718648
-32.452 81.208 4.186 6737151
-32.307 80.895 3.009 8191851
-33.427 83.143 4.396 3718648
-32.702 81.792 3.974 8191851
-31.971 80.299 3.898 3003583
-32.445 81.329 3.215 3003583
-33.512 48.359 1.763 16757844
-31.412 78.794 4.541 6737151
-37.211 38.785 2.422 16376911
-33.523 58.831 1.916 16757844
-37.144 44.190 2.744 16376911
-34.721 47.244 2.579 16757844
-31.355 78.846 4.366 6737151
-36.890 41.326 1.745 16376911
-30.926 78.182 3.507 8191851
-34.805 51.086 2.119 16757844
-31.581 79.463 3.713 3003583
-30.796 79.928 6.477 3718648
-30.818 77.616 4.467 6737151
-31.053 78.220 4.338 6737151
-30.988 78.061 4.330 6737151
-31.648 79.341 4.513 3718648
-31.606 79.462 4.024 8191851
-30.543 77.402 3.530 8191851
-30.900 77.733 2.581 8191851
-31.465 79.174 4.019 8191851
-38.392 45.342 3.000 16757844
-30.956 77.355 6.678 6737151
-29.769 79.823 5.309 3718648
-34.910 62.173 2.026 16376911
-30.437 77.049 3.643 3003583
-29.205 80.260 4.860 3718648
-26.914 83.601 2.906 8191851
-30.691 77.579 3.789 8191851
-26.050 86.095 3.883 6737151
-47.188 37.325 2.678 16376911
-30.409 76.960 3.792 8191851
-30.097 76.304 3.929 8191851
-29.056 77.450 4.661 3718648
-28.195 78.028 4.383 6737151
-31.255 72.768 2.330 8191851
-28.533 78.001 6.105 3718648
-28.444 78.210 3.446 3003583
-25.348 86.229 4.393 3718648
-25.671 85.318 3.964 8191851
-28.869 77.858 4.855 6737151
-25.852 81.059 3.443 3003583
-25.158 83.541 1.012 8191851
-28.421 78.103 3.567 3003583
-29.210 76.112 6.397 6737151
-40.570 55.506 2.065 16376911
-40.912 52.855 6.207 12616956
-42.322 50.623 3.055 16757844
-39.830 56.860 6.168 16739210
-22.069 85.062 3.541 3003583
-23.126 83.249 4.408 6737151
-24.466 83.944 6.394 6737151
-24.106 84.907 1.475 3003583
-61.901 26.677 2.490 16376911
-36.919 62.776 2.053 16376911
-28.334 76.549 6.588 6737151
-42.316 54.100 6.756 16739210
-42.834 52.035 3.162 16757844
-24.304 83.056 4.636 3718648
-44.544 51.595 5.493 16739210
-37.190 62.934 2.064 16376911
-23.823 81.908 2.908 3003583
-44.161 50.954 6.704 12616956
-24.872 81.255 3.539 8191851
-21.752 82.631 3.925 6737151
-29.297 74.504 2.368 3003583
-29.191 74.424 2.364 3003583
-23.093 82.161 3.025 3003583
-44.710 51.314 4.767 16739210
-7.476 98.472 -0.957 8191851
-20.968 85.165 3.355 8191851
-44.710 57.094 4.890 12616956
-51.052 49.688 3.625 16757844
-4.730 98.138 1.749 3003583
-45.403 52.964 4.816 16739210
-19.310 85.668 3.242 8191851
-13.166 87.911 5.038 3718648
-28.520 73.818 2.330 3003583
-14.840 87.442 3.981 3718648
-54.992 48.698 5.783 12616956
-10.862 86.557 4.112 6737151
-40.671 61.768 2.237 16757844
-12.300 88.190 1.925 3003583
-45.859 56.924 3.524 16757844
-26.869 74.645 2.819 3003583
-11.755 90.108 2.014 8191851
-14.469 86.759 3.498 3718648
-61.008 47.021 3.753 16757844
-58.249 49.203 6.040 12616956
-66.193 43.396 4.694 16757844
-42.770 61.623 3.544 16376911
-46.089 58.158 5.194 16739210
-12.968 84.800 4.413 3718648
-41.232 62.519 2.298 16757844
-11.752 83.869 3.589 6737151
-59.038 52.579 5.937 12616956
-11.173 82.873 4.733 3718648
-16.354 80.865 0.666 3003583
-11.993 83.487 5.219 6737151
-42.351 63.305 2.942 16376911
-10.995 83.579 4.311 3718648
-10.281 83.936 0.750 3003583
-49.553 56.775 5.608 16739210
-65.591 51.907 5.581 16757844
-11.678 82.409 4.275 3718648
-47.934 60.401 5.255 12616956
-10.442 81.437 3.458 6737151
-15.694 77.425 3.040 3003583
-51.397 58.835 4.545 16757844
-3.656 86.488 2.678 8191851
-44.274 62.855 6.390 16739210
-5.818 82.950 5.940 3718648
-51.903 59.294 6.890 16739210
-16.270 78.269 0.786 3003583
-45.304 62.971 5.383 16739210
-46.865 61.534 3.143 16757844
-20.323 74.908 3.100 3003583
-6.563 82.477 4.162 3718648
-57.524 55.128 4.362 16376911
-20.018 73.871 3.303 3003583
-19.295 74.038 3.590 6737151
-9.272 78.823 3.925 3718648
-51.813 62.260 5.023 16757844
-46.500 62.747 4.197 16757844
-46.359 62.905 5.669 16739210
-39.872 66.489 2.320 16376911
-41.916 65.561 5.860 16739210
-20.173 74.569 3.165 8191851
-10.082 76.063 2.029 3003583
-16.472 75.921 0.905 3003583
-46.588 64.116 6.079 16739210
-51.982 63.326 5.525 12616956
-48.376 63.598 7.131 16739210
-45.632 65.391 5.355 12616956
-20.023 74.753 3.566 3718648
-48.060 63.954 7.066 16739210
-46.665 63.083 5.353 16739210
-46.225 65.618 5.420 12616956
-42.525 65.741 2.539 16757844
-11.798 76.186 4.804 6737151
-59.252 61.709 3.383 16376911
-56.284 61.504 6.853 16739210
-27.065 70.881 2.254 3003583
-9.629 73.215 1.934 3003583
-45.777 66.304 6.596 16739210
-42.580 66.673 4.241 16757844
-14.647 72.361 1.124 8191851
-9.332 74.201 4.743 6737151
-15.461 71.968 1.257 8191851
-5.155 73.451 0.824 3003583
-42.762 67.736 6.007 16739210
-43.877 67.724 4.760 12616956
-17.304 70.158 2.079 8191851
-14.882 71.049 4.218 3718648
-47.689 66.713 6.547 12616956
-42.908 68.124 3.893 16376911
-24.623 69.830 2.164 8191851
-43.642 68.283 7.548 16739210
-49.667 69.194 4.313 16376911
-42.999 68.258 4.074 16757844
-15.351 69.641 1.190 8191851
-14.719 68.558 2.752 3003583
-14.010 68.427 3.136 6737151
-49.792 67.989 4.865 16376911
-46.200 69.759 5.519 12616956
-14.632 68.860 2.862 6737151
-13.563 69.735 2.014 3003583
-14.542 68.713 2.418 3003583
-13.521 70.315 2.598 8191851
-16.956 67.405 1.937 8191851
-43.764 69.609 3.680 16757844
-44.734 70.372 7.975 16739210
-17.791 66.534 2.011 8191851
-7.969 65.773 2.278 6737151
-43.773 70.592 5.099 12616956
-10.623 64.516 1.752 3003583
-11.021 64.364 2.840 6737151
-7.361 66.065 1.181 3003583
-43.252 69.840 5.145 16739210
-47.646 71.634 5.137 12616956
-19.192 66.660 1.723 8191851
-17.273 66.220 2.114 3003583
-44.364 71.873 5.133 12616956
-18.648 65.486 2.071 8191851
-46.419 71.919 5.066 12616956
-44.256 70.976 4.956 16376911
-19.266 65.395 2.149 8191851
-11.307 64.183 1.936 3003583
-8.287 65.661 1.416 8191851
-10.499 64.592 3.088 3718648
-10.453 61.794 1.608 3003583
-10.216 64.735 2.673 3718648
-29.354 68.055 2.166 8191851
-20.615 64.388 2.264 8191851
-45.429 73.289 3.150 16376911
-19.915 64.401 3.731 3718648
-20.944 65.339 2.182 3003583
-40.028 71.855 2.487 16376911
-10.968 62.901 2.116 8191851
-21.072 64.442 1.884 8191851
-21.388 64.275 3.177 6737151
-22.283 63.816 3.148 3003583
-45.807 74.806 4.812 16757844
-19.276 63.758 2.746 8191851
-21.609 63.246 3.373 6737151
-46.506 76.164 4.444 16376911
-21.476 63.454 4.577 3718648
-22.177 64.408 2.294 3003583
-21.680 63.978 3.840 3718648
-46.038 75.142 4.582 16757844
-46.020 75.980 5.200 12616956
-21.310 63.541 4.280 6737151
-22.856 62.869 2.435 8191851
-23.186 62.887 2.477 8191851
-42.595 74.153 2.708 16757844
-22.199 64.140 3.646 3718648
-22.694 62.300 2.810 3003583
-22.818 63.392 2.750 3003583
-23.231 62.778 2.611 3003583
-44.429 77.066 3.137 16376911
-45.023 78.023 4.017 16376911
-45.340 79.626 4.852 16757844
-48.323 79.862 4.324 16757844
-38.686 73.757 2.567 16376911
-48.478 80.543 4.775 16757844
-23.927 62.293 2.784 3003583
-14.010 52.984 1.556 3003583
-23.031 60.475 2.794 3003583
-28.167 65.368 2.086 3003583
-12.370 52.343 6.055 6737151
-24.925 62.558 1.984 3003583
-46.170 81.284 5.033 16757844
-45.587 81.350 2.886 16376911
-45.098 79.003 4.735 16376911
-38.098 74.294 2.586 16376911
-21.914 56.514 1.730 8191851
-14.687 52.867 2.470 3718648
-45.667 80.355 5.179 16376911
-22.860 58.930 1.861 3003583
-50.323 90.465 5.983 16757844
-15.858 45.924 2.396 6737151
-49.133 87.805 6.086 16376911
-43.211 82.582 2.907 16376911
-24.987 58.077 1.726 8191851
-48.890 87.159 5.062 16376911
-29.158 63.995 1.986 3003583
-36.932 75.167 2.591 16376911
-28.223 61.529 1.891 8191851
-22.818 51.629 1.529 3003583
-60.308 110.608 5.716 16757844
-24.844 52.656 1.582 8191851
-18.985 42.924 1.198 3003583
-48.649 94.996 3.133 16757844
-20.927 50.291 1.630 8191851
-36.228 75.579 2.577 16376911
-27.201 56.667 1.761 8191851
-22.625 48.929 1.504 3003583
-51.321 120.765 8.750 12616956
-17.528 38.174 1.137 8191851
-50.500 109.032 4.343 16757844
-21.443 40.131 1.320 8191851
-38.766 88.518 5.764 12616956
-50.762 114.724 6.586 16376911
-19.954 36.743 1.184 8191851
-42.972 96.896 3.013 16757844
-45.429 122.114 8.521 12616956
-48.744 120.105 9.181 16739210
-39.678 91.080 4.672 16757844
-39.531 91.139 5.196 16376911
-42.621 97.487 8.186 12616956
-35.897 79.335 2.660 16757844
-26.686 37.324 1.210 3003583
-28.981 40.476 1.420 3003583
-30.474 48.842 1.508 8191851
-30.606 48.781 1.508 8191851
-31.657 60.004 1.931 8191851
-30.391 41.300 1.564 3003583
-35.217 79.564 2.627 16757844
-34.497 84.346 5.242 12616956
-37.261 91.312 4.063 16757844
-34.419 79.774 5.610 16739210
-31.570 41.339 1.623 3003583
-30.813 52.455 1.725 3003583
-34.547 79.795 5.038 16739210
-34.340 79.182 2.674 16757844
-32.434 35.649 1.349 3003583
-34.334 85.170 3.362 16757844
-32.695 81.025 4.919 12616956
-33.821 84.101 3.994 16757844
-32.541 45.140 1.719 3003583
-33.851 44.331 2.725 6737151
-34.837 50.847 1.953 8191851
-34.049 83.648 5.086 16739210
-33.469 44.426 2.274 8191851
-33.860 59.514 1.925 8191851
-32.761 81.711 4.542 16376911
-36.153 50.003 1.889 8191851
-31.991 79.875 4.623 12616956
-33.761 65.371 2.155 8191851
-32.129 80.617 3.495 16757844
-35.121 52.407 1.906 3003583
-34.728 57.081 1.940 3003583
-37.115 38.662 1.970 8191851
-31.495 77.719 6.661 16739210
-35.942 52.603 1.956 3003583
-37.310 44.680 2.443 8191851
-31.854 76.037 2.467 16376911
-30.792 77.614 4.402 16757844
-31.289 78.784 4.148 16757844
-35.873 57.364 2.009 3003583
-30.968 77.684 4.660 12616956
-30.889 79.557 5.641 12616956
-31.058 77.448 4.934 16739210
-31.150 78.120 4.596 16739210
-30.369 77.849 6.010 12616956
-30.900 75.239 7.077 12616956
-29.485 77.653 4.825 16739210
-25.896 85.601 3.990 16757844
-26.057 85.994 4.109 16376911
-28.874 78.268 4.532 16739210
-40.267 52.848 2.016 8191851
-46.631 32.544 1.562 8191851
-36.868 65.601 2.182 3003583
-38.682 63.178 2.182 8191851
-42.221 55.952 3.183 3003583
-42.780 57.262 2.597 8191851
-42.570 56.859 2.754 3003583
-42.026 56.486 2.242 3003583
-44.649 51.991 4.651 3718648
-40.440 60.992 2.218 3003583
-42.537 55.123 3.345 8191851
-31.122 78.237 4.434 12616956
-25.206 87.949 5.184 12616956
-25.381 85.700 4.545 16757844
-29.361 80.624 4.953 16739210
-31.237 78.066 4.808 16739210
-31.406 78.224 4.905 12616956
-24.970 86.522 5.067 12616956
-45.491 56.928 4.230 6737151
-28.536 80.120 4.840 12616956
-41.630 62.386 6.599 3718648
-40.676 64.252 2.306 8191851
-25.121 85.515 3.306 16376911
-24.978 85.451 4.610 12616956
-30.767 77.405 4.663 16739210
-30.808 77.490 2.561 16376911
-45.998 56.925 3.464 8191851
-24.935 87.048 4.903 16739210
-47.872 54.976 4.904 3718648
-29.033 78.337 4.502 12616956
-39.256 66.695 2.284 3003583
-42.539 62.637 3.029 3003583
-53.747 48.946 6.244 6737151
-28.774 79.545 4.685 16739210
-28.901 78.673 4.376 12616956
-29.399 78.305 5.742 12616956
-60.135 43.571 5.499 3718648
-28.220 80.346 4.795 16739210
-59.264 45.354 3.762 8191851
-31.091 76.103 6.514 12616956
-11.698 95.162 3.171 16757844
-26.440 81.237 3.665 16757844
-28.591 79.398 4.511 16739210
-29.321 77.245 6.118 16739210
-49.232 57.867 2.328 3003583
-28.415 78.199 3.943 16757844
-21.015 83.849 3.458 16376911
-25.780 81.355 3.904 16757844
-25.797 81.279 3.107 16757844
-29.136 77.498 2.170 16376911
-21.675 82.756 3.870 16757844
-51.203 58.339 5.577 3718648
-44.505 63.544 2.445 3003583
-50.474 59.438 5.529 3718648
-46.601 62.875 4.164 6737151
-28.966 76.889 6.093 16739210
-28.099 77.613 5.377 16739210
-23.385 81.767 4.438 16376911
-21.346 83.351 3.672 16757844
-42.487 67.023 2.626 8191851
-13.204 86.047 4.687 12616956
-28.741 76.436 6.037 16739210
-21.371 82.513 3.652 16757844
-46.384 64.625 5.836 3718648
-45.704 64.693 3.680 3003583
-29.740 75.719 2.557 16376911
-7.582 87.099 3.945 16757844
-45.347 66.422 4.608 6737151
-42.518 67.019 3.936 8191851
-11.047 85.482 4.152 12616956
-43.113 68.224 3.412 8191851
-38.654 70.630 2.402 8191851
-27.552 76.007 5.224 16739210
-12.025 84.703 4.292 16376911
-43.311 68.690 3.442 8191851
-43.488 69.305 4.358 3003583
-3.831 85.758 3.169 16757844
-5.400 84.809 5.424 16739210
-9.778 84.322 4.855 16739210
-10.730 83.357 4.193 16376911
-8.439 80.585 4.324 12616956
-9.633 82.353 3.492 16376911
-7.467 81.512 4.524 12616956
-43.064 68.993 4.712 3718648
-41.580 70.206 2.567 3003583
-8.705 81.910 3.432 16376911
0.594 86.119 3.395 16376911
-42.900 69.885 7.062 6737151
-28.711 74.275 6.801 12616956
-44.001 70.743 4.882 6737151
-8.086 77.767 3.557 16757844
-9.597 79.526 6.520 12616956
-46.589 69.519 5.584 6737151
-9.962 78.710 6.435 12616956
-15.214 76.559 0.959 16376911
-44.327 70.883 3.533 8191851
-8.558 76.121 4.729 12616956
-10.356 75.786 3.554 16757844
-6.676 77.467 4.982 16739210
-19.758 74.340 3.812 16757844
-12.628 75.857 5.630 16739210
-10.975 74.895 4.091 12616956
-44.393 71.318 4.754 6737151
-19.200 74.265 4.242 12616956
-44.748 71.750 4.011 3003583
-44.594 71.380 3.738 3003583
-28.598 73.160 2.325 16376911
-11.991 74.284 1.827 16376911
-42.108 71.920 2.618 3003583
-12.236 76.047 4.549 16739210
-10.500 76.240 4.002 16739210
-12.671 73.531 6.556 16739210
-46.892 71.646 4.662 8191851
-45.060 72.423 4.030 3003583
-45.151 72.659 3.556 8191851
-9.634 74.046 0.971 16757844
-10.736 73.682 2.649 16757844
-19.301 73.941 3.692 16376911
-10.940 72.303 1.640 16376911
-45.343 73.517 4.813 6737151
-7.508 74.512 4.514 16739210
-44.868 72.573 4.881 3718648
-45.393 73.756 4.825 6737151
-45.229 72.871 4.166 3003583
-13.930 70.229 2.978 16757844
-10.979 72.059 4.256 16739210
-17.785 71.149 1.240 16376911
-45.125 74.016 2.835 8191851
-13.732 70.241 1.859 16376911
-42.223 73.442 2.652 3003583
-45.348 73.945 4.955 3718648
-28.791 71.719 2.311 16376911
-14.317 69.090 1.870 16376911
-46.011 75.482 4.908 6737151
-15.215 69.933 4.751 16739210
-26.144 71.495 2.195 16757844
-15.588 67.793 4.349 12616956
-26.498 70.881 4.344 16739210
-45.653 74.145 4.523 8191851
-46.298 75.553 3.533 8191851
-7.450 66.002 1.957 16757844
-45.783 74.481 4.535 8191851
-2.918 67.643 2.067 16376911
-20.181 68.886 1.519 16376911
-46.227 75.527 4.499 8191851
-28.968 70.994 2.290 16376911
-9.703 64.968 2.687 16757844
-46.807 76.689 4.081 3003583
-46.530 76.156 3.173 3003583
-46.565 76.200 3.760 3003583
-46.091 76.297 5.362 3718648
-8.440 64.630 4.841 16739210
-10.207 65.076 4.056 16739210
-26.999 70.197 2.285 16757844
-11.370 63.453 4.461 16739210
-38.741 74.453 2.585 8191851
-47.500 78.209 3.442 8191851
-10.754 61.378 1.833 16376911
-22.819 67.744 1.872 16376911
-17.766 65.339 2.034 16376911
-46.386 76.809 5.187 3718648
-45.389 78.420 4.410 3003583
-19.352 64.969 3.577 12616956
-20.510 64.573 3.127 16757844
-48.312 80.036 4.515 3003583
-19.398 63.723 3.443 16757844
-19.105 65.340 2.476 16757844
-47.348 79.033 5.244 3718648
-44.473 78.751 2.792 8191851
-29.509 69.619 2.239 16376911
-47.352 79.104 5.330 3718648
-45.431 79.756 5.098 6737151
-19.985 64.066 4.562 16739210
-45.947 80.542 4.827 6737151
-46.197 80.268 6.042 6737151
-22.825 63.115 2.840 16376911
-5.817 55.441 4.087 16739210
-45.785 80.626 5.544 3718648
-19.665 63.407 2.928 16376911
-29.808 68.956 2.188 16376911
-22.299 62.845 4.353 16739210
-21.362 63.996 4.169 16739210
-22.506 63.800 2.055 16757844
-43.146 80.182 2.826 8191851
-22.172 62.868 1.933 16757844
-46.300 82.326 2.974 3003583
-50.817 86.388 5.198 8191851
-21.016 62.440 4.758 12616956
-49.772 89.150 6.002 6737151
-22.995 60.372 2.693 16376911
-10.780 53.236 5.168 12616956
-22.361 62.620 4.169 16739210
-28.467 67.063 2.169 16757844
-51.747 92.899 4.439 3003583
-37.623 75.959 2.634 8191851
-12.402 46.029 2.720 16757844
-50.874 91.061 3.871 3003583
-19.726 54.248 2.098 16376911
-49.028 86.557 5.258 3718648
-39.671 78.154 2.778 3003583
-48.631 86.596 4.785 8191851
-28.697 66.135 2.051 16757844
-44.475 84.111 2.959 3003583
-49.675 88.818 4.825 8191851
-39.325 78.374 2.788 3003583
-51.964 92.683 5.521 3718648
-54.285 99.123 5.572 8191851
-68.849 125.500 7.687 6737151
-38.878 78.745 2.776 3003583
-49.005 93.987 3.128 3003583
-54.576 106.945 3.416 3003583
-42.210 84.880 2.989 3003583
-36.729 76.636 2.616 8191851
-50.937 109.304 4.214 3003583
-25.892 57.244 1.751 16757844
-36.506 76.753 2.609 8191851
-42.152 90.425 2.969 8191851
-50.621 114.797 6.468 6737151
-46.217 105.086 5.148 6737151
-32.516 66.712 2.152 16376911
-38.755 88.544 5.347 6737151
-42.894 95.630 3.021 3003583
-43.830 99.340 5.814 3718648
-44.113 100.902 5.195 8191851
-39.110 88.809 3.078 8191851
-42.100 96.135 4.466 8191851
-37.326 85.737 4.520 3003583
-37.998 86.644 4.634 6737151
-40.700 92.604 6.012 6737151
-38.846 89.565 3.993 3003583
-36.922 84.430 3.412 8191851
-36.935 89.980 4.916 6737151
-35.474 77.094 2.577 8191851
-38.845 88.967 4.497 8191851
-35.980 88.677 3.537 8191851
-36.661 84.008 3.124 3003583
-35.170 86.889 4.094 3003583
-34.627 85.467 4.686 6737151
-35.406 80.143 2.641 3003583
-31.946 41.400 1.637 16757844
-35.598 86.587 5.246 3718648
-37.545 125.556 9.552 6737151
-34.664 77.187 2.538 8191851
-34.774 123.274 9.187 6737151
-33.496 83.152 4.569 6737151
-34.428 79.812 6.502 6737151
-36.923 38.337 2.259 16757844
-34.460 79.808 4.454 8191851
-34.775 85.972 4.325 8191851
-35.473 66.075 2.185 16376911
-34.557 79.875 4.174 8191851
-36.492 52.805 1.936 16757844
-35.845 62.748 2.057 16757844
-37.010 52.677 1.943 16757844
-33.283 82.888 4.434 8191851
-32.878 81.951 2.771 8191851
-37.862 52.695 1.979 16757844
-37.974 58.509 2.059 16376911
-33.271 82.541 4.714 3718648
-32.273 80.840 4.252 3003583
-32.914 81.252 5.090 6737151
-38.302 58.054 6.253 16739210
-40.761 50.281 2.343 16376911
-32.102 80.392 4.425 6737151
-32.593 81.560 4.170 8191851
-32.617 81.107 4.768 3718648
-37.084 66.139 2.186 16376911
-42.491 51.008 2.469 16376911
-46.324 35.652 1.848 16757844
-40.960 56.922 6.644 16739210
-39.385 59.354 6.848 12616956
-42.192 53.275 2.175 16757844
-39.595 60.702 6.673 12616956
-31.716 79.508 4.466 3718648
-31.886 79.086 2.563 3003583
-39.313 63.518 2.219 16757844
-31.737 79.530 4.509 3718648
-31.320 78.879 3.051 8191851
-44.167 56.606 4.562 12616956
-43.174 57.069 3.355 16757844
-31.219 78.597 4.212 6737151
-38.857 65.163 5.298 12616956
-47.816 53.541 5.696 12616956
-25.293 87.317 5.130 3718648
-38.868 66.680 2.215 16376911
-38.699 65.116 4.987 12616956
-40.224 63.849 2.251 16757844
-43.624 59.249 6.738 16739210
-25.650 84.563 4.172 6737151
-45.772 56.777 5.583 16739210
-26.685 85.160 6.218 6737151
-39.162 66.858 2.231 16376911
-25.260 85.866 4.279 6737151
-25.819 86.394 3.668 8191851
-25.103 85.642 3.053 3003583
-52.725 51.262 3.534 16376911
-25.834 83.122 4.143 6737151
-45.926 56.944 4.338 16376911
-41.652 63.040 5.227 16739210
-29.123 79.599 5.047 3718648
-47.703 58.491 5.166 12616956
-53.895 50.548 7.572 16739210
-30.667 77.505 3.115 8191851
-42.230 64.753 6.066 16739210
-51.082 54.094 2.336 16757844
-66.482 39.732 4.618 16757844
-25.742 82.113 3.208 3003583
-57.670 49.521 2.627 16376911
-25.987 81.567 3.246 3003583
-51.142 56.768 3.137 16376911
-25.624 82.492 4.267 3718648
-28.498 79.420 4.508 3718648
-43.302 64.887 2.943 16376911
-21.421 85.546 0.486 8191851
-22.885 84.596 3.818 8191851
-28.916 78.818 1.977 3003583
-57.334 54.616 6.587 12616956
-51.456 56.593 5.721 16739210
-28.874 78.165 6.365 6737151
-28.403 78.136 4.199 6737151
-46.096 63.428 6.083 16739210
-54.754 52.931 4.190 16376911
-30.328 76.879 4.022 8191851
-23.029 84.275 3.536 8191851
-27.820 78.943 4.247 3718648
-28.647 77.447 4.850 3718648
-44.126 65.055 6.909 12616956
-14.247 88.684 -0.119 3003583
-28.447 78.169 4.487 6737151
-28.825 77.449 2.153 3003583
-46.589 64.000 7.516 12616956
-60.496 55.981 4.207 16757844
-11.508 87.266 0.236 8191851
-45.133 66.312 2.289 16757844
-45.235 66.362 3.530 16757844
-42.214 67.811 4.977 16739210
-29.941 75.990 2.645 3003583
-49.729 64.736 6.563 16739210
-11.818 84.286 4.673 3718648
-44.285 68.214 5.314 16739210
0.922 89.245 2.024 6737151
-11.124 84.986 4.239 3718648
-11.792 85.661 4.446 6737151
-43.056 68.295 5.063 16739210
4.625 89.640 1.747 6737151
-31.145 74.561 2.386 8191851
-9.650 81.498 0.929 8191851
-44.405 68.574 5.456 16739210
0.783 88.523 2.244 8191851
-44.925 68.617 4.419 16757844
-31.104 74.449 2.380 8191851
-45.840 69.054 3.990 16376911
8.267 85.538 1.088 3003583
-11.843 82.171 0.879 3003583
-29.603 75.350 3.972 8191851
-43.898 70.404 4.795 16757844
6.072 85.768 1.529 6737151
-48.179 69.565 5.057 16757844
7.193 85.405 -0.883 3003583
-43.110 70.518 5.959 16739210
-47.158 68.719 5.807 16739210
-46.215 69.846 3.270 16376911
-8.300 78.560 3.557 6737151
-26.488 75.487 6.349 6737151
-44.134 70.567 4.647 16757844
2.258 80.325 0.560 3003583
8.550 85.627 -0.524 3003583
-31.000 74.011 2.367 8191851
-12.894 79.213 1.032 3003583
-46.979 70.141 5.656 16739210
-47.385 69.479 6.451 12616956
3.394 80.702 1.590 6737151
-4.512 78.964 2.884 6737151
-12.065 77.335 4.331 3718648
-44.309 70.570 6.646 12616956
-1.339 77.479 0.872 3003583
-17.446 77.089 0.858 3003583
-44.174 71.778 5.305 12616956
-49.673 68.864 6.315 12616956
-9.730 74.713 1.701 3003583
-9.015 76.818 6.404 6737151
-1.214 77.553 0.461 3003583
-45.061 72.295 3.498 16376911
-47.418 71.499 4.922 16376911
-9.679 73.732 2.987 6737151
-11.089 72.452 2.325 3003583
-6.130 73.599 0.590 3003583
-8.896 74.418 1.904 8191851
-44.667 72.026 4.844 16376911
-8.978 73.962 1.896 8191851
-19.335 73.590 1.184 3003583
-47.659 71.957 5.633 16739210
-13.259 73.373 2.292 8191851
-11.661 70.716 2.850 6737151
-10.534 72.758 6.110 6737151
-17.016 72.027 1.151 8191851
-14.753 72.650 1.171 3003583
-17.437 71.510 1.201 8191851
-13.037 70.947 2.046 3003583
-30.977 72.655 2.322 8191851
-22.119 71.828 1.685 3003583
-45.910 74.750 4.240 16376911
-15.619 69.773 4.875 3718648
-13.468 69.202 2.522 6737151
-13.655 69.912 3.193 3718648
-14.586 68.681 2.588 6737151
-45.611 74.311 4.735 16376911
-13.371 70.350 2.816 3718648
-15.164 68.476 3.569 3718648
-9.127 65.254 1.214 3003583
-9.495 65.082 1.244 3003583
-46.617 76.239 4.276 16376911
-24.923 70.889 2.202 3003583
-45.895 75.018 4.772 16376911
-46.600 76.437 4.708 16757844
-46.158 76.360 5.243 12616956
-26.410 70.998 4.082 3718648
-8.688 64.248 4.982 3718648
-46.116 76.366 5.309 16376911
-9.069 65.262 1.525 8191851
-29.104 71.307 2.311 3003583
-42.032 75.911 2.699 16376911
-10.324 64.688 3.435 3718648
-17.256 66.701 1.937 3003583
-11.130 64.299 2.265 8191851
-11.348 64.222 3.451 3718648
-10.829 64.488 3.592 6737151
-17.404 65.695 2.338 8191851
-27.736 69.481 2.265 8191851
-20.313 64.573 2.342 3003583
-10.885 61.653 4.294 6737151
-26.136 68.949 2.266 3003583
-10.509 60.845 4.285 6737151
-19.099 64.103 2.722 6737151
-19.068 63.911 2.280 3003583
-26.392 68.555 2.270 3003583
-10.615 61.239 3.504 6737151
-18.914 64.042 4.311 6737151
-7.695 54.690 5.006 3718648
-19.509 64.629 2.160 8191851
-45.836 80.661 5.424 12616956
-5.895 56.456 0.930 8191851
-22.172 63.913 4.043 3718648
-26.783 67.772 2.247 3003583
-19.480 63.812 3.787 6737151
-29.829 69.720 2.261 3003583
-26.909 67.486 2.233 3003583
-51.792 88.308 5.042 16376911
-46.348 81.670 5.931 16739210
-45.887 80.682 4.960 16376911
-22.610 63.624 3.050 8191851
-40.545 78.113 2.762 16376911
-51.810 88.430 5.179 16757844
-46.884 83.085 6.080 16739210
-48.419 85.638 5.433 16757844
-49.128 87.752 4.954 16376911
-47.666 84.023 3.966 16757844
-47.496 84.106 5.036 16757844
-40.194 78.421 2.771 16376911
-24.199 61.208 1.892 8191851
-48.460 86.774 3.128 16376911
-24.515 60.710 1.872 8191851
-24.621 60.575 1.869 8191851
-14.939 52.884 1.960 8191851
-49.033 89.000 2.997 16376911
-15.983 51.251 2.449 6737151
-39.697 78.710 2.794 16376911
-27.930 65.640 2.138 3003583
-23.991 62.220 2.432 8191851
-19.677 54.264 2.776 6737151
-49.250 88.059 5.808 16376911
-51.399 92.186 3.781 16757844
-39.302 79.022 2.792 16376911
-20.581 53.569 1.655 3003583
-22.761 57.980 1.839 3003583
-46.827 89.708 3.017 16376911
-26.278 61.845 1.980 3003583
-63.774 110.863 7.442 16376911
-28.480 64.180 1.984 3003583
-58.903 115.293 7.937 16757844
-54.734 99.861 5.903 16376911
-25.585 56.628 1.737 3003583
-15.548 41.879 1.387 8191851
-54.856 109.041 4.259 16376911
-44.151 90.221 3.023 16376911
-29.398 63.590 2.005 3003583
-24.616 54.769 1.696 3003583
-25.609 50.537 1.641 3003583
-43.170 90.642 3.001 16376911
-31.996 67.392 2.159 3003583
-31.379 64.945 2.073 8191851
-53.030 123.176 8.019 16757844
-39.656 83.326 2.886 16757844
-32.314 67.253 2.171 3003583
-25.384 47.460 1.503 3003583
-31.864 64.708 2.079 8191851
-49.312 108.873 3.225 16757844
-38.844 83.669 2.861 16757844
-40.956 93.348 4.857 16757844
-40.867 93.527 4.856 16757844
-28.411 52.150 1.724 3003583
-38.849 89.087 7.635 16739210
-37.522 86.566 5.151 16757844
-41.303 94.625 3.596 16757844
-40.653 93.045 4.480 16757844
-38.018 87.467 5.994 16739210
-37.685 86.151 4.906 16757844
-31.439 57.798 1.918 3003583
-37.381 86.738 5.232 12616956
-30.600 43.652 1.498 3003583
-37.158 84.151 2.798 16757844
-37.570 87.261 5.692 16739210
-36.314 89.224 4.488 16376911
-37.184 86.608 7.629 12616956
-36.804 90.093 4.618 16757844
-36.581 89.175 4.966 16757844
-37.092 125.445 9.725 12616956
-33.893 58.544 1.895 8191851
-29.659 40.498 1.551 8191851
-37.091 86.196 4.725 16376911
-35.662 87.383 4.851 16757844
-30.606 40.591 1.612 8191851
-37.429 91.133 4.873 16376911
-36.103 87.566 5.297 16376911
-35.738 87.836 4.618 16757844
-34.553 79.901 4.779 12616956
-36.414 53.748 1.901 8191851
-34.648 51.197 2.005 3003583
-35.025 86.360 4.552 16757844
-35.614 63.513 2.077 8191851
-38.044 46.782 2.005 3003583
-34.830 83.624 2.801 16757844
-34.468 79.789 3.712 16376911
-34.372 79.804 4.347 16757844
-35.402 48.339 1.882 8191851
-35.680 66.459 2.214 3003583
-34.436 84.472 5.068 16739210
-33.514 82.592 4.997 12616956
-39.100 48.959 2.981 6737151
-36.846 63.344 2.067 8191851
-39.904 53.662 2.013 8191851
-33.557 82.934 4.857 16376911
-33.679 80.123 2.645 16376911
-33.068 82.507 3.391 16376911
-33.304 82.998 4.166 16757844
-33.310 81.751 5.218 16739210
-33.440 82.921 4.681 16376911
-32.683 81.830 3.416 16376911
-32.803 81.964 4.139 16757844
-45.630 34.624 1.623 8191851
-32.776 80.785 5.175 12616956
-32.018 80.318 4.223 16757844
-47.532 37.814 3.295 6737151
-41.821 62.408 2.947 8191851
-41.110 62.839 3.155 3003583
-42.520 56.756 2.743 3003583
-49.238 38.302 2.929 8191851
-41.780 61.981 4.685 3718648
-56.180 29.911 2.737 8191851
-41.958 65.303 2.875 8191851
-41.293 67.602 2.489 8191851
-42.437 64.167 5.232 6737151
-44.947 59.883 2.406 3003583
-42.334 65.382 2.527 3003583
-48.057 54.608 5.819 6737151
-43.016 63.047 3.472 8191851
-45.154 62.809 7.474 3718648
-42.790 65.791 3.646 3003583
-34.447 79.825 4.617 16739210
-43.030 68.160 3.742 3003583
-43.326 68.773 3.679 8191851
-49.546 60.963 2.490 3003583
-43.349 69.156 2.647 8191851
-32.536 80.790 4.896 16739210
-39.495 73.256 2.550 8191851
-26.176 86.199 5.821 16739210
-25.223 86.042 4.503 16757844
-24.196 89.068 2.865 16757844
-42.690 70.107 5.756 6737151
-25.382 86.204 4.602 12616956
-25.754 85.662 6.049 12616956
-24.374 84.851 4.759 12616956
-31.952 79.945 6.982 12616956
-44.008 70.144 3.187 3003583
-44.223 70.610 3.508 8191851
-31.719 79.777 2.795 16376911
-25.050 85.701 4.395 16376911
-46.686 68.266 3.947 8191851
-25.914 84.117 3.147 16757844
-44.177 70.895 4.759 3718648
-25.684 84.055 4.273 16376911
-27.994 81.153 4.824 12616956
-31.686 79.751 3.286 16757844
-24.366 84.567 4.911 16739210
-44.293 71.182 4.774 3718648
-23.033 82.942 4.285 16757844
-44.478 71.165 4.163 8191851
-46.903 69.703 4.633 3718648
-24.770 83.748 4.621 16739210
-26.558 81.567 6.358 12616956
-47.257 70.717 8.236 6737151
-23.410 81.583 4.240 16757844
-49.830 70.582 4.941 6737151
-21.462 84.006 3.694 16757844
-23.749 81.983 4.349 12616956
-22.354 82.536 3.978 16757844
-28.261 79.388 4.710 12616956
-20.233 83.021 3.484 16757844
-28.595 79.086 4.689 12616956
-27.515 79.926 4.362 12616956
-45.372 73.119 3.675 8191851
-44.662 72.383 5.104 6737151
-45.059 72.396 4.240 8191851
-40.673 75.029 2.642 8191851
-31.487 78.682 4.792 12616956
-18.595 84.575 4.548 16739210
-29.424 79.094 5.683 12616956
-27.383 79.832 4.409 16376911
-45.057 73.815 5.276 3718648
-47.330 72.070 5.023 3718648
-30.911 78.069 3.907 16376911
-19.779 82.362 0.607 16757844
-45.704 73.996 4.154 3003583
-30.972 78.247 3.784 16757844
-27.625 79.595 4.458 16739210
-45.288 74.061 5.139 3718648
-30.989 78.153 4.181 16376911
-43.604 74.824 2.807 3003583
-27.841 79.026 4.228 16376911
-30.778 77.819 3.753 16757844
-29.200 77.686 6.160 16739210
-7.776 80.452 3.861 12616956
-28.319 77.874 5.732 12616956
-46.578 76.174 3.764 8191851
-46.251 75.822 4.801 8191851
-6.243 76.984 4.393 12616956
-30.190 76.506 3.383 16376911
-12.467 76.051 4.378 12616956
-47.027 77.192 2.997 8191851
-46.993 77.230 4.558 3003583
-43.787 76.737 2.889 3003583
-8.880 77.421 2.814 16376911
-11.791 77.173 4.130 16739210
-47.457 78.129 4.518 3003583
-12.208 74.201 4.881 16739210
-30.887 76.135 6.686 12616956
-47.012 77.312 4.622 8191851
-46.825 76.934 4.671 8191851
-27.368 75.274 5.376 16739210
-44.032 77.501 2.845 3003583
-12.052 72.230 3.683 12616956
-45.372 78.315 4.326 3003583
-44.786 78.381 3.956 8191851
-40.806 77.557 2.752 8191851
-10.563 70.672 4.831 16739210
-47.526 78.235 4.454 8191851
-18.757 72.004 1.170 16376911
-14.684 70.402 3.698 12616956
-13.264 68.374 2.888 16757844
-2.232 68.001 1.033 16757844
-11.217 69.950 2.530 16757844
-48.401 80.014 3.346 3003583
-45.365 79.643 4.621 3003583
-14.387 70.224 1.267 16757844
-27.947 73.896 2.310 16757844
-18.073 69.572 2.160 16376911
-49.699 82.828 4.070 8191851
-9.703 64.374 4.596 12616956
-13.681 68.667 4.323 16739210
-43.810 79.473 2.833 3003583
-15.623 68.568 1.322 16757844
-14.168 68.757 3.914 16739210
-9.016 65.270 3.578 16376911
-11.061 62.964 2.566 16757844
-26.299 71.017 4.235 12616956
-25.523 71.051 2.215 16376911
-10.751 63.119 4.748 16739210
-10.999 61.484 3.883 12616956
-46.190 82.036 3.016 8191851
-49.452 82.384 4.497 8191851
-47.747 83.991 4.121 8191851
-26.482 70.914 3.503 16757844
-46.487 81.980 4.720 8191851
-47.475 84.046 4.906 3003583
-46.521 82.784 2.926 8191851
-46.522 82.167 5.532 3718648
-50.994 85.705 4.199 3003583
-51.996 88.010 4.605 3003583
-26.510 70.887 3.303 16757844
-18.950 63.787 2.517 16376911
-102.528 118.246 9.249 3718648
-26.622 69.804 2.261 16376911
-40.033 79.185 2.806 8191851
-26.931 70.556 6.009 12616956
-49.060 87.484 5.373 6737151
-48.289 85.932 5.742 3718648
-51.222 87.211 5.240 8191851
-48.308 85.212 3.875 3003583
-22.177 64.042 3.208 16757844
-49.127 87.686 3.438 8191851
-49.161 88.051 5.493 6737151
-22.024 63.649 4.651 16739210
-22.281 63.759 2.194 16376911
-20.087 64.221 3.462 16376911
-51.530 93.158 6.145 6737151
-31.663 71.927 2.239 16376911
-39.540 79.794 2.801 8191851
-21.361 63.988 4.421 16739210
-41.927 82.014 2.895 3003583
-53.688 97.565 3.610 8191851
-21.792 63.719 4.425 16739210
-47.713 88.073 3.031 3003583
-52.507 95.102 5.854 6737151
-44.110 85.283 4.004 3003583
-55.022 100.732 6.135 6737151
-55.931 102.480 4.718 3003583
-48.783 94.131 3.062 8191851
-42.614 85.943 2.977 8191851
-47.705 94.372 3.069 8191851
-53.545 104.752 3.692 3003583
-44.431 89.372 3.075 3003583
-58.181 122.891 2.458 8191851
-50.941 108.896 3.093 8191851
-40.106 83.205 2.900 3003583
-27.186 59.912 1.849 16757844
-58.732 115.256 8.291 6737151
-40.956 86.741 2.947 8191851
-42.264 96.188 4.341 3003583
-46.069 100.843 3.076 3003583
-44.653 101.569 3.689 3003583
-41.698 90.594 3.004 3003583
-41.891 94.693 3.069 8191851
-41.285 94.615 3.909 3003583
-41.173 99.413 4.771 3003583
-38.811 88.595 4.957 6737151
-38.750 87.234 2.900 8191851
-42.418 96.265 5.656 3718648
-39.532 89.645 3.106 3003583
-38.982 89.460 3.118 3003583
-37.782 86.449 4.688 6737151
-38.611 88.680 4.808 8191851
-48.506 136.751 7.565 3718648
-33.179 55.423 1.796 16757844
-37.807 86.997 5.602 6737151
-36.634 90.018 4.263 3003583
-37.188 90.417 5.000 6737151
-37.187 85.134 3.588 3003583
-35.563 49.102 1.847 16376911
-36.968 84.091 2.798 3003583
-35.794 87.755 4.792 6737151
-36.421 81.107 2.701 8191851
-37.207 48.543 1.877 16376911
-37.080 90.451 4.834 3718648
-35.759 87.153 2.812 8191851
-36.912 55.368 1.995 16757844
-35.543 86.959 5.061 3718648
-37.597 45.258 2.144 16757844
-36.023 81.082 2.682 8191851
-37.474 38.362 2.740 16376911
-35.390 87.193 4.635 8191851
-45.013 32.621 2.048 16376911
-38.961 55.273 2.073 16757844
-39.512 55.069 2.072 16757844
-42.632 51.590 3.144 16376911
-34.338 84.685 4.841 6737151
-35.364 83.553 2.831 3003583
-40.356 53.190 5.095 16739210
-41.697 53.574 6.478 16739210
-34.377 85.184 3.655 8191851
-34.319 84.981 4.505 6737151
-43.293 50.975 5.777 16739210
-39.110 66.356 2.270 16757844
-43.951 51.844 3.367 16757844
-42.101 55.712 2.232 16757844
-42.162 56.147 3.162 16757844
-34.361 85.151 4.205 8191851
-42.501 57.069 6.703 12616956
-33.913 84.414 3.842 3003583
-33.767 82.970 5.212 3718648
-33.789 84.014 3.489 3003583
-48.518 38.410 3.269 16376911
-33.484 83.486 3.722 8191851
-33.902 84.093 4.565 3718648
-33.507 83.048 4.768 3718648
-44.862 53.132 4.942 16739210
-33.344 83.156 4.060 3003583
-46.667 58.016 5.193 12616956
-45.424 59.205 4.761 12616956
-33.575 82.786 5.032 6737151
-42.293 66.263 2.914 16376911
-45.347 56.282 5.501 16739210
-33.100 82.722 3.243 8191851
-51.846 49.746 5.745 12616956
-33.194 82.816 3.551 3003583
-46.132 56.821 5.549 16739210
-46.140 62.918 2.390 16376911
-46.172 64.818 5.521 12616956
-42.868 67.672 3.560 16757844
-47.647 64.292 5.664 12616956
-45.085 67.961 4.516 16757844
-45.315 66.933 5.991 16739210
-43.458 69.923 4.974 12616956
-24.018 88.713 2.750 8191851
-32.618 80.807 4.983 3718648
-51.800 62.323 4.113 16376911
-32.521 81.380 2.833 3003583
-32.107 80.577 4.154 3003583
-33.628 79.629 2.636 8191851
-45.427 66.550 5.829 12616956
-52.466 62.464 5.266 12616956
-25.469 86.188 4.607 3718648
-32.591 80.446 5.171 6737151
-33.516 79.491 2.630 8191851
-23.506 87.591 2.919 3003583
-44.130 70.467 4.050 16376911
-23.445 89.514 3.193 8191851
-44.349 71.138 4.830 16757844
-25.176 86.380 3.651 8191851
-52.428 63.167 7.467 12616956
-24.526 84.785 3.417 3003583
-48.132 67.253 5.155 16376911
-25.581 85.558 0.388 3003583
-47.387 69.840 4.692 16757844
-51.959 65.884 7.817 16739210
-27.659 82.383 6.238 3718648
-25.241 84.637 3.969 8191851
-26.626 83.675 3.022 3003583
-24.086 85.275 3.550 8191851
-33.166 78.993 2.599 8191851
-42.912 73.280 2.719 16376911
-26.185 83.022 2.975 3003583
-25.714 82.531 3.239 3003583
-48.231 69.892 5.208 16376911
-25.846 82.683 4.537 3718648
-32.974 78.580 2.584 8191851
-31.290 78.842 3.865 8191851
-25.695 82.603 4.314 3718648
-46.310 72.826 4.816 16757844
-31.432 79.094 3.533 3003583
-23.373 83.117 4.570 6737151
-12.625 85.390 0.433 8191851
-31.270 78.677 4.354 6737151
-29.510 79.138 5.661 3718648
-25.615 81.075 2.917 3003583
-45.400 73.413 4.626 16757844
-7.056 82.234 2.258 3003583
-14.059 81.753 0.683 8191851
-30.740 77.900 3.575 8191851
-46.083 75.044 4.091 16757844
-45.707 75.124 5.137 16376911
-46.250 75.333 3.124 16757844
-11.641 78.454 3.264 6737151
-22.377 77.757 1.035 8191851
-1.064 76.902 0.757 3003583
-8.947 78.791 3.935 3718648
-46.798 76.623 3.720 16376911
-30.690 77.551 4.078 8191851
-29.835 77.098 6.058 6737151
-43.893 77.058 2.907 16376911
-29.202 76.962 6.190 6737151
-8.291 75.563 4.305 3718648
-47.234 77.503 3.718 16376911
-8.715 77.432 2.743 3718648
-1.396 77.085 0.588 8191851
-29.868 75.903 3.987 3003583
-8.132 76.198 3.993 6737151
-25.681 75.592 1.776 8191851
-44.389 77.597 3.470 16757844
-44.567 78.160 3.926 16376911
-19.962 74.756 2.516 3003583
-27.758 75.318 2.276 8191851
-17.615 73.189 1.041 8191851
-47.673 78.493 4.165 16757844
-9.811 71.254 2.924 6737151
-20.129 74.917 4.196 6737151
-11.126 71.114 2.379 6737151
-11.715 72.285 6.312 6737151
-32.803 76.025 2.488 8191851
-10.526 71.247 3.118 3718648
-13.586 70.558 5.197 3718648
-11.924 72.265 3.367 3718648
-27.746 74.741 6.505 6737151
-13.527 70.888 3.255 3718648
-46.109 80.462 4.770 16376911
-16.341 68.865 2.047 3003583
-16.053 68.522 1.208 8191851
-45.565 80.010 5.465 12616956
-32.963 75.635 2.494 8191851
-15.509 67.666 3.517 6737151
-13.503 70.255 3.936 6737151
-14.625 68.984 2.150 8191851
-9.152 65.265 1.982 6737151
-46.126 80.450 4.240 16757844
-14.799 68.393 1.583 3003583
-14.528 68.136 4.601 6737151
-43.846 80.227 2.852 16376911
-13.553 67.192 4.596 6737151
-26.884 72.781 2.303 3003583
-14.292 67.186 1.453 3003583
-16.119 69.081 1.905 8191851
-9.840 63.201 5.282 3718648
-30.815 74.356 2.397 3003583
-10.263 64.726 3.572 3718648
-46.903 82.358 5.436 12616956
-46.283 81.508 5.418 16376911
-10.803 64.071 4.583 6737151
-17.992 66.425 2.199 3003583
-46.375 81.734 5.690 16739210
-9.299 59.148 3.046 6737151
-46.293 81.980 3.160 16757844
-29.216 72.512 2.320 8191851
-26.582 70.855 2.381 8191851
-46.098 81.426 6.078 12616956
-11.113 64.350 1.756 8191851
-6.261 55.481 1.961 6737151
-18.724 63.949 3.028 6737151
-102.950 114.656 9.457 16376911
-47.584 84.037 4.498 16376911
-47.932 85.132 5.878 12616956
-29.417 72.100 2.304 8191851
-17.854 66.203 1.917 8191851
-26.756 70.613 7.020 6737151
-21.498 66.993 2.243 3003583
-19.061 63.981 2.150 3003583
-21.745 66.782 2.254 3003583
-47.580 84.316 5.957 16739210
-47.589 84.407 5.653 16376911
-50.351 85.399 5.250 16376911
-46.986 84.136 2.960 16757844
-23.068 65.736 2.106 3003583
-42.681 81.896 2.893 16376911
-46.671 84.550 2.961 16757844
-10.022 53.619 5.415 3718648
-48.557 86.355 4.763 16757844
-31.694 72.778 2.345 3003583
-53.832 92.827 5.311 16757844
-42.308 82.276 2.899 16376911
-49.049 87.583 5.539 16376911
-25.214 64.442 2.022 8191851
-23.833 65.119 2.757 8191851
-48.937 87.203 5.240 16376911
-49.105 87.573 5.256 16376911
-45.616 85.462 2.982 16757844
-23.608 65.336 2.442 8191851
-23.754 65.225 2.448 8191851
-52.604 94.499 4.472 16376911
-22.749 62.527 3.912 3718648
-41.527 82.828 2.919 16376911
-26.295 62.384 1.921 8191851
-23.491 61.691 3.452 3718648
-55.719 101.560 4.426 16376911
-53.746 97.254 5.531 16757844
-25.291 61.323 1.931 3003583
-23.185 53.935 1.619 3003583
-22.632 59.284 1.871 8191851
-43.670 86.589 3.008 16757844
-23.016 59.139 1.893 8191851
-54.777 106.143 4.342 16376911
-28.105 60.142 1.845 8191851
-57.740 116.088 7.843 12616956
-68.515 125.546 8.328 16376911
-72.565 132.971 7.319 16376911
-29.593 59.224 1.869 8191851
-24.520 49.610 1.535 3003583
-39.800 83.830 2.897 16376911
-48.201 108.809 5.110 16376911
-62.081 139.312 9.347 12616956
-41.486 87.527 2.989 16757844
-50.246 108.407 3.400 16757844
-43.955 100.633 4.897 16376911
-34.305 70.766 2.348 3003583
-26.797 54.146 1.766 8191851
-32.658 65.909 2.170 3003583
-54.223 123.155 2.842 16757844
-29.049 54.270 1.799 3003583
-27.721 53.629 1.788 8191851
-34.732 70.606 2.358 3003583
-41.316 94.581 8.116 16739210
-40.066 87.982 2.950 16757844
-35.010 70.528 2.369 3003583
-39.755 88.041 2.943 16757844
-42.939 98.118 5.223 16376911
-33.102 60.259 2.015 3003583
-38.622 88.237 5.206 12616956
-39.765 91.076 4.511 16757844
-37.925 84.421 2.829 16376911
-39.787 90.744 5.896 16739210
-38.179 87.510 4.045 16757844
-37.506 87.131 5.553 16739210
-36.053 70.280 2.391 3003583
-38.365 87.657 5.531 16739210
-37.620 86.072 4.458 16757844
-37.125 86.265 4.804 16757844
-36.641 43.773 1.787 3003583
-36.827 61.124 2.046 8191851
-36.981 44.044 1.827 3003583
-36.744 83.606 2.990 16376911
-36.736 70.126 2.385 3003583
-36.961 64.015 2.136 3003583
-35.935 39.028 1.801 8191851
-36.339 39.080 1.826 8191851
-37.033 89.941 5.066 16376911
-35.917 88.459 3.430 16376911
-37.521 49.426 1.981 8191851
-35.600 86.666 5.185 12616956
-45.268 32.614 3.094 6737151
-39.420 49.768 2.586 8191851
-35.294 87.119 4.155 16376911
-40.029 51.187 2.109 3003583
-35.124 86.398 4.707 16757844
-44.824 37.101 1.594 3003583
-39.955 64.315 2.281 3003583
-38.880 70.124 2.399 3003583
-34.301 83.398 2.798 16376911
-33.866 83.832 4.728 12616956
-33.980 83.189 5.252 16739210
-34.139 84.568 4.507 16376911
-34.043 84.081 4.833 16739210
-44.051 59.038 6.447 3718648
-45.224 56.977 4.539 6737151
-43.140 62.944 2.758 3003583
-34.945 86.113 4.703 16757844
-35.063 85.512 5.248 16739210
-44.068 70.303 3.376 8191851
-41.977 73.230 2.586 3003583
-42.151 73.370 2.605 3003583
-34.533 85.067 4.941 12616956
-34.688 86.084 3.315 16757844
-34.502 85.350 4.552 16757844
-42.363 73.707 2.666 3003583
-44.492 70.215 8.023 6737151
-46.782 69.366 7.466 3718648
-34.203 84.613 4.702 16376911
-33.845 84.233 3.781 16376911
-45.203 73.660 5.102 3718648
-45.533 73.650 2.980 8191851
-44.910 73.098 5.198 6737151
-45.250 74.402 5.321 3718648
-33.656 83.283 4.834 12616956
-33.452 83.459 3.777 16376911
-25.747 88.649 6.570 16739210
-33.591 83.620 3.445 16757844
-25.369 87.707 3.782 16376911
-42.035 77.844 2.762 8191851
-23.256 88.984 4.550 12616956
-25.312 88.038 6.127 12616956
-46.161 76.147 5.165 3718648
-19.514 90.793 0.094 16757844
-24.662 87.341 4.271 16376911
-19.922 88.706 2.835 16376911
-25.579 86.532 3.961 16757844
-24.453 85.404 4.739 12616956
-22.918 85.803 3.614 16376911
-44.463 77.739 3.607 8191851
-24.876 84.716 4.395 16757844
-26.325 85.450 5.862 12616956
-21.349 86.670 5.293 16739210
-32.841 82.238 3.739 16376911
-46.745 77.159 4.992 6737151
-47.028 77.118 4.288 3003583
-24.849 84.037 4.704 12616956
-23.337 85.093 5.770 16739210
-33.120 82.109 4.885 16739210
-47.037 77.545 4.791 6737151
-33.229 81.613 5.235 16739210
-33.052 82.185 4.764 16739210
-23.530 84.861 3.833 16757844
-24.036 84.706 1.400 16757844
-45.072 78.972 4.345 8191851
-26.714 83.008 5.694 12616956
-25.186 84.020 5.414 12616956
-32.372 81.216 3.682 16376911
-45.235 79.260 4.428 3003583
-26.048 83.179 4.324 16376911
-24.083 82.558 5.252 16739210
-23.527 81.824 4.398 12616956
-20.375 82.441 0.644 16757844
-23.735 81.887 4.487 16376911
-20.466 82.121 0.667 16757844
-27.739 81.154 5.068 16739210
-42.659 80.231 2.851 8191851
-45.237 79.990 3.054 3003583
-48.833 80.920 4.184 8191851
-34.554 80.059 4.706 12616956
-31.285 80.430 7.496 12616956
-45.644 80.451 5.973 6737151
-28.357 80.127 4.738 16739210
-49.212 81.736 4.299 3003583
-46.218 81.361 5.224 3718648
-48.871 81.277 4.686 8191851
-46.591 82.153 4.605 3003583
-30.045 78.849 6.558 16739210
-46.739 81.658 4.703 8191851
-50.050 83.725 4.551 3003583
-30.384 78.472 6.496 16739210
-49.394 83.147 5.169 6737151
-29.345 78.616 4.974 16739210
-46.341 81.605 4.752 8191851
-50.423 84.500 4.543 3003583
-29.126 78.743 4.771 16739210
-50.414 84.597 4.618 3003583
-30.741 77.814 3.318 16376911
-50.249 84.654 4.918 6737151
-49.922 83.391 4.482 8191851
-47.484 84.086 4.645 3003583
-47.200 83.563 3.666 3003583
-50.955 85.768 4.608 3003583
-32.035 77.789 2.537 16376911
-50.539 85.776 5.240 6737151
-13.628 69.892 5.338 16739210
-31.227 77.142 6.413 16739210
-102.441 115.540 8.699 6737151
-30.205 76.550 3.156 16376911
-51.216 86.138 4.354 3003583
-51.124 86.169 4.686 8191851
-49.098 86.347 5.487 3718648
-52.539 89.272 4.859 3003583
-11.366 64.152 3.846 16757844
-7.771 63.650 5.567 16739210
-13.245 69.132 3.133 16376911
-9.909 64.024 4.759 12616956
-28.671 75.378 6.298 12616956
-10.452 61.929 4.585 12616956
-51.392 87.177 5.111 3718648
-9.984 60.456 2.182 16376911
-9.615 64.000 4.953 16739210
-51.508 87.536 5.116 3718648
-50.424 89.553 3.939 8191851
-8.404 62.786 5.979 16739210
-26.161 72.326 2.236 16376911
-48.865 87.197 6.013 6737151
-26.327 72.136 2.243 16376911
-10.477 64.359 4.390 16739210
-52.714 89.294 4.360 8191851
-28.180 73.679 3.137 16757844
-44.317 84.600 2.978 3003583
-54.208 93.130 4.971 6737151
-44.117 84.841 2.982 3003583
-50.610 90.886 3.324 8191851
-51.779 93.323 4.816 3003583
-9.792 58.765 4.203 16376911
-54.615 93.453 4.119 3003583
-50.288 90.264 3.688 3003583
-49.790 89.044 4.740 8191851
-50.504 90.780 5.761 3718648
-22.091 63.728 4.675 12616956
-51.251 92.377 5.850 3718648
-53.968 98.119 4.244 3003583
-7.372 54.800 5.341 16739210
-51.828 93.641 5.920 3718648
-33.287 75.159 2.412 16376911
-53.636 97.555 6.008 3718648
-19.615 63.722 3.927 16376911
-56.709 104.213 4.064 3003583
-51.927 93.691 5.146 3718648
-54.749 100.137 6.134 3718648
-56.946 104.991 3.316 3003583
-52.892 103.479 4.062 3003583
-42.504 86.113 3.008 3003583
-63.101 112.701 6.426 3718648
-43.571 89.177 3.032 8191851
-45.099 91.807 3.112 3003583
-48.633 98.289 3.184 3003583
-53.023 104.610 4.514 8191851
-41.592 86.653 2.993 3003583
-33.228 70.802 2.299 16757844
-50.857 114.714 6.154 6737151
-23.686 47.026 1.431 16376911
-41.142 86.846 2.987 3003583
-62.388 136.768 7.921 3718648
-43.399 92.622 3.065 3003583
-62.193 139.463 6.521 3718648
-47.300 107.129 4.657 6737151
-35.911 73.639 2.499 16376911
-28.919 56.749 1.826 16757844
-44.098 100.135 4.655 6737151
-53.795 126.327 8.835 6737151
-45.687 103.463 4.234 8191851
-39.357 84.487 2.903 8191851
-41.393 94.565 3.228 8191851
-35.478 69.894 2.365 16757844
-36.831 73.380 2.526 16376911
-39.999 90.264 2.962 8191851
-40.827 93.900 5.354 3718648
-41.607 94.655 5.161 3718648
-33.215 53.342 1.776 16757844
-38.615 89.110 4.377 3003583
-39.504 95.510 4.917 6737151
-39.187 87.331 2.944 3003583
-36.616 61.900 1.999 16376911
-38.263 87.537 4.927 6737151
-38.177 87.446 4.759 6737151
-38.281 87.606 4.472 3003583
-38.859 94.778 3.427 3003583
-37.715 68.977 2.335 16757844
-38.653 94.359 4.307 8191851
-38.043 87.590 3.931 8191851
-40.091 52.530 5.437 12616956
-38.154 87.519 3.745 3003583
-37.254 91.333 3.470 8191851
-37.855 86.636 4.816 3718648
-37.578 87.091 5.628 6737151
-37.469 85.815 4.104 8191851
-41.064 64.091 2.457 16376911
-36.228 88.794 4.880 6737151
-36.533 88.884 5.143 3718648
-40.709 53.899 5.899 16739210
-45.172 53.175 6.317 12616956
-37.365 85.575 4.226 3003583
-42.958 51.740 5.930 16739210
-35.796 88.148 4.474 3003583
-43.421 64.443 5.685 12616956
-36.210 88.832 4.780 3718648
-42.365 63.286 3.099 16757844
-41.987 65.757 5.809 16739210
-35.915 87.224 5.328 3718648
-35.416 87.487 4.026 8191851
-35.868 88.368 4.377 8191851
-36.649 85.033 3.784 8191851
-42.319 68.794 5.960 16739210
-45.359 63.124 5.867 12616956
-45.641 63.055 4.561 16757844
-35.913 88.252 4.619 3718648
-45.013 57.065 4.846 16376911
-35.385 87.364 4.120 3003583
-35.186 86.846 4.466 3003583
-35.365 87.196 4.512 6737151
-35.747 88.021 4.427 8191851
-35.269 87.111 3.796 8191851
-35.787 87.548 4.962 6737151
-35.227 87.028 3.278 8191851
-42.521 68.662 5.808 12616956
-35.374 86.855 4.881 3718648
-45.403 66.315 3.783 16376911
-35.014 86.699 3.814 8191851
-34.844 86.226 4.302 3003583
-43.861 70.953 5.168 12616956
-34.968 86.591 3.820 8191851
-36.616 83.617 3.085 8191851
-48.010 60.434 4.859 16376911
-35.176 86.422 4.861 3718648
-45.537 67.756 5.421 12616956
-61.101 41.113 8.158 16739210
-49.391 60.099 7.746 12616956
-44.342 71.042 4.474 16757844
-49.674 60.778 3.870 16757844
-34.897 86.093 2.865 3003583
-51.437 61.198 5.012 16376911
-47.080 68.493 4.547 16757844
-50.464 67.173 4.395 16376911
-51.628 63.170 7.710 12616956
-45.281 71.702 5.706 16739210
-54.603 59.318 5.286 16376911
-34.397 84.515 5.102 3718648
-34.265 85.038 3.712 3003583
-49.364 70.046 5.990 16739210
-52.227 68.757 5.332 16757844
-49.394 70.428 6.550 16739210
-35.297 83.113 2.814 8191851
-43.969 76.104 2.866 16376911
-46.123 75.987 5.086 12616956
-44.077 77.436 3.064 16376911
-46.414 75.815 4.116 16757844
-46.555 76.117 4.128 16757844
-23.541 87.409 2.932 3003583
-20.468 88.458 0.229 8191851
-33.160 82.806 3.861 8191851
-44.390 78.085 3.087 16376911
-46.490 77.208 5.319 12616956
-24.955 86.588 4.310 3718648
-25.636 86.931 3.762 8191851
-20.781 87.259 0.376 8191851
-24.805 84.673 4.115 6737151
-33.029 82.500 4.110 3003583
-33.126 82.733 2.990 3003583
-25.679 83.929 4.456 6737151
-34.588 81.832 2.756 8191851
-25.103 84.234 4.525 3718648
-23.351 85.259 5.143 6737151
-47.245 78.801 5.328 12616956
-20.867 84.583 0.511 8191851
-45.774 79.301 5.215 12616956
-47.515 78.224 3.238 16757844
-24.480 84.574 4.686 6737151
-47.046 78.494 5.415 16739210
-24.718 82.903 4.817 3718648
-34.452 81.329 2.732 8191851
-47.988 79.034 3.792 16376911
-45.113 79.644 3.068 16376911
-25.947 81.975 2.692 8191851
-32.572 81.246 4.639 3718648
-48.257 79.552 3.787 16376911
-21.236 81.774 0.642 8191851
-45.543 79.786 5.497 16739210
-48.424 80.000 3.784 16376911
-7.049 82.053 2.644 6737151
-45.531 79.916 5.497 16739210
-23.715 80.350 6.838 3718648
-48.098 79.867 4.890 16376911
-31.994 80.358 3.979 3003583
-34.364 80.399 2.685 8191851
-27.773 79.228 4.450 6737151
-28.985 80.275 5.535 6737151
-17.579 79.614 0.670 3003583
-34.488 80.103 4.228 8191851
-46.188 81.400 5.501 16739210
-27.359 79.563 4.958 6737151
-49.405 82.957 5.031 16757844
-49.323 81.981 4.182 16757844
-48.974 82.501 5.324 12616956
-34.424 80.119 4.407 8191851
-49.110 82.756 5.336 12616956
-34.528 80.088 3.986 3003583
-47.104 83.349 5.598 12616956
-47.256 82.506 5.482 16739210
-34.503 79.654 2.674 8191851
-46.958 82.973 5.961 16739210
-34.404 79.723 5.090 6737151
-28.463 78.114 2.729 3003583
-47.265 83.634 5.678 16739210
-50.953 86.501 5.122 16757844
-47.347 83.954 5.529 16739210
-15.505 68.657 1.290 8191851
-7.545 66.212 3.978 3718648
-48.377 86.086 5.558 12616956
-51.067 86.824 5.210 16757844
-32.234 77.911 2.556 3003583
-47.579 84.335 5.618 16739210
-49.419 87.447 4.780 16376911
-14.437 68.364 3.677 3718648
-15.356 68.227 3.711 3718648
-47.979 85.202 6.059 12616956
-8.366 65.616 3.605 3718648
-34.893 78.447 2.587 8191851
-11.126 64.405 4.242 3718648
-49.566 88.851 6.063 12616956
-26.046 72.173 2.244 8191851
-48.977 86.447 4.984 16376911
-49.368 88.195 5.778 12616956
-48.162 86.734 3.025 16757844
-49.225 87.809 4.925 16757844
-18.811 65.564 2.509 3003583
-6.470 55.308 4.878 3718648
-53.772 92.767 5.390 16757844
-26.447 70.952 2.905 3003583
-49.134 87.714 5.890 16739210
-9.510 58.957 2.531 8191851
-10.543 61.610 3.646 3718648
-5.962 55.571 2.239 8191851
-49.920 89.453 5.617 16376911
-26.846 70.585 6.988 3718648
-26.358 70.996 4.535 3718648
-8.947 54.112 4.915 3718648
-47.234 87.764 3.035 16757844
-5.689 55.483 3.428 3718648
-22.541 63.759 1.753 8191851
-51.238 92.790 3.143 16376911
-57.303 100.570 5.466 16757844
-57.660 101.387 5.486 16757844
-51.046 92.030 6.162 16739210
-9.634 53.850 4.238 3718648
-53.001 96.027 5.891 12616956
-19.559 63.544 3.374 3718648
-43.261 86.026 3.007 16376911
-57.696 100.149 3.408 16757844
-54.309 98.844 6.046 12616956
-26.837 67.762 2.264 3003583
-55.186 100.950 6.156 12616956
-53.741 97.901 5.584 16376911
-54.142 98.590 6.166 16376911
-30.197 70.935 2.306 3003583
-68.978 125.442 8.599 12616956
-45.323 89.089 3.062 16757844
-60.330 110.601 5.867 16757844
-29.078 67.056 2.101 8191851
-62.908 112.937 6.230 16376911
-24.770 57.744 1.756 3003583
-52.022 103.115 3.932 16376911
-19.771 54.245 2.395 8191851
-31.210 69.085 2.178 3003583
-52.140 102.441 3.361 16757844
-21.058 54.149 1.722 8191851
-22.734 53.059 1.583 3003583
-60.158 114.497 8.244 16739210
-35.162 74.365 2.498 3003583
-34.221 71.053 2.330 8191851
-32.828 68.231 2.229 3003583
-30.346 62.185 2.021 3003583
-44.554 96.337 3.037 16376911
-49.875 107.689 3.046 16757844
-44.478 101.618 5.517 16757844
-49.048 107.801 3.033 16757844
-31.592 61.445 2.035 3003583
-34.074 67.698 2.262 3003583
-25.561 47.111 1.538 8191851
-43.870 100.209 4.630 16757844
-46.017 104.017 3.243 16757844
-40.465 92.205 5.603 12616956
-40.015 87.590 2.958 16376911
-35.163 67.042 2.243 3003583
-42.694 97.379 5.512 16376911
-36.611 70.071 2.352 8191851
-41.987 95.470 5.401 16376911
-40.455 92.822 8.277 16739210
-40.427 92.014 3.477 16376911
-41.205 93.723 5.600 16739210
-39.498 90.644 5.435 12616956
-34.696 51.489 1.839 3003583
-36.146 66.574 2.233 3003583
-41.792 121.519 6.950 12616956
-39.504 90.109 3.666 16376911
-39.471 90.982 5.520 16739210
-37.112 61.736 2.026 8191851
-39.639 95.914 4.879 16757844
-38.959 88.891 6.011 16739210
-39.628 91.112 4.400 16757844
-39.528 91.079 3.981 16757844
-41.139 99.359 4.764 16376911
-38.585 62.095 2.138 8191851
-39.596 91.125 5.416 16739210
-38.350 87.597 5.765 16739210
-37.073 44.354 2.780 8191851
-38.408 88.657 4.785 16376911
-38.285 87.566 5.070 16739210
-38.237 87.381 5.540 12616956
-39.868 69.397 2.346 8191851
-40.043 57.435 7.433 6737151
-38.056 86.885 4.878 16376911
-38.171 93.037 4.646 16376911
-37.888 87.576 4.164 16757844
-42.539 62.838 2.967 8191851
-37.446 91.300 2.843 16757844
-42.968 62.165 2.905 8191851
-43.043 62.063 3.579 3003583
-41.475 64.075 2.826 3003583
-37.675 86.154 4.251 16757844
-42.326 62.990 2.712 3003583
-43.382 51.235 3.367 8191851
-43.150 61.349 7.185 6737151
-36.672 88.837 5.335 16739210
-37.244 85.222 4.109 16376911
-35.529 87.554 4.407 16376911
-36.245 88.304 5.099 16739210
-35.562 87.801 3.710 16376911
-35.738 87.565 4.875 16739210
-35.367 87.258 4.322 16757844
-46.054 62.173 2.351 8191851
-41.021 79.659 2.810 8191851
-48.390 60.389 2.150 8191851
-44.300 68.570 6.500 6737151
-42.143 76.994 2.747 3003583
-44.475 71.887 6.975 3718648
-42.545 77.072 2.742 3003583
-47.190 65.673 5.714 6737151
-47.007 70.672 4.543 6737151
-36.556 89.830 2.948 16376911
-36.522 89.671 4.404 16376911
-36.464 89.643 2.972 16376911
-45.907 74.700 3.779 8191851
-46.089 71.114 3.797 8191851
-20.729 115.510 0.483 16376911
-46.232 72.718 4.750 3718648
-36.271 89.280 3.970 16376911
-37.860 86.641 5.137 16739210
-44.110 77.869 2.793 3003583
-46.238 75.396 4.336 8191851
-37.473 86.147 4.866 12616956
-44.897 78.607 3.955 8191851
-35.815 87.466 5.064 12616956
-45.112 79.043 4.232 8191851
-63.271 58.443 6.914 6737151
-37.632 85.890 4.726 16757844
-35.729 87.319 5.055 12616956
-44.816 79.031 2.963 3003583
-43.248 81.074 2.871 8191851
-35.817 87.036 5.260 16739210
-45.378 79.904 4.728 6737151
-47.641 78.700 4.693 6737151
-35.283 87.104 4.454 16757844
-21.120 95.178 3.946 16757844
-21.121 95.169 4.583 16376911
-48.653 80.641 4.506 3003583
-48.433 80.113 4.024 3003583
-23.300 88.785 4.646 16757844
-46.402 81.709 5.128 3718648
-34.498 85.265 4.703 16757844
-48.857 81.578 4.975 6737151
-48.970 81.222 3.873 8191851
-48.708 80.839 4.623 8191851
-48.581 81.422 5.229 3718648
-24.947 88.645 7.517 12616956
-46.610 82.083 4.456 3003583
-24.121 88.854 5.721 16739210
-46.443 81.823 4.852 8191851
-48.691 81.696 5.240 3718648
-25.012 88.300 5.199 16739210
-44.224 82.986 2.922 8191851
-44.240 83.047 2.922 8191851
-49.063 82.117 5.050 6737151
-23.876 88.410 4.157 16376911
-25.580 87.130 3.772 16757844
-46.618 82.169 4.581 8191851
-47.202 82.535 5.491 6737151
-44.311 83.486 2.933 8191851
-25.505 85.752 4.751 16376911
-22.575 86.837 5.902 12616956
-26.769 84.689 6.952 12616956
-47.402 83.942 3.601 8191851
-23.643 85.166 4.442 16376911
-24.069 84.930 4.813 16739210
-21.765 83.681 3.833 16757844
-50.696 84.814 3.851 8191851
-33.622 83.689 4.021 16757844
-44.319 84.384 2.954 8191851
-25.715 82.398 5.772 16739210
-24.867 82.049 3.322 16376911
-51.180 86.181 4.611 3003583
-51.045 86.198 4.880 3003583
-25.887 82.955 4.100 16376911
-48.009 85.309 5.639 6737151
-50.788 85.872 5.003 8191851
-28.299 80.641 5.048 12616956
-51.580 86.876 3.780 8191851
-32.675 81.657 4.227 16376911
-23.907 80.323 1.118 16757844
-26.766 79.976 4.529 12616956
-33.185 82.543 4.567 16376911
-48.726 85.852 4.614 8191851
-27.183 81.192 4.710 16739210
-47.345 86.207 2.991 3003583
-29.355 80.790 5.710 12616956
-10.216 73.423 1.656 16376911
-49.310 87.541 3.248 8191851
-28.502 79.619 5.563 16739210
-52.781 89.298 3.642 8191851
-28.779 79.333 4.817 12616956
-33.898 81.434 2.722 16376911
-27.616 79.417 4.603 16376911
-102.390 115.602 8.533 6737151
-52.837 89.813 4.685 3003583
-28.461 79.338 5.810 12616956
-52.852 89.705 4.436 3003583
-29.296 79.338 5.215 16739210
-46.981 87.203 3.004 3003583
-28.901 78.282 5.560 16739210
-29.709 79.646 5.325 12616956
-53.749 91.752 4.677 3003583
-50.928 91.030 5.248 6737151
-53.463 90.973 3.838 3003583
-49.853 89.963 3.023 8191851
-55.027 94.397 4.550 3003583
-29.300 78.138 4.594 16376911
-53.565 91.912 5.140 8191851
-49.636 90.348 3.022 8191851
-53.659 91.328 4.496 8191851
-53.809 92.454 5.151 8191851
-52.198 93.334 5.322 6737151
-29.016 78.023 4.952 16739210
-54.783 94.505 5.085 6737151
-56.323 97.053 3.774 8191851
-49.250 90.872 3.027 8191851
-54.919 94.072 3.661 3003583
-34.511 79.891 6.326 16739210
-55.227 94.762 4.326 3003583
-54.758 94.529 5.190 8191851
-56.229 96.971 3.076 8191851
-57.747 100.122 3.614 8191851
-52.010 93.212 4.781 8191851
-58.373 101.555 4.430 3003583
-52.642 94.478 4.390 3003583
-19.131 64.834 1.905 16376911
-19.620 63.112 3.357 16757844
-53.510 97.246 3.231 8191851
-54.132 98.049 5.102 6737151
-52.043 94.049 5.605 3718648
-28.473 72.259 3.102 16376911
-47.575 92.366 3.063 8191851
-54.349 99.094 5.718 3718648
-26.781 70.532 2.417 16757844
-64.024 110.742 7.172 3718648
-63.789 110.900 8.434 6737151
-42.695 87.442 2.997 8191851
-52.767 100.584 3.041 8191851
-51.230 100.559 3.783 8191851
-56.629 104.545 3.084 3003583
-44.614 89.880 3.071 3003583
-60.310 110.682 5.426 8191851
-72.514 133.036 4.096 3003583
-42.093 87.861 2.991 8191851
-45.183 93.910 3.053 8191851
-43.607 90.625 3.044 3003583
-46.857 97.329 3.098 3003583
-33.541 70.135 2.284 16376911
-47.357 102.704 3.026 8191851
-43.005 90.940 3.032 3003583
-42.843 91.024 3.025 3003583
-45.294 102.602 4.834 3003583
-47.777 107.873 4.993 6737151
-50.504 108.730 4.112 8191851
-48.318 108.018 3.013 3003583
-42.407 91.202 3.013 3003583
-38.195 77.630 2.726 16376911
-42.659 95.035 2.971 8191851
-42.993 98.082 4.899 6737151
-43.758 99.190 5.735 3718648
-41.460 94.524 4.560 3003583
-45.577 103.393 4.244 8191851
-43.180 98.049 4.653 8191851
-42.381 96.259 5.979 6737151
-41.312 94.068 5.338 3718648
-40.715 93.651 5.244 6737151
-40.616 92.790 4.287 8191851
-42.349 99.450 2.911 3003583
-41.590 100.774 3.204 8191851
-41.045 91.526 2.984 3003583
-40.424 97.706 4.746 3003583
-41.293 94.614 4.677 8191851
-38.559 47.675 2.687 16376911
-40.048 96.635 5.038 6737151
-38.986 67.638 2.258 16376911
-40.696 92.687 5.611 6737151
-35.364 47.256 4.071 16376911
-39.874 51.560 1.999 16376911
-40.073 77.269 2.739 16376911
-41.216 63.059 5.586 12616956
-39.036 47.606 3.131 16757844
-39.616 90.352 5.526 3718648
-41.020 123.861 7.059 6737151
-40.977 68.728 2.486 16376911
-39.738 90.620 3.193 3003583
-38.885 94.870 3.719 8191851
-41.920 54.156 6.481 16739210
-44.914 54.985 5.354 12616956
-42.944 54.838 5.627 16739210
-38.932 88.992 4.542 3003583
-38.452 92.755 5.236 3718648
-41.755 73.686 2.604 16757844
-43.860 70.896 5.092 12616956
-38.617 88.241 4.974 6737151
-42.833 70.048 5.646 16739210
-38.004 92.663 4.809 8191851
-37.661 92.363 3.280 8191851
-37.387 91.656 4.222 8191851
-38.219 93.304 4.435 8191851
-43.628 67.992 7.745 12616956
-38.427 88.760 4.672 3003583
-42.202 77.389 2.744 16376911
-38.646 88.094 6.054 6737151
-46.456 66.298 6.539 16739210
-45.464 66.680 5.969 16739210
-38.248 87.513 4.937 6737151
-45.140 72.299 3.860 16376911
-38.399 87.802 5.985 6737151
-37.015 90.764 4.423 3003583
-50.268 63.316 3.194 16376911
-36.932 90.677 4.148 3003583
-37.162 90.735 4.811 3718648
-37.996 87.612 4.557 3003583
-36.558 89.529 4.701 6737151
-55.179 62.109 6.390 12616956
-46.036 72.471 4.493 16376911
-58.507 56.621 6.962 16739210
-52.255 68.595 3.593 16376911
-44.564 77.875 3.322 16757844
-36.182 89.200 3.091 3003583
-44.832 78.491 3.847 16376911
-66.926 55.799 7.399 12616956
-67.329 56.370 7.416 12616956
-55.915 63.954 5.647 16739210
-54.271 67.831 7.557 12616956
-37.325 86.848 3.066 8191851
-64.623 57.240 7.838 16739210
-42.365 81.659 4.481 16757844
-42.358 81.729 4.626 16757844
-36.948 87.043 2.868 8191851
-42.377 81.974 4.182 16757844
-46.672 77.554 5.343 16739210
-42.581 82.139 4.184 16757844
-47.747 78.587 4.077 16757844
-35.040 86.622 4.248 8191851
-35.224 86.750 4.745 6737151
-37.012 85.987 4.651 8191851
-48.207 79.821 4.684 16757844
-48.333 80.131 4.749 16757844
-46.120 81.231 5.732 12616956
-37.330 85.255 3.437 8191851
-23.583 88.637 4.260 6737151
-46.514 82.050 5.968 16739210
-48.422 81.081 5.198 16376911
-25.677 88.760 6.373 6737151
-24.185 89.090 5.454 6737151
-49.081 82.383 5.150 16757844
-34.844 85.853 4.776 3718648
-49.065 81.780 4.810 16757844
-37.077 84.865 3.352 8191851
-49.353 82.073 3.255 16757844
-25.960 85.692 4.300 6737151
-46.779 83.205 3.125 16376911
-24.679 86.338 3.169 3003583
-26.785 85.664 6.914 3718648
-19.617 86.229 5.118 3718648
-24.992 84.853 4.241 6737151
-50.077 83.465 3.814 16376911
-25.074 86.539 4.546 3718648
-25.061 85.032 3.192 3003583
-47.235 83.853 5.469 16739210
-47.826 83.859 5.347 12616956
-26.576 84.070 6.897 3718648
-50.505 84.978 4.788 16376911
-25.626 85.064 4.189 3718648
-21.196 83.196 3.711 6737151
-50.268 84.262 4.653 16757844
-49.971 84.346 5.119 16376911
-33.909 84.095 2.932 3003583
-25.524 82.279 2.999 8191851
-50.669 85.079 4.481 16376911
-47.683 84.535 3.613 16757844
-47.871 84.920 5.856 16739210
-24.672 83.967 4.837 6737151
-17.151 82.560 0.526 3003583
-50.743 85.060 4.230 16757844
-48.301 85.095 5.460 16739210
-50.959 86.013 4.873 16757844
-50.772 85.650 4.927 16757844
-25.006 80.409 1.178 8191851
-32.945 82.309 3.999 3003583
-10.905 73.570 0.819 8191851
-32.821 81.940 3.052 8191851
-15.827 77.532 2.208 3003583
-49.095 87.303 4.879 16757844
-49.347 88.083 5.068 16757844
-30.314 80.093 6.411 3718648
-32.257 80.835 3.850 3003583
-30.182 79.506 6.462 3718648
-32.088 80.399 4.280 6737151
-49.393 88.256 5.957 16739210
-28.910 79.280 5.920 6737151
-30.221 79.228 6.473 3718648
-49.291 87.922 5.003 16376911
-49.322 88.017 5.469 16739210
-32.112 80.449 3.580 3003583
-29.765 79.187 5.857 6737151
-36.511 82.298 2.753 8191851
-29.031 77.779 5.440 3718648
-49.543 88.577 5.502 16739210
-50.320 90.313 6.033 16739210
-50.383 90.408 5.764 12616956
-31.265 78.788 3.143 8191851
-50.855 91.675 6.087 12616956
-27.325 76.093 5.543 3718648
-50.529 90.851 5.507 12616956
-33.813 80.128 5.964 3718648
-54.082 93.438 5.388 16757844
-31.097 78.747 7.296 6737151
-51.685 93.278 5.566 16757844
-46.298 88.744 3.030 16376911
-50.060 90.909 3.048 16757844
-52.207 93.301 4.976 16757844
-55.936 96.158 3.088 16376911
-50.876 91.685 5.628 16376911
-29.893 75.850 3.287 3003583
-32.067 77.324 6.417 3718648
-30.902 75.733 6.700 3718648
-20.489 65.679 2.450 3003583
-18.644 65.587 2.485 8191851
-22.326 66.335 2.614 3003583
-48.868 92.273 3.062 16757844
-63.843 110.811 7.515 12616956
-58.126 101.090 4.673 16757844
-28.228 72.427 2.431 3003583
-45.192 89.896 3.046 16376911
-23.109 62.777 2.290 3003583
-30.078 72.683 2.344 8191851
-48.252 92.696 3.081 16757844
-60.935 106.288 3.410 16757844
-22.622 63.420 2.622 8191851
-29.459 70.110 7.483 3718648
-22.537 57.146 1.869 3003583
-51.769 100.168 3.058 16376911
-22.083 63.172 3.392 3718648
-55.963 102.618 5.355 16376911
-34.775 76.031 2.530 8191851
-58.384 115.352 8.297 12616956
-29.971 69.270 2.274 3003583
-23.038 59.881 2.622 8191851
-32.498 69.966 2.249 8191851
-74.679 141.401 4.324 16757844
-32.872 69.818 2.262 8191851
-65.910 135.147 7.962 12616956
-33.660 69.485 2.284 8191851
-37.204 78.221 2.714 3003583
-70.772 140.251 9.114 16739210
-34.944 69.041 2.320 8191851
-33.424 66.827 2.268 3003583
-49.769 108.600 3.448 16757844
-46.133 102.446 3.004 16376911
-49.304 108.921 3.429 16757844
-31.874 48.876 1.760 3003583
-34.362 66.288 2.265 3003583
-48.907 110.613 4.459 16757844
-36.158 68.271 2.291 8191851
-42.771 97.002 5.931 12616956
-42.639 96.784 5.611 12616956
-36.782 72.084 2.514 3003583
-36.247 60.593 2.003 8191851
-41.857 94.964 5.468 12616956
-42.890 97.779 5.442 12616956
-45.992 103.794 6.053 16739210
-43.830 99.459 3.930 16757844
-42.557 97.233 3.513 16376911
-42.470 97.256 3.510 16376911
-43.366 103.739 2.873 16376911
-32.914 51.906 1.852 8191851
-35.215 54.400 1.978 3003583
-42.380 96.920 5.459 16376911
-40.688 92.387 5.453 12616956
-40.662 93.552 5.126 16757844
-40.648 97.441 5.275 16757844
-34.793 51.153 2.662 8191851
-40.920 120.908 7.037 12616956
-37.859 54.305 2.076 3003583
-36.466 52.350 2.039 8191851
-40.096 74.233 2.606 8191851
-40.280 91.544 6.015 16739210
-40.403 98.021 4.264 16376911
-40.671 50.309 2.409 3003583
-41.042 93.454 5.079 16376911
-40.883 68.194 2.488 8191851
-41.141 61.948 5.373 3718648
-40.752 74.161 2.607 8191851
-40.249 91.692 5.502 16739210
-40.245 96.580 5.367 16376911
-40.197 91.600 3.619 16757844
-41.743 64.338 2.866 3003583
-40.049 97.396 3.974 16757844
-40.031 91.239 5.758 12616956
-42.188 62.446 3.334 3003583
-39.756 96.807 4.001 16757844
-39.884 90.978 4.623 16757844
-41.185 71.138 2.548 3003583
-42.617 64.763 5.367 3718648
-39.962 96.682 4.865 16376911
-39.758 90.938 3.711 16757844
-38.574 93.629 4.849 16757844
-39.809 96.288 4.857 16376911
-38.850 94.690 3.674 16376911
-38.737 93.870 4.912 16757844
-38.200 92.882 4.825 16757844
-43.651 67.964 4.949 3718648
-38.551 92.820 5.278 12616956
-43.118 67.934 2.819 3003583
-44.260 61.582 7.404 6737151
-39.337 89.816 3.871 16757844
-37.929 92.336 4.809 16757844
-45.322 66.429 4.126 6737151
-39.161 90.649 5.437 12616956
-39.144 89.416 3.922 16757844
-38.797 89.402 4.199 16376911
-30.264 125.763 7.780 16739210
-38.118 92.776 4.770 16376911
-37.465 91.755 3.882 16376911
-38.648 88.340 5.434 16739210
-37.194 90.982 4.639 16757844
-38.512 88.078 4.875 12616956
-37.093 90.996 3.498 16757844
-44.476 77.741 3.501 3003583
-46.162 75.332 4.396 3003583
-45.307 78.400 3.140 8191851
-50.203 65.120 6.530 6737151
-46.221 77.136 2.851 8191851
-45.170 78.380 3.563 3003583
-54.827 63.769 2.724 8191851
-48.276 69.913 5.645 6737151
-43.550 83.168 2.928 8191851
-46.754 76.608 3.239 3003583
-38.149 92.213 5.159 12616956
-47.200 77.540 2.843 8191851
-47.382 77.766 2.863 8191851
-38.258 92.679 5.107 16739210
-45.702 79.879 4.844 8191851
-37.889 91.696 5.138 12616956
-37.805 92.638 3.554 16757844
-45.858 80.583 4.489 3003583
-37.675 91.516 4.999 12616956
-46.197 80.450 4.164 3003583
-39.317 89.711 5.729 16739210
-37.647 92.315 3.585 16757844
-48.070 79.336 3.038 8191851
-46.767 81.580 5.365 3718648
-46.634 81.538 5.272 6737151
-39.059 89.157 5.660 16739210
-48.059 80.556 5.348 6737151
-48.886 81.200 4.588 3003583
-37.413 90.621 5.194 16739210
-48.970 81.264 4.421 3003583
-49.082 81.436 4.063 3003583
-47.047 83.147 5.900 6737151
-47.373 83.804 5.615 3718648
-38.655 88.900 5.438 12616956
-47.516 83.891 3.680 8191851
-49.881 83.190 4.228 8191851
-49.900 83.376 4.613 3003583
-38.614 88.213 5.622 16739210
-47.765 84.691 5.898 6737151
-50.191 84.294 4.833 6737151
-49.932 84.421 5.253 3718648
-49.915 83.524 4.723 8191851
-48.295 84.817 5.492 6737151
-36.078 88.842 4.284 16757844
-38.455 87.996 4.945 16739210
-49.940 84.664 5.355 6737151
-48.347 85.876 5.642 3718648
-48.074 85.749 3.169 3003583
-48.678 86.407 5.156 6737151
-50.576 84.900 4.723 8191851
-50.342 85.535 5.312 3718648
-50.872 85.523 4.720 8191851
-51.482 86.503 3.110 8191851
-51.691 87.069 4.163 8191851
-38.278 87.577 4.725 16757844
-38.271 87.527 5.416 12616956
-38.175 87.365 5.131 16739210
-48.873 87.034 5.681 3718648
-38.222 87.472 4.190 16757844
-71.513 85.486 2.212 3003583
-51.418 86.702 4.651 8191851
-51.332 86.784 4.884 8191851
-48.682 86.599 5.113 3718648
-37.513 86.924 4.677 16757844
-23.496 86.620 3.069 16757844
-45.736 87.665 3.022 8191851
-49.566 88.537 4.985 6737151
-52.195 88.171 3.965 3003583
-52.492 88.785 4.220 3003583
-49.267 88.003 6.046 6737151
-52.405 88.455 3.417 3003583
-52.329 88.579 4.617 8191851
-50.085 88.763 4.682 8191851
-26.684 83.998 6.941 16739210
-52.922 90.669 5.271 6737151
-49.683 88.876 5.571 6737151
-45.599 88.291 3.033 8191851
-65.202 92.294 1.561 3003583
-53.613 91.147 3.951 8191851
-53.409 90.767 4.123 3003583
-53.125 90.231 3.265 3003583
-34.699 85.197 2.827 16376911
-25.537 83.245 7.851 12616956
-51.071 90.970 4.139 8191851
-24.871 82.637 6.753 12616956
-48.342 89.408 3.046 3003583
-34.067 84.226 4.670 16757844
-50.246 90.117 5.628 6737151
-50.974 91.007 3.798 8191851
-53.728 91.480 4.237 3003583
-53.300 90.823 4.922 3718648
-27.080 83.144 5.997 12616956
-50.436 91.113 3.140 8191851
-51.466 91.994 3.698 8191851
-54.775 93.715 4.380 3003583
-55.074 94.814 4.977 6737151
-34.878 84.917 5.380 12616956
-50.514 91.886 3.061 8191851
-52.303 93.588 5.262 6737151
-51.488 92.756 6.039 3718648
-55.416 95.065 3.859 3003583
-53.869 93.564 2.980 3003583
-33.586 83.385 4.557 16757844
-51.543 92.670 4.306 3003583
-56.620 97.712 3.460 8191851
-32.636 81.407 4.389 16376911
-56.978 98.473 4.067 3003583
-49.870 92.820 3.067 8191851
-52.371 94.640 5.344 3718648
-55.925 96.296 3.336 3003583
-57.996 100.672 3.954 3003583
-57.354 99.249 3.563 3003583
-55.927 96.195 4.478 8191851
-55.842 96.249 4.872 3718648
-32.299 80.354 7.902 16739210
-96.619 132.077 7.000 3718648
-27.699 76.561 5.435 12616956
-31.728 79.533 4.395 16757844
-28.953 79.131 5.509 16739210
-53.393 97.458 3.132 8191851
-53.263 96.565 4.426 8191851
-32.215 80.192 4.760 16376911
-90.108 131.347 3.743 6737151
-32.119 79.580 7.112 12616956
-57.355 100.135 5.304 3718648
-34.194 80.156 7.570 16739210
-36.215 81.857 2.723 16376911
-46.367 92.132 3.101 3003583
-21.716 64.196 3.659 16376911
-60.277 110.646 4.859 6737151
-44.253 90.406 3.056 8191851
-63.825 110.947 6.024 3718648
-34.477 80.137 2.900 16757844
-46.070 92.337 3.113 3003583
-50.878 100.153 4.521 3003583
-63.874 110.855 6.214 6737151
-73.347 131.343 3.794 6737151
-51.505 98.970 4.105 8191851
-72.564 132.973 5.039 6737151
-50.803 100.016 4.343 8191851
-48.384 97.301 3.156 3003583
-51.882 106.753 3.021 8191851
-46.325 95.662 3.086 8191851
-51.306 107.140 3.003 8191851
-60.675 127.599 2.577 3003583
-60.033 128.067 2.557 3003583
-58.186 117.284 2.761 3003583
-53.096 111.614 2.891 3003583
-52.755 111.772 2.885 3003583
-49.184 103.248 3.140 3003583
-55.113 125.829 2.709 3003583
-25.864 54.974 1.690 16757844
-46.997 101.625 3.063 8191851
-50.907 114.802 4.875 6737151
-44.015 93.734 3.058 3003583
-46.207 101.956 3.042 8191851
-47.578 104.025 3.102 3003583
-47.434 107.336 4.882 6737151
-46.285 104.661 5.722 3718648
-44.309 100.422 5.124 6737151
-47.189 106.376 6.158 6737151
-45.054 107.246 5.200 6737151
-44.909 107.539 4.723 6737151
-44.538 101.622 3.778 3003583
-43.487 97.016 2.990 8191851
-45.878 109.853 3.102 3003583
-44.842 101.515 5.823 6737151
-43.493 98.601 5.891 3718648
-38.737 75.985 2.672 16757844
-46.183 105.107 5.095 3718648
-43.161 103.267 5.128 6737151
-43.112 103.896 4.360 3003583
-42.598 96.691 5.716 3718648
-43.375 104.393 4.445 6737151
-42.308 102.188 3.545 8191851
-42.190 101.924 3.568 8191851
-42.079 95.697 4.699 6737151
-42.448 102.444 3.010 8191851
-41.542 94.489 5.019 6737151
-38.267 57.536 6.403 16739210
-40.060 60.201 6.758 16739210
-41.300 79.822 2.820 16376911
-41.490 91.558 2.993 8191851
-41.330 94.104 5.207 3718648
-42.700 68.650 5.650 12616956
-40.825 98.993 3.432 8191851
-41.105 93.640 5.187 3718648
-40.816 97.666 2.855 8191851
-40.772 98.821 3.130 3003583
-43.144 70.595 6.072 16739210
-40.812 92.911 5.942 3718648
-39.800 96.163 5.007 6737151
-44.568 66.343 7.214 16739210
-43.022 57.869 6.631 16739210
-41.014 93.368 5.105 6737151
-40.691 93.412 4.783 8191851
-44.276 71.325 4.908 16757844
-43.511 68.222 6.024 16739210
-40.430 92.159 3.946 8191851
-32.841 129.624 7.217 6737151
-45.648 68.748 6.496 16739210
-38.846 94.691 4.439 3003583
-39.647 96.140 4.745 3718648
-47.694 70.163 6.143 12616956
-46.683 63.270 6.400 16739210
-38.880 94.870 4.245 3003583
-40.254 91.537 6.075 6737151
-39.076 95.316 3.605 3003583
-38.865 94.366 4.848 6737151
-38.941 94.985 4.030 3003583
-38.950 94.828 4.527 8191851
-38.788 93.936 5.015 3718648
-39.038 93.901 5.301 6737151
-46.502 76.087 3.420 16376911
-39.595 91.103 4.864 6737151
-39.898 91.066 5.010 3718648
-38.687 94.053 4.764 3718648
-37.966 92.665 4.659 3003583
-38.160 93.288 4.154 3003583
-45.633 80.996 2.877 16376911
-45.820 79.834 4.820 16376911
-46.142 81.188 4.925 16757844
-39.556 90.273 5.837 6737151
-38.095 92.014 5.218 6737151
-47.893 78.803 3.007 16757844
-46.856 81.869 4.712 16376911
-37.841 92.366 4.628 8191851
-37.617 92.124 3.924 3003583
-46.418 81.738 5.192 16739210
-38.355 90.410 2.849 8191851
-48.793 81.402 4.916 16757844
-37.216 91.211 3.721 8191851
-38.177 90.193 2.850 8191851
-37.518 90.867 5.185 6737151
-49.240 82.258 4.924 16757844
-37.975 89.923 2.845 8191851
-37.098 90.706 4.742 8191851
-36.840 90.405 4.413 3003583
-49.746 83.466 4.932 16757844
-36.670 90.218 3.286 3003583
-38.939 88.955 4.695 3003583
-36.789 89.737 4.960 3718648
-49.820 83.987 5.142 16757844
-50.120 83.600 3.841 16376911
-36.456 89.697 3.742 8191851
-47.677 84.498 5.815 12616956
-36.410 89.567 4.150 8191851
-38.837 88.726 4.581 3003583
-10.694 97.781 -0.680 3003583
-50.635 85.163 4.836 16757844
-48.465 86.161 5.716 16739210
-35.985 88.601 3.963 3003583
-48.842 86.069 4.838 16757844
-23.548 89.392 -0.470 3003583
-37.991 87.579 4.596 3003583
-22.938 88.813 4.302 3718648
-49.469 87.380 4.336 16757844
-38.236 87.385 3.303 8191851
-25.032 84.413 3.093 8191851
-49.331 87.964 5.243 16739210
-48.715 89.034 3.033 16376911
-26.641 84.025 2.735 8191851
-53.256 90.860 4.969 16757844
-49.836 89.207 6.048 12616956
-50.163 89.872 5.606 16739210
-52.787 89.786 4.900 16376911
-50.180 90.141 6.123 12616956
-24.156 81.822 6.920 6737151
-54.737 93.792 4.641 16376911
-62.615 96.359 2.413 16376911
-52.026 92.918 4.677 16376911
-37.800 85.641 2.861 8191851
-11.522 71.813 7.234 3718648
-62.433 96.877 5.328 16376911
-51.919 93.584 5.499 12616956
-54.035 93.346 5.449 16376911
-28.100 80.828 6.590 6737151
-37.269 85.384 3.500 3003583
-54.527 93.860 5.143 16376911
-52.274 94.718 5.540 12616956
-27.521 78.439 6.101 3718648
-52.887 95.736 5.271 16757844
-50.653 93.044 3.084 16757844
-53.205 96.498 5.968 12616956
-56.896 99.538 5.434 16757844
-57.853 100.477 4.510 16376911
-30.652 79.283 5.905 3718648
-38.212 84.969 2.853 8191851
-51.994 93.875 5.720 16739210
-50.304 93.471 3.091 16757844
-47.137 91.888 3.084 16376911
-32.086 80.467 2.935 3003583
-52.223 94.473 6.195 12616956
-53.440 96.147 4.448 16757844
-57.408 99.345 3.506 16757844
-54.075 98.059 4.106 16376911
-54.918 100.180 4.531 16376911
-52.852 95.681 5.832 16739210
-32.272 79.307 8.166 6737151
-54.145 98.493 3.702 16757844
-21.290 64.080 4.279 6737151
-56.295 103.107 4.589 16757844
-20.332 63.316 4.437 6737151
-60.338 110.649 5.663 16757844
-46.181 92.725 3.107 16376911
-36.702 81.895 2.739 3003583
-23.021 62.339 3.023 3003583
-50.126 99.539 4.132 16376911
-50.708 99.561 4.382 16757844
-23.892 61.716 2.486 3003583
-69.760 132.767 2.203 16376911
-36.715 77.676 2.646 8191851
-59.160 115.191 8.165 12616956
-24.704 58.658 5.687 6737151
-52.579 111.113 2.906 16757844
-47.213 101.801 3.070 16376911
-44.116 94.127 3.045 16376911
-62.086 137.042 7.956 16739210
-34.262 55.157 1.762 8191851
-59.663 138.867 4.167 16757844
-43.564 94.356 3.026 16376911
-44.509 100.896 5.428 12616956
-46.159 105.121 4.487 16757844
-44.227 100.744 5.106 16757844
-44.826 101.216 3.186 16376911
-37.641 66.623 2.184 8191851
-43.389 98.298 5.548 12616956
-45.949 104.276 3.509 16757844
-47.604 107.460 5.648 16739210
-38.633 55.925 1.973 8191851
-43.406 104.569 4.365 16376911
-42.404 97.565 5.476 12616956
-42.728 96.753 5.485 16739210
-38.990 65.141 5.477 3718648
-42.955 103.192 4.851 16757844
-42.361 97.043 3.702 16376911
-44.712 107.183 4.649 16376911
-41.233 80.231 2.850 3003583
-41.310 80.486 4.178 3003583
-42.198 95.817 5.870 12616956
-43.138 102.657 5.378 16739210
-41.623 100.512 4.533 16757844
-42.083 97.002 3.155 16757844
-42.270 95.957 5.611 12616956
-42.106 72.691 2.644 3003583
-42.074 80.849 3.036 3003583
-42.730 67.889 5.473 3718648
-41.632 94.712 5.481 12616956
-40.512 98.310 3.509 16376911
-43.152 73.309 2.746 3003583
-43.602 69.301 3.723 3003583
-40.402 98.014 4.209 16376911
-40.951 93.167 5.670 16739210
-43.423 70.066 5.121 3718648
-39.825 95.849 5.139 12616956
-45.304 66.765 6.299 6737151
-40.121 97.418 3.025 16757844
-40.996 93.368 5.152 16739210
-46.983 63.200 6.557 6737151
-40.807 93.388 4.756 16376911
-39.720 96.768 3.122 16757844
-40.065 96.039 5.296 16739210
-40.451 92.685 5.458 12616956
-40.386 91.996 3.633 16376911
-40.351 91.711 5.457 16739210
-38.936 94.554 4.744 16757844
-39.302 94.408 5.284 16739210
-39.357 94.999 5.015 16376911
-39.899 91.532 3.694 16376911
-38.859 93.843 5.135 16739210
-38.856 93.707 5.167 16739210
-47.746 78.524 3.532 8191851
-47.930 78.852 3.564 8191851
-48.093 79.379 3.617 8191851
-40.957 93.187 5.846 16739210
-64.725 47.742 6.679 3718648
-39.333 95.777 3.958 16376911
-57.627 64.069 6.070 3718648
-46.938 82.890 3.812 3003583
-48.880 81.016 4.253 3003583
-47.436 83.958 5.728 3718648
-47.478 84.028 3.582 8191851
-39.447 94.752 5.327 12616956
-49.795 82.998 4.345 3003583
-49.764 82.936 4.084 3003583
-46.134 87.152 3.011 8191851
-38.956 94.073 5.101 16739210
-40.400 92.021 5.673 16739210
-47.979 85.449 3.174 3003583
-38.437 92.997 5.104 12616956
-38.574 92.931 5.318 16739210
-38.217 93.388 3.731 16757844
-38.455 92.663 5.310 16739210
-38.049 92.992 3.743 16757844
-51.115 86.204 4.857 3003583
-40.121 91.423 5.637 16739210
-51.190 85.989 4.417 3003583
-37.806 92.535 4.073 16376911
-51.579 87.003 4.698 3003583
-39.586 91.199 4.718 16757844
-49.302 87.892 5.415 3718648
-39.926 91.057 3.994 16376911
-51.696 87.276 4.698 3003583
-51.968 87.811 4.642 3003583
-51.971 87.637 3.297 8191851
-37.323 91.458 3.231 16376911
-51.720 88.373 5.346 3718648
-49.896 89.151 4.474 8191851
-37.406 90.728 5.096 12616956
-20.823 94.780 7.226 12616956
-52.026 87.914 4.586 8191851
-52.002 88.952 5.354 3718648
-52.361 88.963 4.919 6737151
-21.085 95.126 6.456 12616956
-52.146 88.610 4.975 8191851
-52.361 89.583 5.309 6737151
-49.662 89.233 3.208 3003583
-52.257 89.489 5.362 3718648
-52.824 89.512 3.203 8191851
-53.039 89.829 3.909 8191851
-52.933 89.880 4.678 3003583
-39.535 90.176 5.701 16739210
-52.249 89.223 5.252 3718648
-52.922 89.771 4.501 3003583
-52.780 89.823 4.974 8191851
-52.999 90.881 5.328 6737151
-52.769 90.513 5.379 3718648
-66.802 90.474 1.788 3003583
-52.594 89.919 5.260 3718648
-24.661 88.772 7.289 16739210
-53.088 90.098 4.553 8191851
-36.659 89.903 4.485 16757844
-47.141 90.563 3.058 8191851
-53.402 90.762 4.475 3003583
-53.100 90.288 4.792 8191851
-39.528 89.929 5.448 12616956
-51.049 91.446 5.505 3718648
-24.107 88.302 2.924 16757844
-53.996 92.595 5.092 6737151
-53.853 91.685 4.024 3003583
-54.294 92.585 4.273 3003583
-54.586 93.309 4.526 3003583
-25.245 87.431 3.763 16757844
-21.257 85.461 5.941 16739210
-53.761 91.653 4.773 8191851
-54.501 93.679 5.092 6737151
-25.267 86.917 6.752 12616956
-46.993 91.239 3.068 8191851
-25.639 86.598 5.927 16739210
-49.999 91.941 3.071 3003583
-54.480 93.766 5.162 6737151
-54.242 92.539 4.483 8191851
-53.827 92.611 5.289 3718648
-38.392 88.674 5.275 16739210
-54.277 93.129 5.024 3718648
-35.602 87.886 3.334 16757844
-54.193 93.372 5.298 3718648
-36.283 87.584 2.844 16376911
-51.891 93.909 3.215 8191851
-51.845 93.450 5.401 3718648
-52.645 94.479 3.825 8191851
-35.320 87.249 3.241 16757844
-52.697 95.314 6.102 3718648
-53.189 95.623 4.858 6737151
-55.677 95.569 4.361 8191851
-57.546 99.755 4.671 3003583
-34.791 86.113 3.058 16757844
-38.492 87.966 4.920 16376911
-37.559 86.746 4.578 16376911
-57.218 98.971 4.395 3003583
-56.285 97.690 5.263 3718648
-37.719 86.675 4.585 16376911
-53.718 96.642 3.844 3003583
-52.838 95.546 5.524 6737151
-37.634 86.748 3.092 16376911
-58.457 102.119 5.069 6737151
-55.237 99.962 4.680 3003583
-51.246 96.200 3.087 8191851
-61.160 104.883 3.157 8191851
-54.170 98.569 5.789 3718648
-54.230 97.994 5.538 3718648
-37.169 86.351 4.196 16757844
-53.992 98.105 5.211 3718648
-54.781 99.786 4.419 3003583
-89.939 129.409 2.703 3003583
-50.569 97.547 4.513 3003583
-30.861 79.240 5.761 16739210
-50.194 97.377 4.288 3003583
-56.627 102.773 4.385 8191851
-31.891 80.516 7.560 12616956
-50.586 98.158 4.552 3003583
-29.955 79.385 6.175 12616956
-47.869 95.065 3.125 3003583
-50.821 97.320 4.457 8191851
-26.460 70.932 6.168 12616956
-31.667 78.181 7.194 16739210
-31.339 78.773 3.316 16757844
-30.285 78.821 6.195 12616956
-56.281 103.048 4.922 3718648
-47.545 95.291 3.138 3003583
-74.581 133.748 4.934 6737151
-29.677 76.968 6.347 12616956
-72.503 132.892 7.637 3718648
-51.934 103.679 3.081 8191851
-50.149 100.543 3.151 3003583
-54.396 112.883 2.801 8191851
-78.398 141.982 3.062 8191851
-73.241 147.583 2.087 3003583
-46.305 96.255 3.101 3003583
-50.563 109.625 4.370 3003583
-45.987 96.426 3.095 3003583
-48.347 101.446 3.132 3003583
-59.554 138.848 4.611 6737151
-50.954 114.732 5.393 6737151
-49.786 108.746 4.048 3003583
-45.558 96.649 3.079 3003583
-62.313 139.616 4.034 8191851
-30.226 58.841 1.896 16757844
-40.593 83.409 2.908 16376911
-48.930 110.170 3.968 3003583
-46.406 104.949 4.139 3003583
-46.275 105.073 4.840 6737151
-45.053 96.880 3.057 3003583
-60.108 138.046 4.337 3718648
-46.553 105.245 3.761 3003583
-47.617 107.473 6.082 6737151
-50.830 114.816 4.037 8191851
-41.267 83.212 2.919 16376911
-48.388 108.828 5.166 3718648
-46.343 104.743 3.413 3003583
-46.290 105.038 3.956 3003583
-44.038 99.862 4.419 3003583
-40.594 79.426 2.829 16757844
-41.836 83.093 2.926 16376911
-41.018 79.155 2.803 16757844
-37.359 56.105 2.004 16757844
-40.796 70.339 2.413 16376911
-44.043 105.018 5.226 3718648
-39.876 59.132 8.247 16739210
-41.431 78.991 2.794 16757844
-42.868 98.120 4.505 3003583
-43.744 99.774 4.309 3003583
-42.708 102.591 4.802 6737151
-43.932 105.598 4.605 8191851
-42.006 78.762 2.776 16757844
-43.516 104.222 4.958 3718648
-42.226 101.982 4.253 3003583
-43.141 97.957 4.970 3718648
-42.123 101.729 4.266 3003583
-41.822 101.093 4.297 3003583
-42.212 101.503 4.873 6737151
-42.106 101.502 4.607 6737151
-42.587 102.815 4.064 3003583
-43.962 71.877 2.678 16376911
-41.571 100.121 4.812 6737151
-44.705 62.103 6.956 16739210
-42.502 96.551 3.981 3003583
-44.712 63.277 5.766 16376911
-42.352 102.234 4.171 8191851
-43.852 82.896 2.918 16376911
-43.978 78.726 2.808 16757844
-47.010 70.095 5.854 12616956
-41.509 99.571 5.146 3718648
-41.912 95.288 4.950 3718648
-40.669 98.595 4.461 3003583
-48.398 66.116 7.083 16739210
-41.359 94.163 4.893 6737151
-41.137 94.549 4.775 3003583
-40.785 98.591 4.765 3718648
-46.021 81.178 6.007 16739210
-41.633 94.699 4.972 3718648
-39.858 96.760 4.650 3003583
-39.785 96.785 4.227 8191851
-40.006 97.163 4.382 3003583
-47.738 78.567 3.974 16757844
-39.982 96.997 2.855 3003583
-39.830 96.842 4.121 3003583
-46.453 83.560 2.928 16376911
-47.757 79.876 5.344 16376911
-61.615 55.931 3.101 16376911
-39.778 96.536 4.615 8191851
-39.691 96.460 4.453 8191851
-46.732 82.665 5.478 16739210
-39.445 96.004 4.176 3003583
-62.561 53.458 6.870 16739210
-49.045 81.459 4.406 16376911
-40.606 93.402 3.130 8191851
-40.547 93.350 3.132 8191851
-40.769 92.896 4.266 8191851
-47.817 83.874 4.858 16757844
-40.789 92.905 5.818 6737151
-48.098 85.391 5.465 12616956
-47.924 85.580 3.149 16376911
-49.547 83.781 5.313 16376911
-38.659 94.228 4.478 3003583
-50.081 83.663 3.267 16757844
-38.460 93.877 4.414 3003583
-48.291 86.068 6.082 16739210
-40.528 92.335 5.753 6737151
-49.877 83.769 4.937 16376911
-38.502 93.609 4.720 6737151
-50.133 84.925 5.262 12616956
-48.499 86.273 3.162 16376911
-40.194 92.409 3.966 3003583
-50.756 85.092 3.905 16376911
-48.542 86.604 6.070 16739210
-48.734 86.644 3.171 16376911
-38.228 93.528 3.283 3003583
-48.950 86.303 4.724 16757844
-38.191 93.329 4.271 3003583
-38.045 93.055 3.306 3003583
-51.593 87.189 4.810 16376911
-51.596 86.850 3.931 16376911
-38.025 92.208 5.025 6737151
-52.097 87.867 3.922 16376911
-52.145 88.429 4.814 16376911
-40.065 91.058 5.455 3718648
-52.257 88.114 3.346 16757844
-39.931 91.052 5.735 6737151
-52.245 88.942 5.089 16757844
-51.772 88.217 5.187 16376911
-50.445 89.716 5.532 12616956
-51.898 88.742 5.348 16376911
-52.699 89.267 4.526 16376911
-39.822 90.810 5.753 6737151
-52.702 89.572 4.870 16757844
-37.005 90.766 4.369 3003583
-49.987 90.043 3.154 16376911
-50.064 90.239 3.137 16376911
-37.160 91.006 4.484 8191851
-50.396 89.627 5.484 16739210
-23.646 88.529 4.333 6737151
-36.630 90.033 4.041 8191851
-51.094 90.870 4.584 16376911
-23.088 88.818 4.430 6737151
-50.637 90.955 5.588 16739210
-53.810 91.892 4.798 16376911
-25.089 88.538 6.055 3718648
-23.875 88.285 4.453 6737151
-53.339 91.700 5.352 12616956
-54.081 92.447 4.793 16376911
-53.606 91.491 4.927 16757844
-53.538 92.060 5.360 12616956
-22.896 87.477 7.031 6737151
-24.298 85.427 3.458 3003583
-39.159 89.398 4.117 8191851
-39.075 89.201 4.088 8191851
-36.138 88.450 2.841 3003583
-54.377 93.769 2.964 16757844
-39.250 88.899 3.016 8191851
-55.139 94.798 4.913 16757844
-52.623 95.069 5.518 12616956
-38.540 88.899 4.814 3718648
-56.453 97.804 5.072 16757844
-52.068 93.858 4.959 16376911
-35.044 86.553 3.445 3003583
-36.693 87.224 2.870 3003583
-57.058 99.184 5.170 16757844
-54.115 98.415 5.663 12616956
-54.562 99.410 6.051 12616956
-55.407 100.303 5.037 16757844
-51.858 96.589 3.101 16757844
-56.850 99.192 5.356 16376911
-54.751 99.755 5.814 12616956
-55.614 101.580 5.423 16757844
-57.927 101.312 5.291 16376911
-32.170 80.342 4.611 6737151
-37.393 86.580 4.441 8191851
-27.245 77.956 7.149 6737151
-38.088 86.398 3.099 3003583
-49.196 96.230 3.964 16376911
-55.318 100.961 5.219 16376911
-56.396 103.307 4.711 16757844
-33.123 81.517 5.112 3718648
-55.702 101.988 5.230 16376911
-33.415 82.147 5.175 6737151
-55.588 101.604 6.107 16739210
-32.183 79.375 6.690 6737151
-25.385 64.747 2.870 3003583
-52.693 103.469 3.073 16376911
-65.083 118.204 3.852 16757844
-24.009 62.531 1.903 3003583
-49.049 98.658 3.144 16757844
-46.788 96.291 3.101 16376911
-48.743 98.772 3.153 16757844
-33.546 73.455 2.355 8191851
-30.606 69.888 2.193 3003583
-31.200 69.581 2.210 3003583
-63.161 136.410 8.404 12616956
-47.860 99.409 3.119 16757844
-31.658 60.986 1.892 8191851
-55.691 115.572 2.797 16757844
-40.003 83.959 2.916 3003583
-60.011 138.059 3.938 16757844
-47.255 106.711 5.992 12616956
-37.908 71.267 2.409 8191851
-50.814 114.145 2.951 16757844
-46.123 105.125 4.813 16757844
-46.965 106.005 5.659 12616956
-45.207 102.361 5.375 12616956
-39.386 76.663 2.727 3003583
-44.797 101.496 4.817 16757844
-48.322 108.646 6.036 16739210
-46.394 104.855 3.708 16757844
-44.625 101.057 5.124 12616956
-45.606 104.020 3.774 16757844
-44.025 99.676 5.854 16739210
-44.675 101.207 4.942 16376911
-42.209 79.606 2.816 8191851
-44.551 101.606 3.966 16757844
-43.487 104.686 4.430 16376911
-40.391 66.022 2.372 3003583
-44.745 101.300 5.512 16739210
-43.504 99.402 5.474 16739210
-42.665 79.508 2.811 8191851
-43.832 99.302 5.579 16739210
-43.823 100.011 4.478 16757844
-43.606 99.632 4.120 16757844
-43.685 104.711 4.926 16376911
-43.757 68.415 6.914 3718648
-41.739 121.418 6.899 16739210
-42.838 98.126 5.461 16739210
-42.010 100.295 5.273 12616956
-42.377 96.144 5.708 16739210
-45.598 65.666 6.617 6737151
-46.151 68.009 6.489 6737151
-41.696 100.321 4.869 16376911
-38.665 125.603 7.947 12616956
-49.424 64.285 7.466 3718648
-44.194 86.398 2.999 8191851
-46.331 75.641 3.479 3003583
-46.340 76.569 2.883 3003583
-41.466 99.091 5.311 16739210
-40.662 98.620 3.770 16376911
-41.693 94.828 5.304 16739210
-40.426 98.182 3.809 16376911
-41.451 94.289 5.444 16739210
-41.449 94.194 5.602 12616956
-39.867 96.899 2.897 16376911
-39.869 96.932 3.495 16757844
-51.218 69.393 5.839 3718648
-47.751 83.894 5.077 6737151
-47.632 84.395 3.396 8191851
-47.131 85.385 2.974 3003583
-47.869 84.890 3.465 8191851
-47.814 83.896 4.581 8191851
-41.840 95.970 4.569 16376911
-40.904 97.983 5.267 16739210
-49.711 83.407 4.928 6737151
-42.100 95.735 4.833 16376911
-40.314 97.930 3.947 16376911
-63.049 58.468 6.971 6737151
-40.205 97.739 3.958 16376911
-40.101 97.432 3.072 16376911
-46.920 89.167 3.026 8191851
-40.050 96.981 4.746 16757844
-49.133 87.531 4.682 3003583
-49.160 87.660 3.190 3003583
-51.252 86.071 4.205 3003583
-51.306 86.252 3.751 3003583
-41.530 94.353 5.637 16739210
-39.369 95.264 4.836 16757844
-41.190 93.803 5.083 12616956
-51.103 90.810 5.167 6737151
-50.795 91.086 4.306 8191851
-51.083 91.166 5.504 3718648
-53.593 91.032 4.031 8191851
-40.687 93.309 5.456 12616956
-50.930 91.534 3.230 3003583
-53.238 91.294 5.262 3718648
-92.073 91.574 5.723 6737151
-54.018 92.159 4.745 3003583
-54.132 92.219 4.444 3003583
-54.449 92.846 3.185 8191851
-51.429 92.502 4.040 3003583
-54.700 93.314 3.912 8191851
-51.340 93.035 3.133 3003583
-54.293 92.918 4.852 8191851
-89.563 97.663 1.225 3003583
-37.473 91.844 3.528 16757844
-37.544 91.799 4.462 16757844
-52.422 94.618 3.474 8191851
-37.890 91.452 5.242 16739210
-25.525 86.655 3.890 16376911
-49.298 94.210 4.019 8191851
-56.376 97.027 4.060 8191851
-40.177 91.496 5.409 16739210
-56.735 97.841 4.488 3003583
-55.556 95.527 4.795 8191851
-24.412 86.784 4.542 16376911
-55.775 95.797 4.502 8191851
-52.845 95.568 4.992 8191851
-49.907 94.623 4.168 3003583
-25.126 87.595 6.252 12616956
-52.958 95.787 4.989 8191851
-49.682 94.988 4.346 8191851
-53.416 96.034 4.518 3003583
-47.943 94.329 3.093 8191851
-49.375 94.685 4.229 3003583
-48.046 94.259 3.873 3003583
-53.218 96.439 5.796 6737151
-49.763 95.096 4.456 3003583
-58.058 100.690 4.353 3003583
-48.017 94.500 3.851 3003583
-57.451 100.621 5.465 6737151
-99.576 119.699 7.649 3718648
-57.196 99.218 4.945 8191851
-48.787 95.070 4.270 3003583
-27.118 83.018 5.886 16739210
-55.024 100.048 4.759 3003583
-54.344 97.920 4.482 8191851
-48.891 95.984 4.346 8191851
-47.461 95.052 3.114 8191851
-54.608 99.471 5.954 6737151
-38.894 89.012 3.102 16376911
-39.318 89.690 5.894 12616956
-56.309 103.060 4.664 3003583
-57.919 101.412 5.382 3718648
-55.923 102.420 4.775 6737151
-54.801 100.010 5.598 6737151
-56.432 103.365 4.368 3003583
-55.231 100.675 4.982 3718648
-60.895 106.069 3.811 3003583
-55.384 101.042 5.305 3718648
-55.896 101.463 4.284 8191851
-38.848 87.969 2.921 16376911
-100.226 140.979 7.740 3718648
-47.001 95.606 3.103 8191851
-56.766 104.176 4.027 3003583
-75.434 128.065 2.730 3003583
-50.788 100.124 3.097 8191851
-68.825 118.338 2.911 3003583
-52.917 102.330 3.102 3003583
-60.314 110.610 4.694 8191851
-32.862 79.165 2.563 16376911
-73.441 131.140 2.865 3003583
-64.826 117.450 3.236 8191851
-62.120 120.682 2.486 3003583
-54.497 109.253 3.008 3003583
-77.401 147.233 2.366 8191851
-69.835 143.613 2.190 3003583
-50.916 108.774 4.009 3003583
-40.892 86.274 2.946 16376911
-72.452 147.811 2.320 8191851
-41.204 86.123 2.953 16376911
-62.188 127.866 2.598 8191851
-49.231 110.642 4.312 3003583
-41.662 85.918 2.958 16376911
-40.127 82.458 2.878 16757844
-57.257 136.751 2.504 3003583
-62.559 139.437 6.492 6737151
-48.222 107.705 2.984 8191851
-39.142 78.319 3.650 16757844
-50.042 109.585 4.266 8191851
-47.003 106.653 4.198 3003583
-45.989 102.180 3.031 8191851
-45.694 99.429 3.050 3003583
-49.026 110.463 3.779 8191851
-39.426 59.781 7.206 12616956
-47.529 114.371 5.773 3718648
-45.097 102.936 4.573 3003583
-47.508 107.253 5.038 3718648
-46.072 107.846 2.965 8191851
-44.579 96.893 3.021 8191851
-45.888 109.819 3.479 3003583
-45.595 107.875 2.957 8191851
-41.978 72.817 2.559 16376911
-44.307 96.919 3.017 8191851
-43.479 70.162 6.534 12616956
-42.459 68.811 5.070 16757844
-44.587 107.072 3.704 3003583
-45.194 102.237 5.218 6737151
-45.000 102.722 4.755 3718648
-43.921 99.368 6.137 3718648
-42.615 65.406 5.265 16376911
-44.231 99.561 3.032 3003583
-44.315 77.442 3.158 16376911
-43.544 103.601 5.325 3718648
-43.937 99.542 5.764 6737151
-43.898 105.138 2.947 3003583
-43.213 103.926 4.544 6737151
-43.074 103.837 3.959 3003583
-43.595 61.329 7.004 16739210
-45.185 71.755 5.728 16376911
-42.794 103.217 4.129 3003583
-43.155 97.955 5.234 6737151
-43.161 97.888 3.474 3003583
-42.766 102.170 5.151 6737151
-42.768 98.056 4.633 3003583
-43.080 96.827 2.988 8191851
-41.756 100.305 4.959 6737151
-47.078 83.225 5.704 12616956
-47.092 83.335 5.464 12616956
-41.647 100.730 4.182 3003583
-41.634 100.641 4.430 3003583
-46.221 85.415 2.961 16376911
-46.667 82.711 3.157 16757844
-41.924 100.094 5.315 6737151
-41.525 99.830 4.997 3718648
-47.949 79.188 4.543 16757844
-41.290 99.985 3.313 8191851
-41.692 99.642 5.294 6737151
-42.635 96.761 6.045 6737151
-47.829 79.988 5.265 16376911
-47.361 83.768 3.311 16757844
-49.045 81.391 3.601 16376911
-42.342 97.034 3.634 3003583
-40.994 99.306 4.270 3003583
-41.432 99.929 4.729 3718648
-41.106 98.754 5.135 3718648
-40.812 98.654 4.820 6737151
-48.095 84.152 5.413 16739210
-48.253 86.376 3.009 16376911
-40.292 97.789 4.271 8191851
-40.274 97.919 3.578 8191851
-40.820 98.113 5.044 6737151
-40.341 98.040 3.051 3003583
-40.294 97.663 4.426 3003583
-48.787 86.771 4.938 16757844
-50.570 84.585 4.283 16757844
-41.859 95.108 5.761 6737151
-39.589 96.283 4.323 8191851
-51.271 85.962 3.334 16757844
-51.405 86.639 4.583 16376911
-50.001 88.479 5.218 16757844
-39.529 96.168 4.134 8191851
-49.811 88.689 3.188 16376911
-51.857 87.361 3.980 16376911
-41.132 94.528 4.713 3003583
-52.016 87.748 3.430 16757844
-49.915 89.326 5.954 12616956
-52.631 89.154 4.609 16376911
-50.296 90.161 5.950 12616956
-52.684 90.255 5.301 16757844
-52.928 90.088 4.935 16757844
-52.933 89.647 4.386 16757844
-50.648 90.883 5.827 16739210
-52.548 90.039 5.403 16376911
-51.100 90.591 5.486 16739210
-40.686 93.535 4.707 3003583
-38.587 94.115 4.240 3003583
-38.574 94.057 3.968 3003583
-38.456 93.920 3.235 3003583
-53.613 91.060 4.368 16757844
-39.785 93.352 2.851 8191851
-53.815 92.190 5.098 16757844
-90.777 86.911 5.368 16757844
-54.054 92.107 3.344 16757844
-40.773 92.861 4.496 8191851
-48.638 93.226 3.789 16376911
-54.857 93.703 3.205 16757844
-24.082 88.958 2.605 8191851
-51.915 93.372 5.367 16739210
-52.027 93.825 6.113 12616956
-22.316 88.681 0.011 8191851
-23.830 87.201 2.554 8191851
-23.535 90.125 3.641 8191851
-40.442 92.017 3.148 8191851
-24.857 87.248 5.369 3718648
-25.136 85.985 2.683 8191851
-55.826 95.852 4.187 16757844
-36.678 90.069 4.094 8191851
-40.349 91.889 5.949 6737151
-36.791 90.394 3.284 8191851
-53.286 96.554 5.734 12616956
-53.280 95.571 4.719 16757844
-48.904 94.326 4.093 16757844
-61.319 98.793 5.397 16376911
-56.602 97.541 4.635 16757844
-57.729 100.238 4.731 16376911
-26.457 86.125 4.276 3718648
-57.687 100.154 4.823 16757844
-36.639 88.826 5.196 3718648
-48.155 95.042 4.147 16757844
-49.097 95.624 4.534 16757844
-58.433 101.746 4.794 16757844
-94.574 121.539 7.649 16376911
-40.634 90.577 2.962 8191851
-54.558 99.254 5.747 16739210
-55.179 99.858 4.586 16757844
-54.748 99.167 5.543 16739210
-54.697 99.337 5.541 16739210
-38.372 88.503 5.026 3718648
-54.604 99.482 5.537 16739210
-55.310 100.877 5.830 16739210
-49.594 97.415 3.105 16376911
-56.024 102.893 3.208 16376911
-55.871 101.481 4.951 16376911
-63.973 110.721 5.867 12616956
-55.626 101.592 5.615 16739210
-63.141 110.971 3.085 16757844
-62.966 112.813 5.997 16376911
-32.369 79.439 7.033 6737151
-32.323 78.489 7.135 6737151
-74.685 131.017 3.346 16757844
-33.885 78.053 2.581 8191851
-34.526 80.104 3.152 3003583
-39.971 87.124 2.940 3003583
-71.253 136.677 2.191 16376911
-66.594 134.806 8.127 12616956
-57.474 115.746 8.384 12616956
-60.488 135.924 3.570 16376911
-62.153 136.491 8.240 16739210
-55.478 117.670 2.735 16757844
-60.656 138.109 6.007 12616956
-50.582 114.779 6.303 12616956
-62.381 139.310 7.532 16739210
-38.594 77.755 3.269 3003583
-48.772 107.660 2.983 16376911
-53.175 123.175 8.228 16739210
-47.377 107.879 5.450 12616956
-50.978 114.774 4.461 16757844
-54.260 143.470 6.763 12616956
-37.270 68.389 2.327 3003583
-60.691 141.768 6.651 16739210
-40.751 78.960 2.813 3003583
-48.012 108.501 4.934 16376911
-46.496 109.931 5.481 12616956
-46.416 110.329 5.085 16757844
-40.414 58.758 2.051 8191851
-49.209 118.425 8.071 12616956
-41.917 65.526 2.661 8191851
-45.515 102.960 4.595 16757844
-40.762 62.766 5.058 6737151
-42.885 68.001 3.776 3003583
-44.534 100.865 4.959 16757844
-41.566 54.642 8.489 3718648
-45.226 102.298 6.012 12616956
-45.342 103.272 4.401 16757844
-44.493 100.658 6.009 16739210
-40.844 64.667 6.050 6737151
-44.778 101.400 4.140 16757844
-44.584 101.600 4.117 16757844
-43.460 69.373 2.688 3003583
-44.390 100.518 5.040 16376911
-44.377 101.963 3.179 16757844
-43.918 99.324 5.496 16739210
-43.275 102.925 5.404 12616956
-44.268 103.156 2.947 16757844
-43.497 103.967 5.019 12616956
-43.778 69.878 3.755 8191851
-44.504 85.499 2.982 3003583
-43.568 98.650 5.693 16739210
-42.664 102.803 4.466 16376911
-42.591 102.415 4.700 16757844
-46.392 66.506 8.625 6737151
-38.487 133.601 7.199 16739210
-46.128 80.381 4.520 3003583
-43.620 104.039 5.151 16739210
-45.844 79.368 4.553 8191851
-43.451 103.696 5.138 16739210
-43.289 103.417 5.126 16739210
-51.023 67.149 4.527 3003583
-46.138 81.182 5.184 3718648
-42.564 102.643 4.356 16757844
-43.203 98.341 5.492 12616956
-37.874 127.525 7.237 16739210
-41.862 100.858 4.704 16757844
-43.027 97.679 3.536 16376911
-46.601 82.123 4.402 3003583
-47.588 78.991 4.993 3718648
-41.956 100.651 4.985 16376911
-42.767 96.950 5.959 16739210
-41.566 100.130 4.751 16757844
-42.487 97.392 5.520 16739210
-41.231 99.890 3.832 16376911
-41.093 99.019 4.865 16757844
-41.314 100.124 3.354 16757844
-41.218 99.211 4.908 12616956
-41.489 99.180 5.301 16739210
-41.170 98.901 5.094 16739210
-41.087 99.160 4.668 16376911
-47.772 84.858 6.034 3718648
-47.965 85.101 3.197 8191851
-49.127 83.170 2.810 8191851
-47.298 87.301 2.996 3003583
-48.327 85.910 5.475 6737151
-41.362 99.997 4.363 16376911
-49.958 88.392 5.308 6737151
-43.089 97.468 5.468 12616956
-41.219 99.147 4.976 12616956
-52.049 87.803 4.351 8191851
-40.850 99.135 3.991 16376911
-40.701 98.819 4.006 16376911
-40.725 98.720 3.167 16376911
-47.778 91.952 4.006 3003583
-41.216 98.708 5.253 12616956
-51.516 87.890 5.316 3718648
-47.268 92.786 3.685 8191851
-52.261 88.222 4.223 3003583
-40.531 97.915 4.704 16757844
-52.598 88.784 3.346 8191851
-40.636 97.835 4.985 12616956
-40.796 97.680 5.289 16739210
-40.505 97.405 5.071 12616956
-53.071 89.923 4.077 8191851
-52.865 90.729 5.367 6737151
-47.599 93.129 4.225 3003583
-40.396 96.899 5.282 16739210
-51.663 91.972 5.515 3718648
-39.855 96.886 3.720 16757844
-47.773 93.619 4.240 3003583
-42.116 95.606 5.619 16739210
-42.071 95.518 5.623 16739210
-47.911 93.863 4.227 3003583
-42.048 95.616 4.679 16757844
-48.097 94.023 4.448 8191851
-52.233 93.266 5.522 3718648
-47.961 93.987 4.222 3003583
-65.740 91.861 4.372 3003583
-52.145 93.934 5.334 3718648
-41.866 95.095 5.657 16739210
-54.599 93.484 4.823 8191851
-64.232 93.523 1.682 8191851
-55.089 94.712 4.921 3003583
-48.184 94.491 4.185 3003583
-38.971 94.962 4.238 16757844
-41.655 94.642 5.714 16739210
-41.644 94.706 5.218 12616956
-55.584 95.383 3.627 3003583
-55.635 96.558 5.396 6737151
-48.515 95.136 4.094 3003583
-52.893 95.647 5.394 3718648
-55.705 95.641 4.590 8191851
-56.493 97.269 4.320 3003583
-56.451 97.314 4.665 3003583
-49.032 95.675 3.167 8191851
-55.502 96.150 5.333 3718648
-56.601 97.504 4.307 3003583
-38.037 93.103 2.806 16376911
-41.325 93.920 5.835 16739210
-56.104 96.678 4.819 8191851
-53.579 97.160 3.421 8191851
-38.127 92.744 2.810 16376911
-37.831 92.572 3.805 16376911
-49.070 96.134 3.091 8191851
-54.255 97.958 5.159 6737151
-41.192 93.725 4.912 16376911
-102.172 117.021 7.348 3718648
-57.463 99.824 4.888 6737151
-51.907 97.500 3.078 3003583
-40.462 93.037 4.393 16757844
-57.274 99.962 5.274 3718648
-58.877 102.348 3.811 8191851
-48.821 96.683 3.092 8191851
-23.344 85.658 7.390 12616956
-59.077 102.935 4.338 3003583
-54.387 99.960 3.051 8191851
-100.303 119.216 7.964 6737151
-24.875 86.049 6.488 12616956
-93.200 123.259 3.027 3003583
-55.949 101.376 4.848 6737151
-27.145 86.677 6.324 12616956
-25.835 84.631 2.716 16757844
-25.955 85.263 4.235 16376911
-55.101 100.389 5.548 6737151
-55.447 101.391 3.284 3003583
-96.701 131.896 8.550 3718648
-59.528 105.366 2.982 8191851
-87.087 122.620 2.277 3003583
-53.400 101.091 3.056 8191851
-56.621 103.784 3.628 3003583
-101.263 143.315 7.240 3718648
-97.732 145.275 3.273 3003583
-34.827 86.100 3.933 16376911
-93.053 138.137 3.898 6737151
-99.201 144.670 8.875 3718648
-39.863 90.223 2.956 16376911
-38.130 88.012 5.398 12616956
-98.890 137.390 6.349 3718648
-34.202 84.643 2.890 16376911
-28.054 80.041 5.773 16739210
-52.187 102.093 3.064 8191851
-69.926 117.929 3.022 3003583
-33.815 83.668 2.772 16376911
-29.910 79.826 7.951 16739210
-93.915 146.471 6.950 3718648
-67.164 118.780 2.652 3003583
-63.753 112.110 3.668 8191851
-38.942 88.796 5.488 16739210
-38.527 88.235 3.104 16757844
-60.678 111.507 2.761 3003583
-93.016 147.158 5.676 3718648
-96.027 145.987 2.825 8191851
-72.757 132.819 4.753 6737151
-47.610 98.092 3.085 8191851
-94.352 146.546 7.801 6737151
-86.884 149.551 8.294 3718648
-86.612 149.745 5.072 6737151
-92.810 147.184 4.432 3718648
-66.173 124.389 2.256 3003583
-52.799 105.215 3.069 3003583
-47.316 98.303 3.078 8191851
-84.803 150.436 5.416 3718648
-87.334 149.483 5.897 3718648
-76.834 147.828 1.992 3003583
-71.968 132.185 2.333 8191851
-84.033 150.787 7.378 6737151
-56.199 117.921 2.637 8191851
-64.609 127.888 2.452 3003583
-58.463 121.404 2.620 3003583
-48.236 100.911 3.093 3003583
-46.737 98.637 3.058 8191851
-70.306 148.994 2.258 8191851
-42.285 88.290 2.986 16376911
-59.215 138.089 3.285 3003583
-48.297 103.985 3.040 8191851
-71.330 154.952 2.326 8191851
-47.313 101.299 3.073 3003583
-50.805 114.805 3.835 3003583
-62.273 139.472 6.335 6737151
-68.270 158.346 3.698 3718648
-49.931 108.658 4.034 8191851
-46.005 98.904 3.037 8191851
-48.712 110.797 3.580 3003583
-60.125 141.040 4.016 3718648
-46.868 106.236 3.843 8191851
-48.007 106.858 3.018 3003583
-50.769 114.769 5.528 6737151
-48.072 108.305 5.730 6737151
-56.722 138.954 5.063 3718648
-47.542 107.285 5.220 3718648
-49.141 111.339 3.832 8191851
-47.148 106.529 4.372 8191851
-46.877 105.648 3.223 3003583
-47.935 108.532 4.678 3718648
-45.942 103.833 5.658 3718648
-41.176 64.550 7.260 16739210
-46.529 110.885 4.763 6737151
-45.410 99.017 3.018 8191851
-46.274 109.996 5.124 3718648
-39.900 60.013 6.985 16739210
-42.198 64.100 7.316 16739210
-39.006 60.319 8.389 12616956
-45.224 99.037 3.011 8191851
-46.238 110.588 4.117 8191851
-46.225 105.070 4.976 3718648
-45.236 62.812 7.307 12616956
-45.459 101.645 3.034 3003583
-46.373 119.461 6.184 6737151
-46.659 111.306 4.566 3718648
-41.225 63.513 8.086 12616956
-44.933 87.490 2.991 16376911
-45.196 103.152 4.333 3003583
-45.204 108.278 3.406 3003583
-44.895 78.769 3.748 16757844
-44.187 69.169 6.650 16739210
-45.577 87.470 2.996 16376911
-43.874 105.519 4.288 3003583
-44.565 101.049 3.186 3003583
-46.352 70.841 8.265 12616956
-43.843 105.361 4.604 8191851
-43.823 105.379 3.203 3003583
-46.710 83.232 2.917 16757844
-43.401 104.498 3.797 3003583
-43.526 104.724 4.211 8191851
-52.561 69.100 5.846 16757844
-31.065 136.468 3.627 6737151
-43.919 99.363 5.484 6737151
-42.927 102.743 5.044 3718648
-47.782 83.866 4.156 16757844
-51.495 63.419 8.420 12616956
-48.733 80.854 4.551 16757844
-42.490 102.513 4.286 3003583
-42.488 102.411 4.479 8191851
-49.225 81.685 4.015 16757844
-42.520 102.074 4.852 3718648
-41.982 101.276 4.601 3003583
-49.966 83.408 3.612 16376911
-48.592 86.708 6.044 16739210
-42.085 101.625 3.704 3003583
-42.209 100.962 5.245 6737151
-41.860 101.118 3.761 3003583
-42.036 101.381 4.558 8191851
-47.122 91.469 3.902 16376911
-50.911 85.347 4.235 16757844
-51.140 87.145 5.312 16757844
-49.562 88.567 5.928 16739210
-51.090 85.720 4.253 16757844
-41.205 99.828 3.875 3003583
-47.214 92.348 4.070 16376911
-41.196 99.587 4.600 8191851
-40.994 99.276 3.921 3003583
-51.975 87.622 4.333 16757844
-50.290 89.967 3.767 16757844
-41.527 97.408 2.865 8191851
-40.485 98.184 3.273 3003583
-47.657 93.043 4.388 16757844
-42.154 96.738 5.517 3718648
-40.484 98.010 4.462 3003583
-50.568 90.902 5.484 16739210
-51.098 91.868 5.824 16739210
-41.163 96.819 2.853 8191851
-51.058 91.780 5.959 12616956
-42.249 96.031 4.318 8191851
-51.182 91.944 5.489 16739210
-78.680 78.832 7.283 16739210
-42.062 95.853 5.474 3718648
-51.369 92.418 5.487 16739210
-42.204 95.819 5.701 6737151
-40.026 96.345 5.154 6737151
-41.648 95.671 5.531 3718648
-40.810 95.756 2.851 8191851
-39.348 95.785 3.685 8191851
-54.768 93.952 4.878 16376911
-54.771 93.500 3.962 16376911
-52.154 94.085 5.865 16739210
-54.779 93.496 3.379 16757844
-41.931 95.229 5.747 6737151
-39.023 95.080 3.629 8191851
-52.300 94.432 6.021 12616956
-38.912 94.836 3.881 3003583
-52.828 95.488 5.937 16739210
-53.006 95.918 5.608 12616956
-52.899 95.584 5.095 16757844
-52.875 95.626 5.644 16739210
-52.575 95.626 3.074 16376911
-55.855 96.530 5.101 16757844
-55.742 96.363 5.163 16757844
-53.385 96.741 5.642 12616956
-52.443 96.352 3.073 16376911
-38.311 93.585 3.958 8191851
-56.337 97.212 4.902 16757844
-38.426 93.668 4.366 3003583
-56.236 97.911 5.429 12616956
-37.963 92.742 3.341 8191851
-56.795 97.991 4.680 16757844
-54.280 97.895 5.332 12616956
-37.899 92.594 3.874 8191851
-56.394 98.225 5.503 16376911
-23.973 88.507 2.963 3003583
-57.954 100.965 5.089 16757844
-53.907 97.851 5.639 16739210
-57.682 100.583 5.169 16757844
-57.883 100.929 5.171 16757844
-37.103 90.974 3.041 8191851
-41.408 93.071 2.975 8191851
-38.655 91.731 2.838 3003583
-56.075 102.384 4.720 16376911
-39.586 91.131 4.980 6737151
-96.394 131.040 6.977 16757844
-36.728 89.298 5.023 3718648
-55.422 101.033 5.520 16739210
-90.166 131.348 4.026 16376911
-54.305 101.124 3.062 16757844
-56.037 102.418 5.181 16376911
-66.835 112.178 3.677 16376911
-50.667 99.455 3.091 16376911
-93.383 139.189 3.806 16376911
-98.782 144.794 7.075 16757844
-95.115 141.730 3.738 16376911
-39.877 90.835 3.869 3003583
-97.277 145.482 7.015 16757844
-50.101 99.937 3.100 16376911
-92.278 147.357 8.463 12616956
-99.058 144.736 6.231 16376911
-63.890 112.821 3.091 16757844
-97.513 145.375 6.178 16376911
-63.086 112.707 5.916 16376911
-95.939 145.957 7.802 16376911
-64.821 116.966 3.465 16376911
-91.132 147.952 3.921 16757844
-93.218 147.065 7.683 16376911
-31.075 77.008 6.704 3718648
-94.326 146.626 8.148 16739210
-90.598 148.128 4.316 16757844
-83.253 151.144 6.488 16757844
-84.355 150.502 8.508 12616956
-67.543 123.934 2.195 16757844
-86.635 149.734 5.811 16376911
-88.262 149.059 4.658 16376911
-72.349 137.853 2.201 16376911
-78.142 142.899 4.241 16757844
-39.970 86.110 2.903 8191851
-38.020 83.394 2.823 3003583
-66.864 134.793 8.209 16739210
-37.552 77.224 3.882 3003583
-40.813 85.630 2.922 8191851
-67.138 155.769 7.447 12616956
-59.558 138.756 4.530 16757844
-64.662 150.202 4.810 16757844
-62.367 139.774 4.026 16757844
-50.419 109.311 4.257 16757844
-49.315 108.674 3.107 16376911
-37.963 72.466 2.522 3003583
-49.383 110.387 2.885 16376911
-59.718 141.226 7.309 16739210
-66.828 154.950 4.074 16376911
-48.124 108.428 5.459 12616956
-52.863 144.019 6.575 12616956
-59.230 141.449 5.324 16376911
-47.390 106.942 4.539 16757844
-48.867 110.983 4.150 16757844
-50.590 114.765 6.008 16739210
-47.937 108.040 5.902 16739210
-46.216 105.056 5.448 12616956
-47.457 107.040 5.811 16739210
-48.570 109.298 4.655 16376911
-46.389 104.771 5.497 16739210
-46.837 104.816 3.029 16757844
-46.863 105.774 5.699 16739210
-40.569 63.436 6.002 3718648
-45.865 108.654 5.310 12616956
-47.583 112.464 5.273 16376911
-47.355 107.482 4.959 16376911
-45.230 102.363 5.275 12616956
-40.789 64.229 6.161 6737151
-46.152 105.095 3.987 16757844
-45.653 108.046 5.362 12616956
-44.880 101.608 5.074 12616956
-46.146 105.089 4.690 16376911
-45.389 102.617 5.766 12616956
-44.721 101.264 5.203 12616956
-46.289 109.663 5.268 16739210
-45.187 87.670 3.011 3003583
-45.157 102.930 4.666 16757844
-44.831 101.464 4.031 16376911
-45.521 90.797 3.046 8191851
-44.912 66.552 6.171 6737151
-44.768 107.386 4.244 16757844
-44.544 101.582 4.801 16757844
-44.800 101.434 4.552 16757844
-44.798 101.432 3.658 16757844
-46.674 76.332 3.951 3003583
-46.666 82.118 3.163 3003583
-44.749 101.320 5.387 12616956
-41.204 120.041 3.036 16376911
-44.034 105.059 2.925 16757844
-46.963 82.007 3.150 3003583
-44.112 100.851 5.420 16739210
-43.288 103.115 5.274 12616956
-48.803 81.741 5.102 6737151
-42.988 103.338 4.690 16757844
-48.732 80.562 3.366 8191851
-48.203 79.695 4.537 8191851
-42.995 103.128 4.934 12616956
-43.915 100.478 5.242 16739210
-43.934 99.851 4.407 16757844
-42.314 101.391 5.021 12616956
-42.288 101.867 4.567 16757844
-42.033 101.150 4.855 16757844
-42.187 102.021 3.367 16757844
-43.558 98.626 5.563 12616956
-42.161 101.268 4.936 16376911
-49.767 82.940 3.941 8191851
-47.238 91.862 4.330 3003583
-47.140 92.351 3.855 3003583
-47.541 92.507 3.053 8191851
-49.986 88.472 5.100 6737151
-49.212 87.439 4.572 8191851
-51.144 86.935 5.191 6737151
-44.036 99.676 5.795 16739210
-50.271 89.315 4.120 8191851
-48.108 93.038 3.151 8191851
-48.340 92.942 3.060 8191851
-42.508 101.211 5.355 16739210
-42.512 101.493 5.223 16739210
-52.228 88.218 3.168 8191851
-42.463 101.769 4.953 16739210
-51.107 90.872 5.118 6737151
-41.881 101.191 3.983 16376911
-43.413 99.292 3.818 16376911
-52.431 88.703 4.549 3003583
-50.849 91.452 5.489 3718648
-51.131 90.933 5.390 3718648
-51.098 91.794 3.206 3003583
-49.392 93.915 3.054 8191851
-51.806 92.387 5.511 3718648
-54.231 92.427 3.814 3003583
-54.232 92.579 4.620 3003583
-40.748 98.196 4.943 12616956
-50.057 95.243 3.060 8191851
-40.540 98.325 4.041 16376911
-43.010 97.334 5.594 16739210
-50.167 95.700 3.063 8191851
-52.728 94.930 3.219 3003583
-52.584 95.042 6.063 6737151
-65.114 92.253 2.502 3003583
-53.093 95.958 4.521 8191851
-92.139 91.663 4.963 6737151
-55.228 94.700 4.660 8191851
-55.609 95.872 4.988 6737151
-52.887 95.941 3.215 3003583
-53.186 96.266 4.408 3003583
-55.342 95.801 5.324 3718648
-56.431 97.434 4.907 3003583
-56.055 96.459 4.563 3003583
-39.809 96.813 3.621 16757844
-42.030 96.405 4.318 16376911
-50.199 97.003 3.071 8191851
-61.476 98.533 4.577 3003583
-53.810 97.627 3.595 8191851
-41.894 96.119 4.552 16376911
-41.954 96.308 5.546 12616956
-53.787 97.639 5.675 6737151
-54.305 97.836 5.217 3718648
-57.572 99.533 4.156 8191851
-56.605 97.715 4.838 8191851
-54.181 98.428 3.497 8191851
-57.324 99.233 4.665 3003583
-39.383 95.597 4.604 16757844
-54.346 97.839 5.067 3718648
-57.038 98.934 5.012 8191851
-57.662 99.775 4.286 3003583
-39.549 95.316 5.059 16739210
-54.997 100.119 4.866 3003583
-38.577 94.174 3.771 16376911
-54.673 99.486 4.206 3003583
-55.057 100.246 4.690 3003583
-58.649 101.884 4.158 3003583
-55.213 100.639 4.912 6737151
-55.641 101.475 4.191 8191851
-59.058 102.686 3.442 8191851
-41.668 94.630 5.504 16739210
-61.303 105.120 3.081 8191851
-58.869 102.359 4.378 8191851
-56.603 103.647 4.015 8191851
-55.969 101.350 4.506 8191851
-55.940 101.389 4.766 8191851
-55.023 102.490 3.008 8191851
-93.869 124.777 9.247 6737151
-94.533 126.570 9.331 6737151
-95.024 127.688 7.351 3718648
-56.251 103.388 3.278 3003583
-91.427 133.878 3.772 3003583
-56.780 104.081 3.789 3003583
-94.778 126.872 7.674 6737151
-92.146 135.818 3.707 3003583
-54.348 103.212 3.009 8191851
-63.930 110.815 5.202 6737151
-27.188 82.776 6.141 16739210
-41.214 93.788 5.292 12616956
-40.907 92.747 3.101 16376911
-96.521 131.369 6.352 3718648
-27.841 82.271 6.149 16739210
-63.900 110.777 5.335 3718648
-62.570 109.773 3.020 3003583
-60.660 109.927 2.723 8191851
-64.813 112.216 3.627 3003583
-92.185 136.076 2.990 8191851
-94.021 147.160 4.939 6737151
-40.192 92.488 5.426 12616956
-96.123 145.853 5.415 6737151
-93.647 136.091 4.782 3718648
-63.507 112.987 3.617 3003583
-92.779 138.486 1.785 8191851
-95.163 146.223 5.794 3718648
-88.267 149.040 6.360 6737151
-63.644 114.988 2.530 3003583
-38.286 88.399 5.283 12616956
-63.197 115.159 2.535 3003583
-71.712 127.344 2.088 3003583
-50.640 101.904 3.085 3003583
-50.547 101.946 3.090 3003583
-93.250 146.688 6.137 3718648
-86.146 149.872 8.231 3718648
-64.451 116.989 3.514 8191851
-72.871 129.632 2.389 3003583
-74.467 128.762 2.666 8191851
-48.304 100.074 3.070 8191851
-64.925 126.089 2.329 3003583
-79.268 149.526 2.046 3003583
-70.177 140.834 3.412 3003583
-58.279 115.247 2.724 3003583
-47.920 100.314 3.064 8191851
-49.423 102.685 3.072 3003583
-42.659 90.449 2.982 16376911
-29.931 67.980 2.063 16757844
-30.344 67.808 2.079 16757844
-50.266 108.459 3.814 8191851
-65.222 134.685 2.372 8191851
-62.404 145.632 5.812 3718648
-62.303 139.595 4.974 3718648
-59.339 139.303 4.636 6737151
-50.066 108.380 3.645 3003583
-51.604 120.676 5.178 6737151
-49.934 108.852 4.079 3003583
-48.665 110.009 4.136 3003583
-47.899 103.289 3.047 3003583
-51.696 120.719 5.324 3718648
-48.930 109.921 4.857 6737151
-46.765 100.771 3.029 8191851
-48.421 109.106 4.859 6737151
-48.644 110.509 3.771 3003583
-47.593 106.360 2.975 8191851
-51.662 118.640 3.460 8191851
-48.192 108.669 5.214 3718648
-42.540 65.066 5.673 16757844
-39.812 61.491 2.162 16757844
-47.213 111.929 5.134 3718648
-46.098 105.075 4.621 3003583
-47.898 108.539 4.154 8191851
-47.333 112.906 4.103 8191851
-46.149 104.262 3.410 8191851
-45.700 79.561 4.555 16376911
-46.059 104.990 4.673 6737151
-46.140 110.316 4.143 3003583
-45.653 89.459 3.009 16376911
-45.853 109.407 4.785 6737151
-45.773 103.519 4.055 8191851
-44.284 62.975 7.946 16739210
-45.404 79.293 4.338 16757844
-45.707 89.116 3.571 16757844
-45.686 109.381 4.265 8191851
-45.413 102.680 6.008 3718648
-47.531 78.927 5.006 16757844
-45.240 117.662 5.972 6737151
-45.277 108.399 4.582 8191851
-44.628 107.056 3.526 8191851
-46.594 90.801 4.230 16376911
-44.932 102.865 3.164 3003583
-54.289 52.650 6.606 12616956
-44.863 101.593 5.206 6737151
-44.696 101.136 5.744 3718648
-47.049 90.624 4.469 16757844
-50.127 84.046 4.738 16376911
-44.479 100.672 5.673 3718648
-48.840 86.059 4.620 16757844
-43.141 103.956 4.216 3003583
-44.433 100.237 3.149 8191851
-42.953 103.681 3.884 8191851
-44.254 100.208 5.930 6737151
-42.966 103.096 2.888 3003583
-44.119 99.920 5.572 3718648
-42.526 102.166 4.775 6737151
-42.871 103.284 4.385 8191851
-42.608 102.749 2.924 3003583
-42.479 102.783 2.894 3003583
-42.556 101.748 5.097 3718648
-42.537 101.413 5.322 3718648
-50.452 90.058 5.455 12616956
-42.161 101.806 4.044 8191851
-42.464 102.242 4.583 8191851
-42.078 101.663 4.052 8191851
-42.138 101.472 4.671 6737151
-51.544 87.474 5.004 16376911
-41.874 101.392 3.612 8191851
-42.044 101.541 4.182 3003583
-41.949 100.797 4.946 3718648
-43.704 98.963 5.472 3718648
-41.626 100.658 4.303 8191851
-42.102 100.527 5.287 3718648
-52.573 89.766 5.135 16757844
-51.077 90.823 4.946 16757844
-41.699 100.827 3.672 8191851
-50.810 91.229 5.682 16739210
-42.815 99.698 2.890 8191851
-43.615 98.886 3.460 8191851
-52.824 89.393 4.319 16757844
-41.723 100.861 3.932 3003583
-51.167 92.038 3.179 16376911
-53.193 90.035 3.341 16757844
-53.337 90.606 4.584 16376911
-51.665 92.655 3.185 16376911
-43.180 98.405 5.476 3718648
-51.645 93.023 5.960 12616956
-43.255 98.176 3.515 8191851
-53.988 91.879 4.378 16757844
-52.227 93.591 3.192 16376911
-40.859 99.094 3.728 8191851
-41.049 99.269 4.588 8191851
-43.106 97.870 4.634 8191851
-43.082 97.821 4.807 3003583
-43.126 97.831 4.085 3003583
-54.669 93.384 4.386 16757844
-40.693 98.494 4.617 8191851
-52.435 94.572 5.325 16739210
-40.367 97.291 4.940 3718648
-39.809 96.744 4.480 3003583
-39.731 96.594 4.258 8191851
-56.163 96.509 4.326 16757844
-56.045 96.730 4.980 16757844
-42.136 96.546 3.124 8191851
-40.138 96.246 5.319 3718648
-42.572 96.626 3.974 3003583
-55.988 97.112 5.271 16376911
-56.888 98.805 5.160 16757844
-56.932 98.626 4.968 16757844
-57.518 99.514 4.476 16376911
-54.147 98.340 3.566 16757844
-39.042 95.235 2.846 3003583
-57.511 100.204 5.163 16757844
-57.656 99.718 4.185 16757844
-57.868 100.531 4.878 16757844
-54.279 98.604 5.592 16739210
-55.080 100.321 5.038 16757844
-38.463 93.927 3.809 8191851
-38.497 93.915 4.178 3003583
-54.891 99.868 4.322 16757844
-55.883 102.127 5.559 12616956
-58.653 102.302 4.931 16757844
-94.019 124.883 7.201 12616956
-96.530 131.331 5.550 16757844
-40.810 92.893 4.677 3003583
-96.813 131.954 8.793 12616956
-63.907 110.756 5.628 16757844
-36.884 90.461 3.629 3003583
-92.796 128.575 4.845 16757844
-55.267 103.212 3.016 16757844
-27.395 82.321 6.025 6737151
-40.552 92.290 4.142 3003583
-91.502 134.085 3.345 16757844
-97.716 145.191 5.799 16757844
-93.065 146.976 8.461 12616956
-95.814 145.992 7.369 12616956
-64.421 116.556 3.612 16376911
-74.934 129.304 2.808 16376911
-73.688 131.902 3.980 16376911
-37.112 85.639 3.062 8191851
-37.973 87.529 4.026 3003583
-85.970 149.884 8.531 12616956
-88.902 148.818 5.916 16376911
-38.027 86.482 4.593 8191851
-76.168 136.987 4.420 16757844
-49.824 102.647 3.068 16376911
-78.982 142.987 3.002 16757844
-42.051 91.007 2.982 3003583
-56.977 115.888 8.416 16739210
-63.419 124.132 2.438 16757844
-66.787 134.648 8.085 16739210
-68.668 140.565 2.190 16376911
-38.626 81.216 2.767 8191851
-50.913 106.024 3.030 16757844
-50.448 106.228 3.021 16757844
-58.199 123.276 2.573 16757844
-60.701 141.392 6.745 12616956
-43.114 87.031 2.975 8191851
-50.021 108.554 3.868 16757844
-51.316 120.308 6.331 12616956
-49.715 108.729 3.852 16757844
-67.449 156.314 5.602 16376911
-41.212 67.329 2.394 8191851
-60.789 141.593 6.479 16739210
-43.982 86.641 2.966 8191851
-40.769 74.991 2.670 3003583
-57.171 142.290 5.001 16376911
-42.855 67.968 2.512 8191851
-43.346 83.375 2.930 3003583
-44.539 86.438 2.961 8191851
-47.511 111.998 5.391 12616956
-55.550 136.227 5.217 16376911
-41.844 59.968 8.328 3718648
-48.902 110.081 4.672 16376911
-46.997 106.048 3.690 16376911
-48.421 108.926 4.971 16376911
-48.105 108.331 5.502 16739210
-47.191 106.446 6.041 12616956
-47.060 110.941 5.426 12616956
-47.086 112.056 4.760 16757844
-46.123 105.081 4.567 16376911
-46.128 80.354 3.637 8191851
-46.290 104.504 5.994 16739210
-46.161 104.246 5.602 16739210
-47.161 112.417 4.488 16757844
-47.610 112.330 5.314 16739210
-45.696 79.116 4.355 8191851
-46.342 90.199 4.224 8191851
-46.261 89.888 4.324 3003583
-45.055 101.956 4.896 16757844
-45.227 102.254 5.640 16739210
-45.362 102.632 4.709 16757844
-48.446 86.067 4.794 3003583
-47.628 84.675 5.465 3718648
-45.144 102.060 5.842 12616956
-49.849 83.118 3.914 8191851
-44.036 105.875 3.616 16376911
-47.040 91.415 4.211 3003583
-44.398 103.708 2.905 16376911
-48.462 81.431 5.326 3718648
-44.276 101.231 4.874 16757844
-43.704 103.506 2.890 16376911
-44.779 101.387 4.752 16376911
-43.401 104.477 4.088 16757844
-44.565 100.896 4.926 16376911
-44.477 100.643 5.595 12616956
-42.984 103.413 4.571 16757844
-50.024 88.412 3.132 8191851
-51.146 85.720 3.566 8191851
-62.343 58.237 6.577 3718648
-62.261 55.797 6.902 3718648
-51.862 87.269 3.714 8191851
-51.990 87.661 3.751 8191851
-48.701 94.314 3.061 8191851
-50.681 90.959 5.862 3718648
-42.957 103.226 4.702 16757844
-44.760 101.385 4.761 16376911
-53.408 91.088 4.912 3003583
-53.273 90.349 4.150 3003583
-42.453 102.437 4.003 16376911
-53.387 90.657 3.683 3003583
-53.755 91.325 4.193 3003583
-53.831 91.589 3.738 3003583
-53.440 91.413 5.086 3718648
-54.245 92.431 4.232 3003583
-54.769 93.558 4.069 8191851
-54.766 93.790 4.778 3003583
-54.619 93.420 4.610 3003583
-54.978 94.046 4.258 3003583
-52.872 95.475 4.837 3003583
-53.079 95.135 3.195 3003583
-54.839 93.866 4.668 8191851
-53.106 95.204 3.196 3003583
-55.080 95.393 5.366 6737151
-43.793 99.211 5.603 16739210
-43.420 99.459 5.450 12616956
-55.268 95.289 4.998 6737151
-90.929 87.832 5.793 6737151
-50.894 97.164 3.053 8191851
-56.078 96.349 4.042 8191851
-55.928 96.073 4.239 3003583
-53.590 97.072 3.775 8191851
-56.514 97.380 4.696 3003583
-56.111 97.212 5.215 6737151
-50.986 97.955 3.056 8191851
-40.622 98.478 3.123 16376911
-56.934 98.181 4.434 3003583
-56.764 98.652 5.215 6737151
-54.389 98.829 3.633 8191851
-50.943 98.592 3.062 8191851
-53.979 98.658 3.117 3003583
-50.887 98.927 3.064 8191851
-57.997 100.485 3.804 8191851
-40.161 96.608 5.138 12616956
-58.321 101.168 4.301 3003583
-55.186 100.525 5.370 3718648
-57.646 101.422 2.964 8191851
-20.917 91.714 -0.608 16757844
-39.691 95.660 5.012 12616956
-39.327 95.657 4.260 16376911
-53.830 100.528 3.039 3003583
-39.869 96.499 4.792 16376911
-39.147 95.436 3.732 16376911
-55.633 101.542 5.215 3718648
-93.142 121.963 6.662 6737151
-56.143 102.667 4.910 6737151
-39.830 95.543 5.307 16739210
-93.540 123.851 4.175 3003583
-98.512 118.096 2.673 8191851
-61.315 106.836 3.724 8191851
-39.459 94.660 5.270 16739210
-50.386 100.237 3.064 8191851
-94.695 126.793 4.418 6737151
-96.930 132.191 6.766 6737151
-94.006 125.118 3.504 8191851
-94.620 126.710 9.310 6737151
-63.024 108.201 3.280 3003583
-97.054 132.786 7.125 3718648
-64.366 109.442 3.113 3003583
-93.645 135.941 5.228 6737151
-96.334 131.018 7.441 3718648
-62.821 110.377 2.745 8191851
-91.020 128.795 3.413 8191851
-55.292 104.964 2.966 8191851
-86.404 129.409 1.666 3003583
-100.389 140.947 8.873 3718648
-77.768 129.076 3.003 3003583
-101.287 143.638 6.067 3718648
-66.570 118.507 2.692 8191851
-36.745 90.178 3.646 16757844
-93.272 147.051 5.026 6737151
-100.246 140.430 8.061 6737151
-95.972 146.294 3.888 6737151
-91.847 134.920 2.155 8191851
-94.609 138.010 4.848 3718648
-94.183 146.630 5.448 6737151
-92.746 137.017 2.031 8191851
-96.296 145.383 5.914 3718648
-95.545 146.067 7.480 3718648
-41.965 93.098 2.953 16376911
-56.536 108.881 2.898 3003583
-90.104 145.792 4.237 8191851
-91.284 147.752 7.307 3718648
-26.426 78.706 6.130 16739210
-90.677 147.967 5.733 3718648
-73.077 129.377 2.567 3003583
-77.208 139.168 3.958 6737151
-88.587 146.558 4.571 3718648
-83.520 153.662 6.644 3718648
-78.487 142.194 2.922 8191851
-86.038 149.961 5.965 3718648
-83.660 154.917 2.317 8191851
-69.200 138.072 2.835 3003583
-51.595 109.946 3.832 8191851
-70.082 138.872 2.244 8191851
-68.492 158.308 4.278 6737151
-35.555 75.703 3.755 16757844
-50.512 108.251 3.638 8191851
-59.773 138.790 4.474 6737151
-66.226 151.548 2.046 3003583
-58.335 140.383 3.386 3003583
-44.349 91.658 3.016 16376911
-68.435 158.336 3.533 8191851
-51.608 120.671 3.580 3003583
-60.134 141.027 6.003 3718648
-59.825 141.336 7.576 6737151
-49.057 108.157 2.924 8191851
-58.320 138.499 2.979 8191851
-56.994 130.233 3.605 8191851
-48.695 108.160 2.930 8191851
-48.141 108.524 3.971 8191851
-48.023 108.421 4.580 3003583
-47.366 102.361 3.023 8191851
-48.177 105.105 3.003 3003583
-45.383 91.432 3.055 16376911
-40.630 64.040 6.639 12616956
-48.488 109.073 5.586 6737151
-47.719 105.178 2.994 3003583
-48.360 115.078 3.997 3003583
-47.380 107.769 5.318 3718648
-47.222 106.743 4.487 3003583
-47.690 113.257 2.967 8191851
-46.724 111.253 4.725 6737151
-46.685 111.480 4.102 3003583
-47.009 106.995 4.670 6737151
-43.124 69.220 7.433 16739210
-46.163 91.168 3.031 16376911
-46.913 111.640 4.800 6737151
-46.711 105.451 3.490 8191851
-44.090 66.783 6.747 16739210
-46.254 105.013 4.292 8191851
-46.386 87.949 4.367 16376911
-46.044 89.386 3.325 16757844
-46.997 106.915 4.572 8191851
-44.345 63.393 8.394 12616956
-49.338 69.068 5.727 16757844
-46.701 111.481 4.026 8191851
-46.260 104.521 5.696 6737151
-45.919 103.778 5.934 3718648
-45.387 108.682 3.528 8191851
-46.594 81.390 4.834 16376911
-48.024 84.641 3.360 16376911
-45.712 108.648 5.115 3718648
-45.216 108.328 4.331 3003583
-45.339 108.558 3.249 3003583
-44.921 106.750 5.222 3718648
-44.782 107.073 4.811 6737151
-45.183 107.042 5.391 6737151
-45.400 108.285 4.927 3718648
-45.582 103.954 3.296 3003583
-44.620 106.347 5.203 3718648
-45.627 102.274 3.005 8191851
-44.848 106.887 5.071 3718648
-44.739 107.317 4.429 8191851
-45.541 102.827 5.495 6737151
-44.132 105.997 3.232 8191851
-49.207 91.267 3.013 16376911
-43.910 105.554 4.312 3003583
-65.208 55.319 6.863 12616956
-43.773 104.688 2.893 3003583
-44.748 101.380 4.582 8191851
-44.851 101.454 5.572 3718648
-63.383 59.081 7.180 16739210
-50.940 90.965 3.514 16757844
-51.261 91.377 5.461 12616956
-52.609 88.849 3.092 16757844
-44.324 101.278 3.147 8191851
-51.423 92.577 5.547 12616956
-42.589 102.903 3.892 3003583
-42.559 102.812 3.900 3003583
-44.328 100.472 5.479 3718648
-51.981 92.788 4.448 16757844
-51.984 93.781 5.564 16739210
-44.117 100.083 4.806 3003583
-51.987 93.744 5.734 12616956
-42.266 101.139 5.150 6737151
-41.600 100.131 4.780 6737151
-41.444 100.336 3.726 8191851
-67.966 89.191 3.653 16757844
-53.320 96.231 3.207 16376911
-41.142 99.528 3.714 8191851
-55.974 96.135 3.977 16376911
-41.202 99.656 3.270 3003583
-40.924 99.192 3.680 8191851
-53.264 96.550 5.484 16739210
-43.470 98.502 3.433 8191851
-40.774 98.771 3.921 3003583
-56.895 98.443 4.863 16376911
-56.753 98.507 5.099 16757844
-53.787 98.131 3.164 16376911
-60.886 99.419 5.180 16757844
-61.479 98.433 5.029 16757844
-42.877 98.000 4.146 8191851
-54.706 98.716 5.527 16739210
-43.070 97.793 5.196 3718648
-55.454 100.119 5.266 16757844
-55.170 99.607 4.399 16757844
-39.682 96.524 2.804 3003583
-55.081 100.344 5.911 12616956
-42.234 97.035 5.449 6737151
-55.490 101.249 5.865 16739210
-55.576 101.445 5.877 16739210
-95.704 120.987 8.238 12616956
-39.024 95.066 4.143 3003583
-56.319 101.894 3.239 16757844
-94.285 121.612 5.678 16757844
-56.164 102.025 3.252 16757844
-55.602 101.401 5.212 16376911
-42.911 96.467 2.955 8191851
-93.723 124.489 4.378 16376911
-95.501 128.819 8.305 12616956
-56.247 103.432 3.123 16757844
-94.534 121.419 9.098 16739210
-95.367 128.230 7.289 12616956
-97.330 133.317 5.610 16757844
-66.497 111.160 3.939 16376911
-91.806 129.015 4.582 16757844
-62.455 109.496 2.846 16376911
-56.385 104.788 2.968 16757844
-91.859 131.432 4.855 16757844
-40.198 92.382 3.757 8191851
-36.420 89.563 3.346 3003583
-100.200 140.313 8.362 16739210
-98.681 144.835 6.309 16376911
-97.948 145.108 4.668 16757844
-40.498 92.108 5.965 6737151
-87.925 149.165 5.189 16757844
-93.569 146.837 7.709 16376911
-93.669 147.282 4.560 16757844
-39.138 89.274 3.914 3003583
-95.596 146.042 8.195 16739210
-42.115 93.094 2.969 3003583
-87.141 149.519 7.065 12616956
-40.913 90.327 2.935 8191851
-87.802 149.278 8.997 16739210
-84.033 150.747 5.449 16757844
-42.465 92.799 2.977 3003583
-36.946 85.192 4.093 8191851
-72.591 132.962 5.543 16376911
-83.655 154.640 3.838 16757844
-84.048 150.661 8.824 16739210
-72.097 131.704 7.732 16739210
-85.213 151.848 7.774 16739210
-31.212 68.950 2.138 3003583
-35.989 73.615 2.420 8191851
-49.688 104.771 3.020 16376911
-62.304 139.658 3.666 16376911
-43.868 91.978 3.018 3003583
-59.314 138.350 3.660 16376911
-41.962 86.388 2.974 3003583
-48.953 105.040 3.006 16376911
-62.401 139.505 5.210 16376911
-70.444 162.433 3.782 16757844
-59.330 141.434 4.854 16757844
-62.528 145.669 6.356 16376911
-50.013 108.577 2.933 16757844
-59.438 138.738 4.142 16757844
-55.661 142.875 6.590 12616956
-42.816 81.439 2.837 8191851
-48.697 109.649 5.039 16757844
-51.716 120.656 3.498 16376911
-40.454 64.362 6.561 3718648
-43.976 85.299 2.964 3003583
-47.713 107.624 5.207 12616956
-45.608 87.502 4.432 3003583
-48.154 108.417 5.923 16739210
-48.133 108.447 5.070 12616956
-56.974 152.140 7.563 16739210
-44.840 87.264 3.835 3003583
-47.324 107.632 5.195 12616956
-45.758 89.017 3.858 8191851
-43.810 64.126 6.648 3718648
-45.533 88.527 3.986 3003583
-47.184 105.303 2.985 16376911
-48.285 109.289 4.704 16376911
-47.543 107.874 5.319 16739210
-47.738 107.577 5.691 12616956
-46.969 106.693 5.491 16739210
-46.059 104.980 5.075 12616956
-49.184 60.102 8.568 3718648
-46.999 94.206 3.072 8191851
-46.442 110.609 4.840 16376911
-48.322 80.809 5.106 6737151
-46.123 105.084 5.158 16739210
-47.967 85.510 3.134 3003583
-45.531 108.845 4.577 16757844
-45.754 104.193 3.242 16376911
-48.649 85.506 3.138 3003583
-45.860 103.467 5.461 12616956
-44.961 106.516 5.341 16739210
-42.179 119.762 3.304 16376911
-45.110 107.446 5.027 16376911
-44.959 107.802 3.976 16757844
-44.858 107.581 4.373 16757844
-43.470 118.471 6.511 12616956
-49.646 82.903 4.579 8191851
-45.380 102.574 5.480 16739210
-43.912 105.510 4.304 16376911
-45.240 102.352 5.049 16739210
-43.608 104.703 4.622 16757844
-43.636 104.543 4.825 16376911
-51.792 87.334 4.453 3003583
-49.705 92.404 3.027 3003583
-51.462 86.630 4.340 8191851
-51.089 90.873 3.960 8191851
-49.170 95.573 3.052 8191851
-45.108 103.143 5.452 16739210
-43.512 104.514 4.568 16376911
-43.385 104.194 4.608 16757844
-49.990 96.081 3.044 8191851
-43.240 103.732 4.784 16376911
-50.533 96.606 3.041 8191851
-52.407 94.762 3.186 3003583
-44.785 101.417 5.411 12616956
-55.154 94.310 4.009 8191851
-55.209 95.608 5.315 6737151
-55.537 95.204 4.453 3003583
-55.164 94.932 5.001 8191851
-53.460 96.793 5.723 3718648
-55.548 95.979 5.161 6737151
-64.925 92.397 2.492 3003583
-56.294 96.825 4.446 3003583
-54.322 97.789 4.231 8191851
-55.942 97.258 5.424 3718648
-56.879 98.044 3.975 8191851
-56.916 98.151 4.420 3003583
-54.267 98.543 5.752 3718648
-57.062 98.449 4.412 3003583
-56.952 99.328 5.331 6737151
-51.562 99.197 3.041 8191851
-57.506 99.535 4.624 3003583
-57.307 99.145 4.693 3003583
-54.277 99.268 3.163 3003583
-56.996 99.252 5.276 3718648
-57.377 99.396 4.808 8191851
-40.875 99.051 4.221 16757844
-40.643 98.638 3.534 16757844
-55.605 101.422 5.116 6737151
-58.998 102.487 3.680 8191851
-40.297 97.796 4.155 16757844
-55.600 101.402 5.420 6737151
-101.028 119.039 7.054 3718648
-96.197 121.001 2.807 3003583
-56.236 103.032 3.219 8191851
-102.715 115.481 2.417 8191851
-94.896 121.462 4.054 3003583
-101.208 118.852 7.396 3718648
-89.355 121.406 2.994 3003583
-54.115 102.506 3.003 3003583
-99.211 119.535 6.330 3718648
-97.896 120.039 6.289 3718648
-94.681 121.634 2.218 3003583
-93.925 121.660 8.886 6737151
-97.339 120.473 3.737 8191851
-96.193 120.823 7.483 6737151
-63.169 108.643 2.930 8191851
-25.053 87.338 6.227 16739210
-39.314 95.587 3.126 16757844
-64.054 110.626 3.391 8191851
-39.379 95.024 4.940 12616956
-93.153 121.925 2.565 8191851
-93.011 122.501 6.135 3718648
-42.185 96.338 5.417 16739210
-62.765 110.224 2.844 8191851
-88.241 125.396 3.439 8191851
-101.219 142.735 6.655 6737151
-50.641 102.027 3.044 8191851
-37.675 91.970 4.365 16376911
-41.625 95.507 4.938 12616956
-98.523 136.337 7.313 3718648
-95.078 141.723 1.996 3003583
-97.869 145.110 4.955 6737151
-42.111 95.557 5.477 16739210
-90.477 131.902 3.176 8191851
-99.496 138.434 7.745 6737151
-63.319 112.970 7.831 6737151
-58.908 109.371 2.786 3003583
-64.937 118.359 2.812 8191851
-76.526 129.909 3.180 3003583
-98.338 144.892 6.160 3718648
-93.992 146.689 7.193 3718648
-64.500 118.835 3.401 3003583
-65.635 120.775 2.193 3003583
-91.089 147.860 5.949 3718648
-64.747 119.117 3.531 8191851
-83.332 151.063 4.999 6737151
-83.824 154.141 4.967 6737151
-87.344 149.382 5.843 3718648
-82.894 150.889 3.900 8191851
-82.738 152.100 2.385 8191851
-64.840 129.454 2.292 3003583
-68.859 145.772 2.105 3003583
-44.022 93.345 2.994 16376911
-51.707 109.115 2.885 8191851
-42.338 90.543 2.975 16757844
-59.281 134.015 2.836 3003583
-52.994 112.428 2.806 3003583
-66.936 139.397 2.240 8191851
-48.643 103.491 3.012 8191851
-56.779 129.559 3.294 3003583
-55.886 142.807 4.299 6737151
-44.156 89.747 3.016 16757844
-38.613 68.128 2.269 16757844
-48.881 106.453 2.969 3003583
-49.085 109.767 2.859 8191851
-40.787 63.934 5.851 12616956
-43.526 68.141 6.325 12616956
-47.944 108.475 4.407 3003583
-49.081 110.404 3.220 3003583
-51.068 117.324 4.182 8191851
-48.481 109.215 5.163 3718648
-47.693 108.240 3.179 8191851
-47.493 107.606 5.068 3718648
-46.151 80.322 4.553 16757844
-47.252 103.724 2.995 8191851
-47.981 108.155 4.984 3718648
-44.751 62.513 8.140 16739210
-47.129 92.466 3.035 16376911
-46.601 111.298 4.258 3003583
-47.495 107.167 4.798 3718648
-46.403 110.700 4.550 6737151
-46.998 106.855 4.411 3003583
-46.738 110.743 5.144 3718648
-46.809 111.175 4.948 3718648
-49.177 81.662 4.011 16376911
-48.027 92.426 3.030 16376911
-46.631 110.422 5.200 6737151
-48.123 88.613 2.981 16757844
-45.292 108.504 4.015 8191851
-45.947 109.783 4.634 8191851
-45.189 108.050 4.820 6737151
-49.661 88.656 4.754 16757844
-49.454 87.342 4.007 16757844
-50.126 89.805 5.432 12616956
-44.705 106.923 4.780 6737151
-44.873 107.634 4.181 3003583
-44.631 106.802 4.780 6737151
-49.212 92.511 3.015 16376911
-44.420 106.612 4.425 3003583
-44.574 106.989 4.223 3003583
-49.969 89.739 3.155 16757844
-44.464 105.885 5.154 3718648
-45.432 103.979 5.493 6737151
-44.609 106.110 2.897 3003583
-44.281 105.785 4.990 3718648
-63.351 58.146 6.854 16376911
-44.316 105.988 2.891 3003583
-50.852 91.228 3.363 16757844
-44.148 105.601 4.869 3718648
-44.141 104.825 5.372 3718648
-51.713 91.939 5.448 12616956
-44.829 101.442 4.955 6737151
-52.553 94.827 4.905 16757844
-78.685 78.806 6.397 16757844
-43.593 101.922 2.870 8191851
-43.378 101.549 2.868 8191851
-53.502 95.740 5.474 16739210
-42.228 101.948 3.311 3003583
-53.762 97.098 5.490 12616956
-53.791 97.658 3.200 16376911
-53.873 97.954 6.109 16739210
-53.984 97.874 5.118 16376911
-56.663 98.258 5.093 16757844
-54.249 98.534 5.949 12616956
-54.253 99.103 3.147 16376911
-56.531 98.147 5.200 16376911
-57.418 99.169 3.243 16757844
-57.804 100.001 3.804 16376911
-58.280 101.427 4.777 16376911
-21.158 95.348 6.602 3718648
-43.768 99.148 3.941 3003583
-56.363 102.019 4.781 16376911
-59.000 102.666 4.400 16376911
-40.230 97.635 3.719 3003583
-94.754 121.388 5.451 16757844
-100.460 119.027 6.228 16376911
-93.725 124.340 5.403 16757844
-53.978 102.853 2.995 16376911
-93.038 121.938 5.712 16757844
-94.223 125.790 9.161 12616956
-94.009 124.900 4.473 16757844
-25.233 87.082 6.673 3718648
-92.860 122.086 7.189 16376911
-39.145 95.294 3.419 3003583
-24.772 85.660 6.769 3718648
-25.637 86.914 6.078 6737151
-53.492 103.589 2.998 16376911
-42.425 96.309 4.168 8191851
-92.942 134.271 5.282 16757844
-98.199 135.179 7.171 12616956
-63.859 112.775 6.499 12616956
-94.967 127.274 7.641 16739210
-42.536 96.440 5.606 6737151
-63.451 112.948 5.495 16757844
-37.711 92.213 3.856 3003583
-95.911 129.766 6.381 16376911
-56.733 106.271 2.920 16757844
-37.942 92.589 3.028 3003583
-93.032 134.333 4.947 16376911
-93.154 147.043 6.674 16757844
-98.849 144.725 6.063 16376911
-93.380 146.906 5.528 16757844
-92.969 147.056 8.590 12616956
-62.003 115.188 2.447 16376911
-60.681 114.136 8.142 16739210
-88.491 148.883 8.024 12616956
-63.618 115.990 3.219 16757844
-97.168 145.431 6.411 16376911
-95.537 146.463 4.794 16376911
-87.865 149.174 6.880 12616956
-89.986 148.335 5.819 16376911
-92.787 147.175 7.813 16739210
-91.152 151.442 7.423 16376911
-91.655 147.629 7.769 16739210
-88.231 149.042 5.772 16376911
-75.156 134.773 4.436 16757844
-38.129 87.068 5.798 6737151
-38.572 85.846 2.838 8191851
-84.011 150.783 5.659 16376911
-53.686 108.736 2.915 16757844
-37.223 84.549 2.942 3003583
-83.415 152.877 8.640 16739210
-42.295 90.985 2.956 8191851
-50.873 105.783 2.996 16376911
-33.754 74.877 3.421 3003583
-32.934 70.267 2.252 3003583
-34.210 74.926 2.954 3003583
-37.899 75.547 2.570 8191851
-67.996 145.826 2.031 16376911
-60.358 138.194 5.580 16757844
-62.351 139.302 6.882 12616956
-69.918 161.251 3.378 16757844
-51.013 110.099 2.852 16757844
-50.666 114.702 5.823 12616956
-61.431 143.344 5.121 16376911
-59.077 138.409 4.132 16757844
-56.579 142.517 6.797 12616956
-55.531 142.972 3.702 16757844
-54.704 143.245 6.769 12616956
-45.027 84.489 4.261 3003583
-44.901 85.951 3.552 3003583
-46.059 80.314 3.993 3003583
-48.479 110.087 4.210 16376911
-51.698 120.663 5.062 16376911
-49.097 118.571 7.723 16739210
-55.511 142.944 5.241 16376911
-47.747 107.652 5.382 16739210
-48.791 109.726 4.949 16376911
-44.182 63.396 7.343 6737151
-47.607 106.645 2.955 16376911
-47.838 107.781 5.857 12616956
-48.121 79.430 3.994 3003583
-47.134 105.926 3.146 16376911
-47.802 107.773 4.918 16376911
-46.083 75.158 3.593 8191851
-47.220 106.728 8.093 12616956
-49.267 81.845 3.505 8191851
-46.806 110.512 5.350 16739210
-49.268 81.906 2.903 8191851
-46.049 110.063 4.525 16757844
-46.891 115.515 5.669 16739210
-46.031 109.408 5.001 12616956
-46.111 110.234 3.902 16757844
-48.935 87.136 3.160 3003583
-49.759 88.150 5.069 6737151
-45.235 107.172 5.314 16739210
-50.055 89.039 4.366 3003583
-45.384 108.012 5.067 16739210
-44.782 107.314 4.435 16757844
-45.894 103.688 5.653 12616956
-44.312 106.391 4.332 16376911
-45.352 103.547 5.468 16739210
-44.219 106.003 4.637 16757844
-51.731 87.093 4.201 3003583
-50.829 90.090 5.452 6737151
-51.315 92.534 5.481 3718648
-49.571 96.594 3.039 8191851
-51.774 92.330 3.971 8191851
-51.846 93.358 5.030 6737151
-44.449 106.234 4.909 12616956
-44.291 106.354 3.921 16376911
-44.446 106.558 4.633 16757844
-44.294 106.297 4.479 16757844
-51.965 93.864 6.099 6737151
-52.360 94.411 4.497 3003583
-52.190 94.049 4.942 8191851
-54.336 92.547 3.108 8191851
-43.738 105.138 3.121 16376911
-54.555 92.891 3.875 8191851
-54.978 94.087 3.234 8191851
-43.927 104.458 5.264 12616956
-45.286 102.490 5.132 16739210
-45.222 102.275 5.633 16739210
-56.015 96.363 4.689 3003583
-55.871 95.983 3.721 3003583
-91.183 88.916 5.406 6737151
-44.803 101.485 4.679 16757844
-56.521 97.710 4.961 8191851
-56.477 98.285 5.331 3718648
-51.936 99.518 3.023 8191851
-54.339 98.831 3.195 3003583
-61.276 98.703 5.101 6737151
-51.995 99.868 3.025 8191851
-61.867 97.809 3.721 3003583
-61.738 98.041 4.275 3003583
-60.829 99.302 2.602 8191851
-52.030 100.204 3.022 8191851
-58.004 100.482 4.213 8191851
-41.624 100.654 4.255 16757844
-44.358 100.424 5.708 16739210
-41.338 100.235 3.050 16376911
-41.532 100.446 4.248 16757844
-59.971 101.159 3.884 3003583
-57.963 100.643 4.758 8191851
-58.667 102.043 4.597 3003583
-55.180 101.666 2.985 3003583
-41.056 99.445 3.527 16757844
-51.838 101.746 3.016 8191851
-56.595 102.883 4.134 3003583
-40.611 98.386 4.317 16376911
-98.186 119.924 5.158 6737151
-40.778 97.856 5.051 12616956
-96.219 120.732 5.130 6737151
-97.559 118.906 2.998 3003583
-94.965 121.210 6.317 6737151
-54.844 102.919 2.977 3003583
-101.271 118.804 7.178 3718648
-97.318 120.498 7.949 3718648
-43.663 98.977 3.655 16376911
-102.699 117.970 6.229 3718648
-95.295 121.194 6.628 3718648
-97.987 120.224 2.001 3003583
-98.173 118.553 3.614 8191851
-54.645 103.438 2.969 3003583
-43.592 98.676 5.488 16739210
-40.072 97.344 3.244 16757844
-97.617 120.326 3.583 8191851
-93.410 121.896 6.854 3718648
-62.906 107.876 3.386 3003583
-93.590 123.983 4.461 8191851
-93.931 121.828 2.423 8191851
-95.892 129.769 6.640 3718648
-94.424 126.042 4.419 8191851
-62.813 109.882 2.923 8191851
-57.114 106.539 2.868 8191851
-66.494 111.379 3.727 3003583
-38.994 95.105 3.486 16376911
-99.681 138.863 6.400 6737151
-62.882 110.901 2.837 8191851
-100.501 140.929 6.417 6737151
-91.591 134.278 2.303 3003583
-95.101 127.656 5.975 3718648
-27.115 86.419 6.320 16739210
-94.870 141.817 3.335 3003583
-97.963 145.033 4.774 6737151
-90.459 131.737 1.826 3003583
-100.697 143.834 8.413 3718648
-63.778 112.809 6.365 6737151
-42.725 96.493 3.094 16376911
-98.514 136.063 6.008 3718648
-56.019 107.847 2.853 8191851
-100.123 144.169 7.194 3718648
-93.378 138.789 2.746 8191851
-77.246 129.422 3.126 3003583
-50.713 103.529 3.015 8191851
-42.004 95.156 6.008 16739210
-58.932 110.966 2.714 3003583
-65.900 118.285 2.433 3003583
-89.433 146.747 5.012 6737151
-74.650 133.724 2.712 3003583
-42.924 95.372 2.937 16376911
-92.781 147.158 6.945 3718648
-54.802 108.798 2.859 8191851
-88.104 149.084 7.905 3718648
-87.815 149.219 4.953 6737151
-60.149 116.628 2.484 8191851
-91.516 147.676 5.780 3718648
-57.153 111.911 2.756 3003583
-50.148 104.015 3.001 8191851
-77.564 140.020 2.895 8191851
-82.324 152.418 1.913 3003583
-81.950 153.039 1.885 3003583
-33.983 79.965 5.918 12616956
-49.776 104.261 2.990 8191851
-59.791 125.593 2.390 8191851
-71.524 154.288 2.904 3003583
-49.536 104.380 2.988 8191851
-33.563 74.977 2.416 16757844
-72.977 156.405 1.750 3003583
-65.239 135.881 2.242 3003583
-53.882 113.461 2.752 3003583
-76.145 161.791 3.406 8191851
-50.740 108.399 3.894 8191851
-66.578 154.238 4.530 6737151
-51.168 109.707 4.278 3003583
-60.219 137.932 3.967 8191851
-65.366 151.665 3.916 3718648
-57.882 137.672 3.946 8191851
-40.935 63.758 7.436 12616956
-58.167 141.844 4.810 3718648
-50.155 117.934 5.075 6737151
-57.795 136.128 2.482 8191851
-43.854 69.535 5.592 16757844
-55.662 142.867 4.752 3718648
-40.356 64.749 6.935 16739210
-48.133 104.772 2.967 8191851
-45.643 83.560 2.864 16376911
-50.641 116.745 4.220 8191851
-55.219 143.038 4.993 3718648
-46.276 83.327 2.857 16376911
-50.433 119.046 4.539 3718648
-48.777 112.753 2.984 3003583
-47.797 107.782 5.211 3718648
-48.596 115.489 3.250 3003583
-48.050 107.665 2.928 3003583
-47.105 70.370 7.217 16739210
-47.911 108.487 4.543 8191851
-48.116 84.454 5.381 12616956
-47.990 93.490 3.034 16376911
-46.000 110.018 3.639 8191851
-46.760 106.398 3.990 3003583
-50.142 83.542 3.648 16757844
-46.023 109.637 4.865 3718648
-50.596 84.675 3.733 16757844
-46.158 109.979 4.920 3718648
-58.300 62.496 6.307 12616956
-45.634 108.521 5.058 3718648
-45.729 109.300 4.498 8191851
-46.078 105.022 4.307 8191851
-50.123 89.904 6.024 12616956
-62.957 58.186 6.825 16376911
-31.099 137.269 7.606 3718648
-44.670 107.165 3.411 8191851
-45.965 104.537 3.701 3003583
-52.564 88.899 4.021 16757844
-44.731 106.990 2.884 3003583
-44.299 106.351 3.523 8191851
-51.892 94.460 3.008 16376911
-52.407 94.552 3.608 16757844
-43.906 105.486 4.466 8191851
-43.608 104.835 3.211 3003583
-43.753 104.227 5.180 6737151
-55.192 94.514 3.299 16757844
-53.583 96.776 5.462 12616956
-55.467 95.170 4.506 16376911
-53.949 97.922 5.880 12616956
-54.175 98.457 3.178 16376911
-54.148 98.361 5.883 12616956
-57.054 98.322 3.879 16376911
-42.050 101.555 3.717 8191851
-55.059 99.926 5.488 12616956
-41.549 100.505 3.632 8191851
-54.990 100.139 5.695 12616956
-58.032 100.508 3.180 16757844
-55.637 101.424 4.028 16376911
-43.936 99.953 3.127 8191851
-55.683 101.571 3.543 16757844
-55.025 102.491 2.965 16376911
-59.086 103.067 2.940 16757844
-101.541 118.541 8.065 12616956
-43.989 99.607 5.937 6737151
-98.520 119.838 5.365 16757844
-97.761 120.121 6.602 16757844
-97.503 118.244 2.599 16376911
-99.747 119.372 6.997 12616956
-56.609 103.587 4.242 16757844
-100.856 118.825 4.753 16757844
-93.229 121.945 5.269 16757844
-99.018 119.607 6.011 16376911
-98.519 119.700 8.529 16739210
-101.537 118.508 9.060 16739210
-93.899 121.842 2.613 16376911
-95.578 120.925 8.343 16739210
-94.871 127.177 7.757 12616956
-95.048 127.578 5.231 16757844
-67.420 110.709 3.868 16376911
-39.938 96.876 4.261 3003583
-93.152 121.913 3.514 16757844
-93.017 122.423 4.674 16757844
-94.702 126.429 6.799 12616956
-94.976 127.197 8.077 12616956
-43.078 97.897 3.840 8191851
-42.860 97.998 4.316 3003583
-57.337 105.764 3.016 16757844
-90.653 132.336 3.868 16376911
-63.277 111.303 2.755 16376911
-42.499 96.878 3.629 8191851
-90.470 131.491 2.356 16376911
-44.318 98.050 2.947 8191851
-63.648 112.819 2.604 16376911
-65.654 112.061 4.864 16376911
-42.813 96.995 3.210 3003583
-101.075 143.728 7.123 12616956
-95.959 145.961 5.024 16757844
-98.544 144.798 5.468 16757844
-41.525 95.068 5.250 3718648
-42.094 95.606 4.741 8191851
-98.081 145.046 5.847 16376911
-63.255 115.843 2.364 16376911
-99.642 144.391 7.864 16739210
-92.687 147.168 3.828 16757844
-94.785 146.263 8.823 16739210
-60.625 114.683 7.967 16739210
-87.676 149.249 4.855 16757844
-76.525 129.652 3.505 16757844
-93.036 146.902 5.720 16376911
-91.786 147.550 7.188 16376911
-63.464 119.276 3.587 16376911
-40.057 92.038 3.119 3003583
-78.890 142.850 4.800 16757844
-60.593 116.508 2.467 16376911
-83.523 150.931 6.203 16757844
-43.212 95.170 2.958 3003583
-31.258 80.641 8.027 6737151
-84.833 150.358 8.049 12616956
-75.465 135.379 4.326 16757844
-37.981 87.489 3.151 3003583
-57.848 115.884 7.777 16739210
-54.300 109.685 2.873 16757844
-40.476 90.113 2.948 3003583
-82.817 151.397 2.592 16757844
-32.136 73.950 2.403 3003583
-33.332 74.136 3.367 3003583
-70.477 137.828 3.209 16757844
-34.522 79.956 3.344 8191851
-55.888 117.311 2.600 16376911
-50.757 107.134 2.946 16376911
-38.742 76.434 2.620 8191851
-52.720 110.857 2.799 16757844
-40.242 82.645 2.902 3003583
-40.486 82.531 2.906 3003583
-51.504 110.017 4.031 16757844
-42.811 82.590 3.523 3003583
-60.435 139.933 3.090 16757844
-43.737 84.185 2.898 8191851
-51.577 120.168 6.045 12616956
-58.291 140.238 3.058 16757844
-51.546 120.717 5.715 12616956
-41.589 64.832 6.675 3718648
-59.218 141.426 4.242 16376911
-43.049 70.201 6.428 3718648
-56.295 142.643 4.918 16376911
-50.663 116.580 4.501 16757844
-51.486 122.157 2.968 16757844
-50.897 119.692 4.873 16376911
-48.332 108.782 5.373 16739210
-46.981 93.656 3.058 3003583
-49.936 116.899 5.338 16739210
-46.059 70.683 6.977 6737151
-47.830 85.000 5.401 3718648
-48.158 108.200 5.509 12616956
-48.373 90.118 2.976 8191851
-47.079 112.127 3.342 16376911
-46.076 119.773 6.005 16739210
-47.390 106.816 5.584 12616956
-49.262 81.935 3.159 3003583
-48.261 85.765 4.171 8191851
-52.547 65.386 8.313 3718648
-46.877 106.804 5.457 16739210
-46.578 110.482 5.043 16376911
-45.792 109.021 4.903 16757844
-50.208 83.907 3.997 3003583
-48.872 93.511 3.038 3003583
-49.758 87.990 5.435 3718648
-45.860 109.058 4.953 12616956
-45.710 109.430 3.645 16376911
-43.901 119.679 4.738 16376911
-45.696 108.174 5.301 16739210
-49.763 93.602 3.025 3003583
-44.885 107.314 4.708 16757844
-46.099 105.043 4.928 16376911
-44.949 107.418 4.793 16376911
-44.863 106.804 5.107 16739210
-66.160 54.882 6.929 3718648
-52.916 89.686 3.223 3003583
-49.953 97.393 3.032 8191851
-53.117 89.978 3.843 3003583
-54.269 92.235 2.976 8191851
-52.163 95.087 3.025 3003583
-44.341 106.543 3.576 16757844
-54.903 93.849 3.139 8191851
-44.009 105.425 4.753 16757844
-53.128 96.202 5.532 6737151
-55.636 95.379 4.119 3003583
-55.990 96.154 4.380 3003583
-56.073 96.420 4.659 3003583
-64.199 93.398 1.720 8191851
-42.917 103.378 3.280 16376911
-56.010 97.431 5.401 6737151
-54.340 98.771 3.196 3003583
-42.861 103.260 3.752 16757844
-54.667 99.402 4.020 3003583
-56.482 98.484 5.398 6737151
-54.864 99.806 4.203 8191851
-57.299 99.406 4.918 8191851
-57.877 100.377 4.617 3003583
-54.806 100.349 3.171 3003583
-58.989 102.525 4.098 8191851
-52.369 101.611 3.003 8191851
-56.379 102.188 4.652 3003583
-58.690 101.971 4.446 8191851
-59.254 103.101 3.357 3003583
2.917 91.254 2.959 16757844
-41.253 99.798 2.910 16376911
-102.204 118.245 4.967 6737151
-102.337 115.920 7.950 3718648
-56.743 103.394 3.688 3003583
-99.410 119.409 6.206 6737151
-96.902 118.666 2.519 3003583
-99.916 117.674 1.157 3003583
-98.853 118.134 1.208 3003583
-56.694 103.845 4.105 3003583
-97.354 118.836 2.802 3003583
-44.215 100.012 5.433 16739210
-101.855 118.577 4.303 8191851
-61.206 106.596 3.309 8191851
-57.054 105.069 3.113 8191851
-89.368 119.439 1.729 3003583
-40.618 97.712 4.922 16757844
-96.458 120.644 6.726 3718648
-99.516 119.492 4.618 3718648
-94.262 120.652 3.142 8191851
-94.085 121.807 4.288 8191851
-64.056 110.616 4.038 3003583
-92.904 122.010 4.290 8191851
-24.781 89.464 6.440 16739210
-25.525 87.998 6.317 12616956
-62.539 109.490 2.986 8191851
-25.548 89.073 6.421 16739210
-94.676 126.674 6.653 3718648
-93.396 123.363 3.377 8191851
-64.200 112.579 3.258 8191851
-63.924 110.650 6.191 6737151
-57.252 107.431 2.832 8191851
-65.629 111.958 5.608 3718648
-54.255 105.249 2.961 3003583
-56.791 108.041 2.822 8191851
-90.241 131.167 2.888 8191851
-43.007 97.479 3.129 16376911
-101.128 143.794 4.930 6737151
-90.057 129.117 3.263 8191851
-91.456 130.401 4.411 3718648
-63.440 112.969 4.181 8191851
-71.729 120.344 1.856 3003583
-92.857 146.881 5.906 6737151
-26.868 85.858 6.213 16739210
-95.976 146.319 3.303 6737151
-95.696 146.454 4.829 6737151
-93.782 146.590 6.303 3718648
-78.459 134.745 3.494 3003583
-96.498 145.601 5.233 3718648
-43.018 97.332 5.416 12616956
-95.585 141.295 2.735 8191851
-89.378 148.559 4.358 6737151
-73.604 131.388 4.575 6737151
-42.887 96.987 5.447 12616956
-60.999 117.097 3.091 8191851
-43.219 96.100 2.937 16376911
-77.722 140.255 3.289 3003583
-90.950 147.970 5.120 3718648
-79.206 143.390 3.159 3003583
-60.679 116.898 2.439 8191851
-39.990 91.666 3.290 16376911
-61.980 117.263 3.530 3003583
-52.677 106.791 2.970 3003583
-82.842 152.243 2.791 3003583
-83.545 150.925 4.617 6737151
-61.923 118.099 3.604 8191851
-71.713 133.601 2.178 3003583
-70.116 139.619 3.344 3003583
-57.964 117.143 2.570 8191851
-52.064 107.265 2.955 3003583
-64.752 129.529 2.238 3003583
-69.705 135.119 2.123 3003583
-72.685 136.974 2.178 8191851
-68.308 143.933 2.062 3003583
-72.135 153.977 2.737 3003583
-77.082 156.293 1.912 8191851
-65.153 134.787 2.235 3003583
-68.104 138.309 2.173 8191851
-50.986 108.586 3.368 8191851
-41.830 86.323 2.923 16376911
-61.689 143.746 5.230 6737151
-60.094 140.100 2.360 3003583
-65.660 138.927 2.165 8191851
-64.865 139.296 2.148 8191851
-64.113 139.714 2.125 8191851
-63.717 139.898 2.116 8191851
-50.828 114.695 5.025 6737151
-56.368 128.431 3.478 8191851
-49.707 108.491 3.445 8191851
-50.585 116.089 4.324 3003583
-57.952 142.133 3.693 8191851
-51.558 120.658 4.240 6737151
-49.820 109.268 4.034 3003583
-49.110 110.519 4.023 8191851
-49.496 110.758 2.979 8191851
-49.393 108.411 2.891 3003583
-45.940 91.055 3.021 16757844
-55.440 142.990 3.637 8191851
-50.546 116.072 4.150 8191851
-42.280 69.225 6.050 16376911
-50.217 116.337 4.132 8191851
-42.813 67.998 6.892 16739210
-48.459 115.187 3.530 8191851
-46.396 83.978 2.873 16376911
-48.664 110.441 3.718 8191851
-48.470 109.201 5.029 3718648
-48.753 119.512 8.091 3718648
-43.388 69.656 5.486 16376911
-48.209 110.925 2.946 8191851
-47.912 94.253 3.034 16376911
-48.340 109.879 4.483 8191851
-46.852 63.716 8.307 16739210
-48.031 108.349 3.802 3003583
-48.272 108.775 4.936 3718648
-47.364 112.834 3.039 3003583
-45.392 117.378 6.077 3718648
-47.206 112.523 4.116 8191851
-46.671 110.184 5.373 6737151
-47.084 106.300 4.116 3003583
-46.581 110.414 5.115 6737151
-46.043 110.033 4.637 8191851
-45.855 108.770 5.171 3718648
-45.263 108.135 4.768 6737151
-45.400 108.741 4.208 3003583
-52.346 88.524 4.269 16376911
-46.729 105.525 3.677 3003583
-50.987 91.624 3.153 16757844
-50.911 94.589 3.007 16376911
-46.418 104.780 3.132 8191851
-53.301 90.344 3.556 16376911
-46.340 104.691 5.905 6737151
-53.443 90.564 2.856 16757844
-46.071 105.015 4.454 3003583
-44.722 107.187 2.971 3003583
-53.771 91.607 4.586 16757844
-44.651 105.971 5.333 3718648
-52.574 95.574 3.023 16376911
-44.261 106.277 4.191 3003583
-54.603 93.110 3.125 16757844
-54.624 94.308 5.257 12616956
-52.941 96.331 3.108 16376911
-53.305 96.534 5.903 12616956
-45.681 103.267 4.066 3003583
-54.143 97.178 5.471 12616956
-53.724 97.547 5.464 16739210
-53.712 97.441 5.551 16739210
-43.063 103.844 3.308 3003583
-56.397 97.958 5.232 12616956
-56.884 97.963 3.865 16376911
-45.228 102.365 4.900 6737151
-42.843 103.129 3.332 3003583
-56.970 98.350 4.641 16757844
-42.435 102.434 3.731 8191851
-61.131 98.798 2.657 16757844
-55.046 100.788 3.091 16376911
-44.223 100.942 3.119 8191851
-41.568 100.546 4.050 8191851
-102.245 116.474 6.517 16757844
-102.195 116.695 3.894 16376911
-103.084 114.364 6.887 12616956
-102.765 115.191 4.242 16757844
-44.339 100.439 5.147 6737151
-102.333 115.786 8.487 16739210
-102.329 116.286 3.244 16757844
-44.417 100.015 3.119 8191851
-102.436 117.315 6.188 16376911
-102.552 117.684 8.845 16739210
-93.350 123.331 7.376 12616956
-54.847 104.362 2.942 16376911
-93.893 124.655 5.020 16757844
-98.743 119.655 7.329 16739210
-98.407 119.840 6.064 16376911
-67.210 110.700 3.813 16376911
-95.035 127.540 6.245 16757844
-94.281 127.364 3.753 16376911
-92.930 122.214 6.771 16376911
-95.668 120.935 4.785 16376911
-96.556 131.249 7.613 12616956
-94.333 121.525 5.947 16376911
-44.387 99.187 2.945 8191851
-94.184 125.237 3.202 16757844
-92.021 128.966 4.036 16757844
-65.663 111.898 7.631 12616956
-98.497 135.897 8.120 12616956
-98.075 134.854 8.433 16739210
-43.305 98.037 3.309 3003583
-96.693 131.529 7.288 16739210
-44.735 98.650 2.944 8191851
-42.972 97.335 3.119 3003583
-94.346 146.466 6.223 16757844
-78.955 126.480 1.819 16757844
-96.040 145.876 3.604 16757844
-100.315 144.101 4.426 16376911
-96.169 145.720 5.511 16376911
-92.011 147.454 8.016 12616956
-36.684 88.893 2.786 8191851
-91.047 147.850 3.556 16757844
-90.045 148.263 7.941 12616956
-62.845 117.273 3.144 16757844
-73.399 137.340 4.612 16757844
-85.005 150.288 6.338 12616956
-83.960 155.423 5.974 16757844
-35.422 86.584 5.058 3718648
-43.737 95.679 2.965 3003583
-34.100 79.949 6.042 3718648
-83.117 152.032 8.092 16739210
-66.215 128.505 2.185 16757844
-54.202 110.699 2.819 16757844
-56.994 117.353 2.579 16376911
-53.869 110.966 2.803 16757844
-34.476 79.911 5.745 6737151
-61.543 127.368 2.400 16757844
-62.412 139.448 5.386 16757844
-65.929 153.075 4.269 16757844
-60.126 137.926 5.330 16757844
-62.453 139.934 2.276 16376911
-68.403 158.261 3.165 16757844
-41.954 78.998 3.779 3003583
-58.386 141.735 6.286 12616956
-45.554 91.674 3.035 8191851
-58.087 138.551 2.378 16376911
-58.502 141.743 4.591 16757844
-58.221 141.836 3.616 16757844
-56.036 128.379 3.548 16757844
-46.000 91.424 3.016 8191851
-62.125 144.719 6.206 16739210
-58.392 140.273 2.966 16757844
-50.442 119.042 4.603 16757844
-45.745 80.474 3.207 8191851
-54.917 143.167 4.521 16757844
-58.548 141.693 6.045 16739210
-56.144 142.698 3.810 16757844
-44.434 71.417 2.789 3003583
-48.465 109.090 4.736 16757844
-48.367 108.965 5.265 12616956
-47.041 83.885 2.921 8191851
-48.708 110.569 4.234 16376911
-48.887 67.430 5.765 6737151
-48.360 109.835 4.280 16376911
-47.905 84.986 3.814 3003583
-48.373 114.924 3.057 16376911
-46.901 78.101 5.217 3718648
-47.222 82.702 3.860 3003583
-48.310 108.812 5.723 12616956
-47.818 108.519 4.362 16376911
-48.188 111.228 2.962 16757844
-48.341 85.871 4.427 8191851
-47.573 106.961 5.497 12616956
-46.372 109.556 5.323 16739210
-47.045 106.113 5.746 12616956
-49.786 94.300 3.032 3003583
-45.792 109.535 3.699 16376911
-46.813 105.602 6.006 16739210
-43.350 120.826 6.441 12616956
-40.440 122.317 6.910 16739210
-40.873 120.737 6.756 16739210
-46.589 105.146 5.908 16739210
-45.780 109.272 4.642 16376911
-45.352 108.570 3.342 16757844
-62.449 55.722 6.658 3718648
-62.403 58.551 6.571 3718648
-49.665 97.714 3.034 8191851
-53.725 91.450 2.851 8191851
-52.720 94.375 4.031 8191851
-50.533 98.098 3.029 8191851
-46.075 104.994 3.746 16376911
-46.036 104.976 5.192 16739210
-52.887 95.617 5.756 3718648
-44.848 106.218 5.343 16739210
-24.685 132.121 5.902 12616956
-44.361 106.533 3.092 16376911
-46.168 104.449 5.453 12616956
-54.004 97.308 3.652 8191851
-55.938 96.057 3.935 8191851
-43.797 105.292 3.712 16757844
-43.487 104.110 4.876 12616956
-62.965 95.801 4.150 3003583
-54.751 99.785 3.185 3003583
-44.948 102.676 5.030 16739210
-45.084 102.685 5.446 12616956
-43.418 103.365 5.234 12616956
-42.570 102.346 4.598 16376911
-55.666 101.531 4.384 8191851
-58.017 100.592 3.594 3003583
-45.196 102.340 4.765 16376911
-58.715 101.952 4.138 8191851
-55.558 101.601 5.374 3718648
-52.603 102.250 2.991 8191851
-58.665 102.991 5.282 3718648
-56.395 103.369 4.579 3003583
-52.569 102.492 2.989 8191851
-103.050 114.574 3.603 3003583
-44.768 101.380 4.168 16757844
-44.790 101.450 5.131 12616956
-101.802 117.628 2.582 3003583
-102.569 115.614 6.852 3718648
-100.143 119.235 3.868 6737151
-102.987 114.689 5.892 3718648
-61.212 106.531 3.331 8191851
-55.366 104.141 2.945 3003583
-99.458 119.381 8.603 6737151
-92.982 122.354 3.597 3003583
-98.851 119.640 5.437 3718648
-97.338 120.239 5.407 3718648
-93.646 122.038 2.725 3003583
-52.218 103.601 2.979 8191851
-65.452 110.798 3.276 8191851
-66.626 111.515 3.883 3003583
-94.667 126.532 3.444 3003583
-93.368 123.382 3.851 6737151
-93.539 123.690 5.012 6737151
-9.190 83.629 7.549 16739210
-93.169 122.852 8.203 6737151
-61.778 108.263 2.741 3003583
-64.982 109.900 3.793 3003583
-57.884 107.393 2.803 8191851
-91.634 130.809 4.570 6737151
-61.623 109.187 2.681 3003583
-64.003 110.614 3.807 3003583
-97.131 132.688 7.584 3718648
-94.195 125.388 5.590 3718648
-23.081 87.802 7.030 16739210
-94.512 126.128 4.372 3718648
-63.459 112.999 3.265 8191851
-92.237 128.208 2.833 8191851
-91.469 129.056 4.011 8191851
-97.779 134.447 6.594 3718648
-62.999 112.732 5.771 3718648
-54.389 105.930 2.934 3003583
-98.562 144.784 4.309 6737151
-92.807 137.217 3.448 6737151
-63.403 112.986 7.338 6737151
-99.494 144.503 6.261 3718648
-89.893 130.298 3.105 8191851
-51.507 104.560 2.999 8191851
-98.972 137.228 5.550 3718648
-97.975 145.047 7.753 3718648
-77.645 129.165 2.898 3003583
-101.401 143.198 5.533 3718648
-42.057 96.060 4.346 16376911
-51.317 104.786 2.988 8191851
-99.175 144.519 7.026 6737151
-40.092 94.391 2.817 16757844
-43.397 96.591 2.934 16376911
-94.853 146.343 5.378 3718648
-59.298 115.003 8.071 3718648
-41.707 94.788 3.096 16757844
-43.722 96.323 2.946 16376911
-73.296 137.365 4.318 6737151
-61.226 117.229 3.997 8191851
-54.582 110.375 2.811 8191851
-77.908 142.718 2.166 3003583
-59.886 116.626 3.609 3003583
-57.040 113.204 2.697 3003583
-60.642 116.930 3.679 8191851
-66.322 129.424 2.143 3003583
-53.929 110.937 2.775 8191851
-79.098 143.134 2.724 8191851
-60.391 124.997 2.372 8191851
-50.313 105.558 2.961 8191851
-59.229 120.335 2.546 3003583
-76.852 153.407 1.900 8191851
-32.223 73.181 2.322 16757844
-54.782 114.244 2.704 3003583
-67.893 137.206 2.156 8191851
-45.437 95.367 3.005 16376911
-54.161 114.533 2.694 3003583
-68.247 158.307 2.713 6737151
-44.342 92.150 3.018 16757844
-49.568 105.879 2.947 8191851
-46.163 95.146 3.031 16376911
-59.151 141.429 5.281 3718648
-50.904 114.695 4.060 3003583
-57.794 141.998 6.219 3718648
-56.767 139.263 5.230 3718648
-46.773 94.975 3.040 16376911
-58.137 142.026 3.579 8191851
-49.942 108.862 2.869 3003583
-55.671 135.201 2.213 3003583
-58.288 141.792 4.787 3718648
-50.136 115.448 4.083 3003583
-49.727 111.558 3.322 3003583
-48.906 110.111 4.183 3003583
-50.288 118.579 4.760 3718648
-43.799 69.084 7.926 16739210
-48.539 106.051 2.940 8191851
-42.465 67.814 6.428 16739210
-44.616 68.817 6.982 16739210
-48.980 111.148 3.394 3003583
-48.837 109.990 4.481 8191851
-48.725 69.932 5.839 16757844
-49.965 118.158 4.475 3718648
-49.056 110.207 4.519 8191851
-47.031 77.134 4.154 16757844
-47.109 112.249 4.439 3003583
-47.466 83.992 4.869 16376911
-47.293 112.661 3.110 3003583
-47.814 107.820 4.911 3718648
-50.577 89.851 3.544 16376911
-47.336 105.942 2.931 8191851
-47.516 107.215 4.661 8191851
-46.973 108.596 2.926 3003583
-45.881 109.745 4.052 8191851
-50.622 85.455 4.910 16376911
-50.579 91.290 3.055 16757844
-45.662 109.322 4.087 8191851
-51.720 92.147 5.450 12616956
-46.451 108.503 2.913 3003583
-46.097 109.596 5.013 3718648
-40.897 119.956 2.781 8191851
-45.419 108.748 4.395 3003583
-52.800 89.300 3.444 16376911
-45.193 108.263 4.420 3003583
-40.501 121.991 7.217 6737151
-53.211 90.789 2.862 16757844
-45.131 108.061 2.883 3003583
-51.892 95.385 3.006 16376911
-46.078 105.026 4.121 8191851
-46.105 104.138 5.472 3718648
-53.534 96.936 3.677 16757844
-54.123 97.430 5.465 12616956
-53.743 97.498 5.744 16739210
-53.716 97.798 3.165 16376911
-44.625 104.160 2.862 8191851
-54.236 98.563 6.047 16739210
-43.447 104.569 3.999 3003583
-54.441 98.755 5.465 16739210
-54.818 99.796 6.046 16739210
-62.053 97.155 2.459 16757844
-55.433 101.034 4.922 16757844
-60.548 99.810 2.786 16757844
-44.491 101.547 3.140 8191851
-58.998 102.661 3.035 16757844
-44.812 101.447 4.381 3003583
-103.294 113.923 5.472 16757844
-102.211 116.710 2.162 16376911
-95.538 121.030 8.535 12616956
-94.977 121.463 3.780 16376911
-92.874 122.069 4.931 16757844
-93.198 122.952 4.920 16757844
-101.670 118.447 7.342 16739210
-94.221 121.700 2.325 16376911
-41.390 99.097 2.825 3003583
-92.998 121.889 2.367 16376911
-57.199 105.397 3.183 16757844
-58.362 106.018 2.953 16757844
-66.608 110.954 3.799 16376911
-93.034 122.490 6.647 16376911
-65.037 109.967 3.462 16757844
-93.797 121.707 4.655 16376911
-93.998 124.807 7.878 16739210
-90.456 128.972 3.630 16376911
-43.883 99.426 4.155 3003583
-25.089 87.274 5.959 3718648
-91.245 128.608 3.928 16757844
-97.198 132.694 7.829 12616956
-94.264 125.418 4.589 16376911
-62.980 112.743 6.087 12616956
-57.959 108.177 2.799 16757844
-93.339 138.726 3.306 16376911
-99.659 144.368 7.732 12616956
-95.345 141.481 3.202 16376911
-64.133 112.859 3.356 16757844
-38.498 94.007 3.339 8191851
-26.569 83.434 6.079 3718648
-100.690 141.472 6.981 16376911
-57.388 108.856 2.796 16757844
-94.724 146.384 7.540 12616956
-63.940 115.698 2.324 16376911
-93.526 138.876 2.619 16757844
-96.205 145.711 4.948 16757844
-100.976 142.260 5.835 16376911
-75.622 128.897 2.641 16376911
-95.740 145.907 6.823 16376911
-98.831 144.693 4.227 16376911
-62.811 116.929 2.289 16376911
-93.884 146.286 6.760 16376911
-42.432 95.994 5.449 6737151
-38.702 92.030 2.830 3003583
-68.593 125.381 8.172 16739210
-61.799 116.406 3.229 16757844
-41.895 93.821 2.932 8191851
-37.997 87.430 3.991 3003583
-76.080 136.721 3.744 16757844
-88.744 148.801 5.161 16376911
-37.215 84.875 3.154 8191851
-84.026 155.523 7.271 12616956
-86.870 149.568 5.120 16376911
-78.459 141.079 6.196 16376911
-52.331 107.735 2.922 16376911
-42.668 93.246 2.947 8191851
-85.159 151.762 7.961 16739210
-34.434 80.236 7.175 3718648
-38.725 89.334 4.364 8191851
-38.370 87.112 3.117 3003583
-54.447 111.007 2.809 16757844
-30.954 72.705 2.757 3003583
-43.743 92.695 2.981 8191851
-44.910 95.556 3.000 3003583
-78.356 160.323 1.822 16757844
-50.974 108.503 2.885 16376911
-63.524 147.814 6.426 12616956
-60.393 139.908 3.354 16376911
-72.059 158.804 1.916 16757844
-59.804 141.167 6.157 12616956
-43.111 85.520 2.938 8191851
-58.114 138.354 4.284 16757844
-41.772 72.656 2.491 8191851
-45.797 92.017 3.035 8191851
-55.876 142.812 5.139 16757844
-51.142 114.561 6.738 16739210
-44.733 84.568 2.910 8191851
-58.039 141.880 5.653 16376911
-42.424 67.560 4.352 6737151
-55.103 143.111 6.342 12616956
-44.307 80.664 2.884 3003583
-49.615 108.562 3.539 16757844
-45.719 80.392 3.465 3003583
-48.912 109.966 4.704 16757844
-55.161 143.092 2.696 16757844
-50.084 118.260 4.753 16376911
-48.025 91.343 3.002 8191851
-49.799 116.888 5.198 16739210
-48.589 109.250 5.356 16739210
-50.561 84.591 3.022 8191851
-51.049 85.698 3.891 3003583
-47.105 112.315 3.838 16757844
-51.965 87.632 3.844 8191851
-47.347 107.727 5.506 12616956
-46.637 106.230 5.485 16739210
-38.412 126.080 7.192 16739210
-46.707 105.401 5.846 16739210
-45.290 108.449 4.300 16376911
-45.920 108.535 5.382 12616956
-45.728 108.176 5.359 12616956
-51.429 92.455 4.059 3003583
-50.135 98.130 3.028 8191851
-53.418 90.646 3.854 3003583
-45.128 107.875 4.723 16757844
-52.017 95.578 3.023 3003583
-44.885 107.564 2.983 16376911
-45.312 107.767 5.100 16739210
-55.184 94.341 3.109 8191851
-53.626 96.336 4.127 8191851
-44.270 106.485 3.118 16376911
-46.021 104.519 5.451 12616956
-55.121 95.281 5.211 3718648
-54.362 97.867 4.173 8191851
-56.376 96.914 3.665 3003583
-56.873 98.010 4.258 8191851
-62.918 95.608 2.076 8191851
-91.089 88.525 5.212 6737151
-55.037 100.751 3.176 3003583
-58.107 100.732 4.056 3003583
-42.578 102.669 3.196 16376911
-55.698 101.568 4.135 8191851
-42.057 101.629 3.991 16376911
-59.256 103.285 2.906 8191851
-55.860 102.783 2.956 3003583
-55.991 102.487 4.571 8191851
-59.135 103.729 2.911 8191851
-103.331 113.830 4.863 6737151
-58.502 102.826 5.383 6737151
-102.368 116.207 4.819 6737151
-44.740 101.328 3.809 16376911
-102.311 115.914 7.740 3718648
-102.289 116.958 3.829 6737151
-102.707 114.808 8.746 6737151
-100.607 119.049 3.805 6737151
-61.772 105.801 3.591 3003583
-55.571 104.210 2.936 3003583
-101.525 118.493 8.664 6737151
-94.887 119.755 1.258 3003583
-102.656 117.908 5.776 3718648
-57.998 106.171 2.945 8191851
-100.514 118.914 6.997 6737151
-93.419 121.902 7.270 3718648
-44.410 100.451 6.022 16739210
-93.193 122.937 7.261 3718648
-57.787 106.553 2.945 8191851
-96.512 120.764 2.016 8191851
-24.420 90.143 7.581 16739210
-52.157 104.198 2.978 8191851
-96.062 130.141 6.143 3718648
-93.311 123.088 3.226 8191851
-92.330 128.727 4.849 6737151
-54.829 105.803 2.918 3003583
-100.455 140.812 5.831 6737151
-27.207 86.857 6.457 12616956
-43.184 98.681 3.154 16376911
-63.634 112.905 2.627 8191851
-43.575 98.744 3.254 16376911
-80.889 126.882 1.689 3003583
-51.717 104.760 2.988 8191851
-100.334 144.097 4.636 6737151
-24.657 86.836 6.392 16739210
-76.870 129.627 3.547 3003583
-54.117 106.681 2.922 3003583
-100.281 144.104 6.576 3718648
-62.838 114.301 3.761 8191851
-98.160 144.976 5.363 3718648
-90.468 148.175 5.921 3718648
-78.073 128.997 3.323 8191851
-55.557 110.069 2.799 8191851
-59.457 114.875 7.996 3718648
-58.608 112.768 2.643 3003583
-36.747 90.109 3.497 16757844
-43.751 96.667 2.943 16376911
-58.714 114.693 2.840 8191851
-77.002 138.893 2.349 3003583
-60.595 115.343 3.773 8191851
-74.992 134.465 3.857 8191851
-52.848 107.719 2.934 3003583
-73.056 137.395 3.509 6737151
-77.976 140.923 2.501 8191851
-87.293 149.380 6.552 6737151
-52.431 108.076 2.912 3003583
-79.560 149.487 2.024 8191851
-72.174 135.621 2.144 8191851
-67.882 141.784 2.053 3003583
-70.672 139.365 3.691 8191851
-70.043 139.485 3.685 8191851
-71.310 154.290 2.495 3003583
-65.710 133.870 2.187 3003583
-60.698 129.238 2.288 3003583
-60.049 129.557 2.272 3003583
-34.218 73.072 2.432 16757844
-64.764 150.210 3.868 6737151
-58.082 131.596 2.842 3003583
-61.366 137.314 7.670 3718648
-60.248 140.981 5.012 6737151
-75.419 162.070 3.276 3718648
-58.433 134.093 3.642 6737151
-58.390 141.758 3.074 3003583
-59.509 133.960 2.273 3003583
-50.713 109.022 4.107 3003583
-60.027 137.909 4.581 3718648
-58.320 140.070 3.385 6737151
-60.249 140.950 5.483 3718648
-49.701 109.207 3.958 8191851
-50.332 118.450 4.935 6737151
-51.518 122.173 3.047 3003583
-49.964 118.067 4.559 6737151
-43.213 70.027 5.991 12616956
-57.898 141.985 2.822 8191851
-50.384 118.445 5.032 3718648
-51.120 114.741 4.885 3718648
-51.114 119.330 5.247 6737151
-47.170 82.557 3.967 16376911
-48.657 110.572 3.147 8191851
-48.695 119.150 7.808 3718648
-48.409 86.040 3.101 16376911
-48.080 106.337 2.919 8191851
-48.911 81.089 3.435 16757844
-49.130 94.970 3.034 16376911
-48.136 109.539 4.547 8191851
-51.098 86.608 5.012 16757844
-48.833 87.005 5.950 16739210
-47.147 112.528 3.662 3003583
-46.680 111.489 2.893 8191851
-41.483 119.941 2.819 8191851
-45.931 109.871 4.247 3003583
-52.813 90.231 5.075 16757844
-52.619 90.866 2.873 16757844
-45.363 108.762 3.895 8191851
-40.520 120.024 2.481 3003583
-51.936 93.869 5.484 16739210
-46.698 105.426 3.155 8191851
-54.107 92.183 2.976 16757844
-44.394 106.506 3.180 3003583
-53.364 96.237 5.447 16739210
-55.408 94.909 4.220 16757844
-54.357 97.881 4.943 16757844
-43.868 105.490 4.135 8191851
-54.342 98.081 3.672 16757844
-20.937 115.614 0.496 8191851
-45.336 103.520 5.510 3718648
-58.444 101.387 3.753 16376911
-56.048 102.364 5.346 16739210
-44.842 101.424 5.894 6737151
-100.967 118.949 7.548 12616956
-102.275 116.771 5.347 16757844
-41.604 100.432 2.934 3003583
-56.873 104.164 3.342 16757844
-102.458 118.294 4.015 16757844
-102.351 115.728 8.283 16739210
-102.415 116.031 6.984 16376911
-102.798 114.628 8.637 16739210
-102.400 115.329 8.610 16739210
-102.425 115.547 7.311 16739210
-102.530 115.866 6.013 16376911
-99.718 119.327 8.115 16739210
-99.214 119.447 6.831 16376911
-93.689 121.724 5.163 16757844
-99.886 119.183 8.440 16739210
-55.148 105.134 2.917 16376911
-99.310 119.463 5.896 16376911
-98.263 119.880 5.866 16376911
-97.205 120.292 4.624 16376911
-62.589 109.112 2.993 16376911
-93.073 122.598 5.428 16376911
-93.234 122.882 3.129 16757844
-93.990 124.780 4.235 16757844
-93.434 129.147 5.055 16757844
-43.756 99.156 3.841 8191851
-94.113 125.126 6.909 16739210
-96.100 130.116 5.397 16376911
-96.945 132.216 6.719 16376911
-39.594 96.305 3.290 3003583
-91.426 129.830 4.125 16757844
-91.271 133.448 3.729 16757844
-100.393 140.550 7.994 12616956
-99.594 144.385 6.076 16757844
-94.840 141.847 3.114 16376911
-63.476 112.926 4.567 16757844
-95.896 145.908 7.479 12616956
-93.236 140.992 1.427 16376911
-96.804 145.477 6.378 12616956
-96.503 145.624 3.351 16757844
-96.111 145.764 6.357 12616956
-37.096 90.873 2.950 8191851
-97.172 145.041 3.743 16757844
-93.886 147.185 3.314 16757844
-91.887 151.147 7.390 12616956
-77.464 129.555 3.210 16757844
-97.681 145.153 4.120 16376911
-97.330 145.308 7.153 16739210
-93.386 146.839 8.127 16739210
-89.453 148.498 4.726 16757844
-77.058 138.945 3.342 16376911
-94.303 146.929 4.065 16376911
-55.962 110.320 2.798 16757844
-84.119 150.709 5.677 16757844
-58.869 114.230 3.506 16757844
-42.292 93.765 2.935 8191851
-78.179 142.799 7.006 12616956
-86.198 160.033 4.117 16757844
-55.251 110.736 2.811 16757844
-73.028 137.396 2.164 16376911
-38.021 87.628 3.121 3003583
-82.906 151.564 3.544 16757844
-51.709 108.454 2.889 16376911
-45.011 95.802 3.000 3003583
-41.365 86.641 2.936 8191851
-45.356 95.659 3.016 3003583
-51.089 108.768 2.871 16376911
-63.471 136.198 7.597 16739210
-52.775 112.239 2.752 16757844
-45.105 92.477 3.022 8191851
-70.037 157.357 1.927 16757844
-59.013 141.495 6.085 12616956
-67.277 155.125 2.048 16757844
-65.923 153.055 4.664 16376911
-68.258 157.866 5.003 16376911
-57.770 142.015 3.449 16757844
-45.259 78.923 3.083 8191851
-50.744 119.189 4.934 16757844
-58.764 141.608 5.844 16739210
-42.650 70.823 6.098 3718648
-55.183 143.029 5.558 16376911
-45.388 80.481 2.893 3003583
-54.625 143.297 2.645 16757844
-50.240 118.047 5.109 16376911
-54.637 143.302 3.858 16376911
-49.812 117.674 4.734 16376911
-49.379 115.787 5.380 16739210
-49.078 87.485 3.821 8191851
-50.094 137.620 7.261 16739210
-47.981 84.518 3.323 3003583
-48.813 87.200 5.454 3718648
-48.030 114.344 3.168 16376911
-48.426 110.010 4.415 16757844
-50.595 85.602 5.044 6737151
-52.989 68.516 5.923 6737151
-52.494 65.599 8.574 3718648
-48.804 87.076 5.632 6737151
-55.829 63.804 6.090 6737151
-51.469 86.644 3.225 8191851
-47.027 112.037 4.281 16757844
-49.917 88.414 4.946 3718648
-45.182 122.211 3.690 16757844
-50.215 94.991 3.031 3003583
-43.681 119.006 4.747 16376911
-39.787 120.092 2.850 16757844
-45.149 108.285 3.875 16376911
-35.986 124.602 7.125 16739210
-34.188 129.221 4.457 16376911
-46.573 105.081 5.469 12616956
-54.751 93.597 3.524 3003583
-51.297 98.901 3.029 8191851
-53.334 96.627 6.035 6737151
-53.312 97.150 3.149 3003583
-56.296 96.789 4.263 8191851
-56.336 96.878 3.941 8191851
-54.462 98.370 3.679 8191851
-45.542 104.000 5.464 12616956
-61.472 98.421 3.931 8191851
-57.700 99.897 4.514 8191851
-58.820 102.244 3.029 8191851
-42.139 101.871 3.087 16376911
-56.726 103.889 3.975 8191851
-56.540 103.526 3.777 3003583
-103.043 114.507 3.873 6737151
-44.834 101.422 5.841 16739210
-21.154 95.118 2.955 16376911
-102.673 117.976 6.432 3718648
-56.892 104.288 3.693 3003583
-102.880 114.371 7.128 6737151
0.700 89.304 3.505 16757844
-102.242 118.248 6.743 3718648
-101.592 118.664 4.125 8191851
-98.069 118.246 1.734 3003583
-102.400 117.246 3.169 8191851
-67.072 110.761 3.170 8191851
-97.054 119.452 2.946 8191851
-98.619 119.657 6.914 6737151
-7.692 81.651 7.535 12616956
-94.421 121.455 5.284 3718648
-94.138 121.562 6.436 3718648
-94.034 121.855 2.960 8191851
-93.698 124.213 6.405 3718648
-24.879 89.716 6.586 16739210
-93.897 124.674 2.866 8191851
-93.199 122.989 5.532 3718648
-89.662 129.748 3.364 3003583
-93.724 124.193 5.527 3718648
-57.797 108.081 2.791 8191851
-97.912 134.761 6.165 3718648
-43.186 98.818 3.163 16376911
-98.631 136.495 6.175 3718648
-63.935 110.773 4.323 8191851
-90.417 128.989 3.959 8191851
-97.676 134.082 6.504 3718648
-89.908 129.215 2.802 8191851
-91.392 128.528 3.085 8191851
-57.170 108.854 2.786 8191851
-25.042 88.113 7.294 12616956
-90.628 128.849 3.089 8191851
-43.520 98.905 7.585 12616956
-100.898 143.870 4.643 6737151
-97.884 134.471 6.854 6737151
-24.407 87.004 6.410 16739210
-60.647 111.243 2.628 3003583
-60.312 110.490 5.085 3718648
-51.533 105.083 2.986 8191851
-63.501 116.410 2.315 8191851
-76.799 129.448 2.871 3003583
-59.701 112.174 2.624 3003583
-59.469 112.316 2.631 3003583
-95.468 146.520 3.417 8191851
-91.087 147.833 7.389 3718648
-43.477 97.010 2.944 16376911
-59.027 112.607 2.639 3003583
-88.131 146.549 3.092 6737151
-91.644 147.586 4.856 3718648
-58.873 113.560 3.857 3003583
-42.140 95.445 6.043 12616956
-91.914 147.257 5.229 3718648
-43.925 96.617 2.956 16376911
-59.189 113.586 3.935 8191851
-74.038 140.441 2.050 3003583
-52.925 107.752 2.942 3003583
-58.612 113.837 3.938 8191851
-82.731 151.287 5.729 3718648
-86.264 159.817 2.593 6737151
-82.986 152.008 3.264 8191851
-71.869 136.108 2.126 8191851
-73.716 149.306 1.790 3003583
-72.061 153.838 2.521 3003583
-71.174 149.178 1.826 3003583
-63.713 136.054 7.696 3718648
-57.909 130.919 2.901 3003583
-62.311 139.508 5.286 3718648
-76.135 161.773 3.292 3718648
-68.119 151.736 2.000 8191851
-68.244 158.338 3.002 8191851
-62.295 145.289 3.452 8191851
-59.551 138.001 5.451 3718648
-66.166 153.392 4.749 3718648
-58.724 138.130 3.914 3718648
-49.832 114.196 4.105 3003583
-45.399 84.999 2.917 16376911
-49.703 108.667 3.862 3003583
-41.880 70.823 2.600 16757844
-45.236 79.401 5.136 16757844
-49.881 117.831 4.663 6737151
-48.828 109.975 4.020 3003583
-48.616 109.513 4.863 3718648
-46.568 76.833 4.895 16376911
-48.419 91.265 3.020 16757844
-48.612 110.423 4.322 8191851
-46.289 114.814 3.707 3003583
-47.088 112.319 3.209 3003583
-46.256 110.469 3.103 8191851
-53.781 65.455 8.921 12616956
-47.326 106.171 2.962 8191851
-55.272 59.636 6.052 16376911
-41.768 119.965 2.843 8191851
-42.235 119.023 3.696 3003583
-45.036 107.983 4.213 8191851
-38.741 121.893 7.237 6737151
-45.273 108.458 4.080 3003583
-52.228 95.850 3.018 16376911
-31.927 127.111 5.598 3718648
-55.485 95.647 4.985 16757844
-46.124 104.246 5.726 6737151
-44.336 105.363 5.289 3718648
-56.379 96.857 3.858 16376911
-56.932 98.139 4.254 16757844
-56.474 98.331 5.328 16739210
-102.518 115.819 3.755 16376911
-102.705 118.074 3.705 16376911
-102.587 115.594 5.384 16757844
-102.191 116.651 6.661 12616956
-103.066 114.524 3.123 16757844
-102.260 118.318 4.034 16757844
-101.141 118.804 4.034 16757844
-100.925 118.921 2.107 16376911
-96.797 120.576 7.349 12616956
-96.988 118.615 2.281 16376911
-102.397 118.166 5.674 16376911
-97.576 119.582 2.226 16376911
-41.241 99.660 4.381 3003583
-99.495 119.502 4.347 16757844
-97.531 120.127 6.777 16376911
-97.217 120.458 4.336 16757844
-96.102 120.779 5.524 16376911
-97.158 120.279 8.276 16739210
-92.893 121.980 7.722 16739210
-25.801 89.567 6.972 3718648
-41.788 98.815 2.846 3003583
-63.233 110.681 2.836 16376911
-64.746 112.106 3.820 16376911
-54.678 105.999 2.922 16376911
-90.853 128.735 2.133 16376911
-43.413 98.785 5.448 3718648
-96.920 131.966 8.065 16739210
-60.319 110.482 4.559 16757844
-92.838 137.438 3.302 16376911
-39.518 96.091 3.779 3003583
-96.603 131.312 7.055 16739210
-45.074 99.497 2.962 8191851
-98.268 144.954 4.539 16757844
-100.938 143.821 4.972 16757844
-62.799 113.683 3.813 16376911
-100.197 144.134 5.346 16376911
-38.039 92.417 4.894 6737151
-91.116 147.819 7.335 12616956
-75.565 128.951 2.623 16376911
-78.230 135.302 3.494 16376911
-92.644 147.169 6.285 12616956
-91.334 151.371 7.401 12616956
-27.208 82.769 5.811 6737151
-87.585 149.355 7.219 12616956
-86.942 149.585 7.195 12616956
-76.972 138.710 3.377 16376911
-79.901 145.135 3.126 16376911
-55.827 110.504 2.807 16757844
-57.598 112.738 3.688 16757844
-57.347 113.754 3.018 16376911
-75.403 137.912 2.110 16376911
-87.899 150.733 7.983 16739210
-59.343 117.292 2.501 16376911
-68.583 125.434 7.674 12616956
-44.131 96.375 2.976 3003583
-87.776 149.195 6.868 16739210
-34.135 80.356 7.232 3718648
-58.413 117.397 2.542 16376911
-54.790 111.184 2.805 16757844
-37.263 85.469 3.662 3003583
-69.857 137.181 2.265 16376911
-38.203 87.062 5.162 3718648
-54.083 111.710 2.777 16757844
-34.336 69.192 2.336 3003583
-60.457 127.628 2.364 16757844
-43.323 90.022 3.028 3003583
-60.487 140.803 5.188 16757844
-68.647 156.797 1.997 16757844
-43.815 85.443 2.944 8191851
-46.270 95.382 3.046 3003583
-57.203 142.225 5.135 16757844
-44.429 85.157 2.941 8191851
-59.380 141.365 6.591 16739210
-49.832 108.488 3.054 16376911
-45.225 89.173 3.033 3003583
-59.651 141.207 6.830 16739210
-43.099 68.151 5.997 3718648
-55.165 143.087 3.417 16757844
-50.743 117.250 2.805 16376911
-50.801 119.078 5.050 12616956
-49.449 114.170 4.354 16376911
-52.872 144.006 6.296 12616956
-54.182 143.452 4.606 16376911
-46.025 80.305 4.744 8191851
-50.215 118.114 5.500 16739210
-52.707 144.051 6.541 16739210
-49.525 114.075 4.498 16757844
-51.127 142.106 7.603 16739210
-48.538 108.745 3.006 16376911
-49.226 87.340 3.982 3003583
-48.454 111.854 2.957 16757844
-47.985 108.170 5.412 16739210
-48.451 109.117 5.405 12616956
-49.931 91.544 2.998 8191851
-49.205 97.968 3.048 8191851
-47.572 107.250 5.795 12616956
-46.755 114.406 4.522 16376911
-47.261 106.491 5.470 16739210
-46.437 108.707 2.908 16376911
-46.131 109.001 5.400 12616956
-51.585 91.985 3.755 8191851
-50.779 95.308 3.035 3003583
-45.175 108.381 2.868 16376911
-50.542 98.449 3.033 8191851
-51.938 95.754 3.033 3003583
-54.755 94.182 5.026 6737151
-44.929 107.761 3.546 16757844
-54.812 93.771 3.038 8191851
-53.545 96.129 4.365 8191851
-53.298 96.460 4.141 8191851
-43.425 104.111 4.753 16757844
-57.408 99.075 3.659 3003583
-61.245 98.567 2.543 8191851
-52.704 101.224 3.004 8191851
-57.832 100.109 4.347 3003583
-60.445 100.174 4.820 6737151
-58.560 101.697 3.552 3003583
-56.390 102.625 4.341 8191851
-58.479 102.811 5.411 6737151
-42.052 101.550 4.234 16757844
-99.199 113.820 0.783 8191851
-102.255 116.540 2.418 3003583
-102.867 115.092 5.361 6737151
-99.144 114.915 1.363 3003583
-101.657 118.647 3.685 3003583
-102.202 116.737 2.740 3003583
-57.050 104.585 3.288 8191851
-102.907 114.929 3.082 8191851
-99.991 117.623 1.223 3003583
-100.482 119.062 6.563 3718648
-61.649 107.468 3.790 8191851
-102.643 118.291 3.014 8191851
-97.321 120.286 5.241 6737151
-101.812 118.577 4.657 3718648
-62.747 107.483 3.492 3003583
-97.396 120.449 1.891 3003583
-93.594 121.882 6.329 3718648
-93.225 121.953 7.459 3718648
-97.370 119.569 3.436 8191851
-61.580 107.670 2.900 3003583
-25.046 89.390 6.315 12616956
-95.162 121.152 5.794 3718648
-94.847 121.267 6.957 6737151
-93.516 123.739 4.285 8191851
-91.839 128.757 4.777 6737151
-93.950 124.878 3.074 8191851
-64.082 110.485 5.125 3718648
-63.456 112.929 5.305 6737151
-79.691 125.054 1.603 8191851
-43.214 98.833 3.136 16376911
-101.049 142.228 6.142 6737151
-89.722 130.043 1.839 3003583
-39.249 95.554 4.110 16376911
-57.488 109.148 2.753 8191851
-75.837 126.500 1.722 8191851
-100.478 141.113 5.374 3718648
-94.356 137.406 3.970 8191851
-77.638 127.387 2.013 3003583
-97.559 145.427 3.378 6737151
-64.984 116.864 2.258 8191851
-76.794 127.537 2.040 3003583
-56.783 109.803 2.759 8191851
-42.066 96.575 5.398 16739210
-71.434 122.016 1.849 3003583
-62.557 113.326 3.918 8191851
-58.072 111.783 3.907 3003583
-95.818 141.169 2.799 8191851
-56.318 110.165 2.764 8191851
-95.673 146.002 6.744 3718648
-90.108 145.856 3.403 6737151
-56.718 111.869 3.805 8191851
-57.357 112.710 4.192 3003583
-93.716 146.803 5.206 3718648
-42.105 95.606 5.799 16739210
-89.087 148.715 6.192 3718648
-56.179 111.481 3.450 8191851
-55.418 110.782 2.772 8191851
-42.085 95.259 3.103 16757844
-91.849 147.537 6.995 6737151
-73.815 132.026 3.225 8191851
-71.169 132.080 1.942 3003583
-79.501 144.302 2.266 3003583
-72.781 132.720 5.935 3718648
-54.812 111.192 2.766 8191851
-73.960 132.200 3.444 8191851
-73.026 134.732 2.155 3003583
-63.585 127.506 2.182 8191851
-63.055 122.377 2.298 3003583
-50.745 105.837 2.953 8191851
-62.213 127.144 2.258 8191851
-65.887 132.052 2.099 3003583
-74.382 139.133 2.089 8191851
-76.127 161.444 2.487 3003583
-57.109 119.247 2.486 8191851
-67.948 137.504 2.077 3003583
-59.049 128.527 2.202 8191851
-41.979 87.943 2.967 16376911
-54.728 115.460 2.639 3003583
-70.497 157.062 1.630 3003583
-60.111 140.077 2.437 3003583
-67.023 155.344 5.675 3718648
-62.524 139.244 7.099 6737151
-61.925 138.510 2.083 3003583
-58.081 141.926 6.358 3718648
-40.776 74.822 2.680 16757844
-54.314 143.460 3.162 3003583
-50.190 118.710 4.238 3003583
-43.557 69.304 7.426 16739210
-49.591 113.715 3.916 3003583
-49.149 110.636 3.193 8191851
-50.352 118.034 5.197 3718648
-46.955 85.503 2.934 16376911
-54.813 143.231 3.902 3718648
-48.827 86.024 4.546 16376911
-48.312 106.489 2.915 8191851
-48.539 110.018 4.042 3003583
-47.547 107.332 4.716 3003583
-47.023 111.998 4.551 6737151
-49.930 67.397 8.479 12616956
-47.196 112.546 4.351 8191851
-46.681 114.552 4.515 8191851
-46.855 111.816 3.788 3003583
-46.623 117.522 3.784 8191851
-52.343 88.508 4.218 16376911
-51.004 92.206 3.109 16757844
-46.815 106.434 3.990 8191851
-51.493 92.660 3.166 16757844
-46.835 105.750 5.605 3718648
-41.553 119.745 2.638 3003583
-51.934 92.911 4.593 16757844
-45.100 108.112 3.795 3003583
-55.551 95.230 3.807 16376911
-44.330 106.389 4.448 3003583
-53.433 97.410 3.122 16376911
-44.028 105.856 3.714 8191851
-45.900 104.278 5.494 3718648
-45.982 103.901 3.520 8191851
-43.884 105.060 4.895 3718648
-54.659 99.699 3.175 16376911
-57.867 100.070 3.829 16376911
-45.044 102.865 4.847 3718648
-55.536 101.596 6.082 16739210
-45.336 102.331 5.477 3718648
-58.660 101.810 3.754 16376911
-55.930 102.955 2.940 16376911
-103.388 113.778 3.938 16376911
-103.212 114.107 6.546 16757844
-102.617 115.586 5.218 16757844
-59.851 103.912 2.904 16757844
-102.843 115.065 4.249 16757844
-44.728 101.219 3.132 8191851
-102.209 116.669 4.228 16757844
-99.708 119.318 6.402 16757844
-101.934 118.323 8.107 12616956
-102.249 116.420 8.448 16739210
-95.691 120.977 6.266 16757844
-62.752 107.497 3.140 16376911
-96.583 120.729 4.193 16757844
-41.239 99.655 4.530 8191851
-97.359 118.707 1.214 16757844
-95.424 121.030 5.373 16757844
-101.985 118.332 7.458 16739210
-101.622 118.531 6.143 16376911
-93.945 124.820 6.198 16757844
-94.081 125.098 5.012 16757844
-96.579 131.384 6.262 16757844
-58.573 107.206 2.892 16757844
-92.998 122.433 5.890 16376911
-93.648 123.995 7.067 16739210
-93.918 124.622 4.719 16376911
-97.285 132.883 6.616 12616956
-96.486 131.081 5.607 16376911
-89.894 130.171 2.277 16376911
-54.582 106.381 2.909 16376911
-26.566 86.392 5.911 3718648
-100.527 144.052 4.815 16757844
-89.554 129.332 3.185 16757844
-39.383 95.853 3.709 3003583
-58.290 108.957 2.752 16757844
-97.337 133.136 7.292 16739210
-101.280 143.768 3.653 16757844
-99.759 144.307 5.188 16757844
-97.431 145.220 6.660 12616956
-64.680 116.712 2.270 16376911
-96.069 146.227 5.110 16757844
-77.360 129.137 2.704 16376911
-77.014 127.022 1.933 16757844
-94.458 146.837 5.079 16757844
-100.145 144.202 7.520 16739210
-89.444 147.339 4.642 16757844
-36.523 89.756 4.024 3003583
-92.521 147.117 5.045 16757844
-92.027 147.453 6.497 12616956
-94.365 146.338 8.422 16739210
-56.739 110.375 2.765 16757844
-88.580 146.359 3.604 16757844
-42.244 95.666 6.051 6737151
-95.182 146.197 7.338 16739210
-73.478 131.150 4.033 16757844
-73.211 132.416 5.816 12616956
-77.596 134.990 3.158 16757844
-83.392 153.082 5.918 16757844
-83.670 154.607 5.931 16757844
-89.704 150.050 7.175 16739210
-84.674 150.486 5.238 16376911
-39.707 88.550 2.928 8191851
-43.066 93.675 2.968 8191851
-83.528 150.888 8.011 16739210
-52.386 108.357 2.885 16376911
-78.502 141.122 5.465 16376911
-84.965 150.325 8.410 16739210
-78.171 142.832 7.803 16739210
-43.565 93.426 2.985 8191851
-54.206 112.077 2.747 16757844
-56.793 118.929 2.501 16376911
-39.763 78.928 2.785 8191851
-44.666 92.992 3.024 8191851
-69.113 159.748 5.613 16757844
-53.203 112.551 2.732 16757844
-37.775 71.650 2.516 3003583
-57.794 130.404 2.957 16376911
-69.567 160.427 3.463 16757844
-58.150 137.546 3.763 16757844
-59.757 137.976 5.728 16376911
-50.035 109.363 2.831 16376911
-42.430 69.571 7.965 3718648
-42.903 69.498 5.069 6737151
-45.722 85.334 2.946 8191851
-44.519 82.318 2.954 3003583
-45.986 89.321 3.039 3003583
-52.740 144.062 6.177 12616956
-45.940 71.259 5.649 6737151
-43.998 65.015 6.858 3718648
-50.631 114.703 6.362 12616956
-45.582 73.781 3.756 3003583
-50.058 118.392 4.321 16757844
-49.150 110.569 3.740 16376911
-50.644 119.840 3.242 16757844
-54.344 143.414 4.008 16376911
-49.005 119.852 6.564 16739210
-45.593 74.051 3.437 8191851
-48.788 109.835 4.683 16376911
-47.719 108.495 3.994 16376911
-53.477 66.915 6.079 3718648
-47.122 112.302 3.470 16376911
-45.930 115.163 3.049 16376911
-46.991 112.034 2.908 16757844
-51.267 86.390 4.539 8191851
-47.240 106.374 5.457 16739210
-46.284 109.474 5.267 16739210
-42.061 120.958 6.676 16739210
-38.927 122.122 7.288 12616956
-51.997 93.782 5.877 3718648
-53.668 91.362 3.306 3003583
-36.223 123.848 5.611 12616956
-46.643 105.095 5.479 12616956
-54.567 93.161 3.993 3003583
-55.590 95.621 4.818 3003583
-54.364 97.906 4.180 8191851
-65.025 92.540 4.325 3003583
-43.901 104.411 5.311 16739210
-43.759 104.077 5.313 16739210
-57.232 98.902 3.265 8191851
-57.535 99.472 4.366 3003583
-57.601 99.714 3.241 8191851
-57.523 99.360 3.661 3003583
-42.395 102.377 3.674 16757844
-59.023 102.650 3.777 8191851
-42.009 101.719 3.602 16757844
-59.379 103.345 3.412 3003583
-56.533 103.521 4.196 3003583
-102.332 117.052 4.947 6737151
-103.020 114.673 6.615 3718648
-102.735 115.374 2.695 3003583
-102.247 116.439 5.281 6737151
-103.212 114.146 8.913 6737151
-102.278 118.285 5.257 6737151
-96.891 120.447 6.084 6737151
-102.224 116.913 8.851 6737151
-100.119 114.691 2.186 8191851
-94.179 121.111 3.704 3003583
-96.761 120.768 2.761 3003583
-99.912 119.380 4.273 8191851
-93.007 122.384 4.831 6737151
-95.530 121.041 5.158 6737151
-67.250 110.984 3.943 3003583
-64.998 109.850 3.644 3003583
-66.818 111.908 3.926 3003583
-94.973 121.434 4.268 8191851
-25.260 89.344 6.510 16739210
-92.266 128.237 3.839 6737151
-64.024 112.618 3.337 8191851
-62.271 109.889 2.630 3003583
-92.563 128.927 4.118 8191851
-96.295 130.480 6.975 6737151
-61.556 111.057 2.605 3003583
-25.350 86.996 6.941 16739210
-43.400 98.337 3.133 16376911
-96.536 145.421 5.942 6737151
-91.437 133.748 1.828 8191851
-55.873 108.644 3.482 3003583
-97.625 145.415 2.153 8191851
-51.440 105.248 2.987 8191851
-59.802 114.584 8.073 3718648
-93.830 147.054 5.130 3718648
-56.441 110.201 4.212 3003583
-55.426 109.371 3.919 3003583
-77.939 140.680 3.277 3003583
-55.310 109.657 3.900 3003583
-89.830 148.333 6.500 3718648
-77.331 141.750 2.096 3003583
-66.402 127.669 2.039 8191851
-90.461 148.076 6.879 6737151
-88.841 148.753 5.395 3718648
-82.947 151.826 3.156 6737151
-78.481 141.838 2.647 8191851
-75.214 134.809 2.291 8191851
-62.828 121.991 2.325 3003583
-81.825 149.242 2.241 8191851
-71.765 136.755 2.007 3003583
-83.131 151.117 2.482 8191851
-66.396 134.865 7.909 3718648
-56.819 119.046 2.512 8191851
-70.408 138.252 3.167 8191851
-77.864 159.454 1.754 8191851
-35.404 77.291 2.644 16757844
-68.388 158.312 2.548 3003583
-42.456 87.446 2.980 16376911
-44.232 92.867 3.037 16757844
-44.334 92.837 3.041 16757844
-62.273 139.790 2.883 8191851
-53.485 119.931 8.209 3718648
-49.580 106.341 2.942 8191851
-58.944 141.559 6.341 3718648
-59.538 138.075 5.603 3718648
-50.426 109.286 2.863 3003583
-44.618 86.313 2.972 16376911
-57.250 130.201 2.905 8191851
-51.595 120.660 5.576 3718648
-45.522 85.875 2.959 16376911
-51.052 119.601 5.125 3718648
-44.939 71.555 7.301 16739210
-49.330 118.242 7.729 3718648
-45.700 80.272 5.186 16376911
-54.488 143.377 3.869 3718648
-47.633 83.842 4.620 16757844
-50.397 119.159 4.118 8191851
-48.046 86.047 3.047 16376911
-48.508 110.287 4.512 8191851
-48.360 108.519 3.135 3003583
-46.752 69.144 7.122 16739210
-49.271 87.997 5.858 16739210
-46.882 111.893 3.789 3003583
-47.131 109.016 2.938 3003583
-41.217 120.867 6.290 3718648
-44.972 107.887 2.999 3003583
-54.683 99.130 5.479 16739210
-91.147 88.786 5.893 16376911
-60.792 99.386 2.763 16757844
-60.512 100.028 4.562 16757844
-55.791 103.696 2.941 16376911
-102.415 117.296 6.470 16757844
-102.153 118.474 3.839 16376911
-102.421 117.232 8.104 12616956
-103.008 114.165 7.485 16739210
-99.957 119.157 5.434 16757844
-94.344 121.522 5.037 16757844
-101.226 118.805 4.490 16757844
-62.788 107.557 3.134 16376911
-95.957 120.957 7.738 12616956
-59.012 105.985 2.928 16757844
-94.313 121.469 5.327 16757844
-93.982 124.822 4.102 16757844
-92.916 122.193 6.718 16376911
-12.645 84.611 6.982 6737151
-63.927 110.848 5.824 12616956
-97.159 132.866 6.250 16757844
-93.232 122.899 4.720 16376911
-93.356 123.265 7.027 16739210
-94.125 125.182 7.072 16739210
-24.859 87.290 6.432 6737151
-64.040 112.883 2.654 16376911
-23.138 85.317 6.577 6737151
-58.396 108.666 2.773 16757844
-91.651 130.902 4.279 16757844
-26.547 86.712 6.401 6737151
-98.390 135.710 7.334 16739210
-91.994 135.217 2.916 16757844
-56.357 108.529 3.061 16757844
-100.284 144.126 5.556 16376911
-78.387 126.579 1.885 16757844
-95.822 145.832 8.085 12616956
-101.278 143.694 4.405 16376911
-41.810 96.299 7.324 6737151
-42.546 96.815 3.717 3003583
-93.395 146.883 6.514 12616956
-56.364 109.512 4.020 16757844
-89.951 148.317 7.865 12616956
-89.067 148.652 6.391 12616956
-94.518 146.868 4.307 16376911
-43.682 96.874 2.976 3003583
-36.599 90.085 3.863 8191851
-84.298 150.625 5.916 16757844
-84.017 150.640 3.110 16376911
-60.709 118.082 2.406 16376911
-39.627 90.226 3.099 8191851
-77.342 140.401 2.083 16376911
-72.665 132.874 6.024 16376911
-73.017 137.415 2.341 16376911
-83.453 153.074 3.388 16757844
-75.304 135.018 4.407 16376911
-38.603 88.238 3.160 3003583
-43.082 93.625 2.982 8191851
-74.306 135.175 5.373 16376911
-73.006 137.424 3.091 16757844
-78.186 142.820 6.617 16739210
-39.482 85.064 2.966 3003583
-68.560 145.824 1.887 16376911
-66.765 146.726 1.845 16376911
-64.809 150.369 4.287 16757844
-71.393 164.340 6.068 12616956
-41.288 76.936 2.718 8191851
-58.760 137.842 3.549 16376911
-69.132 159.706 6.322 16376911
-55.063 143.112 4.277 16757844
-45.392 85.419 2.960 8191851
-46.695 92.248 3.051 8191851
-54.985 141.760 2.194 16376911
-42.187 66.215 2.754 3003583
-49.625 108.679 3.610 16757844
-49.235 115.707 5.279 12616956
-51.117 121.371 3.115 16757844
-50.292 118.967 4.022 16757844
-51.424 141.751 7.716 16739210
-47.325 83.876 5.284 3718648
-49.167 91.768 3.021 8191851
-51.124 85.938 3.670 8191851
-49.440 98.065 3.060 8191851
-46.564 111.283 3.983 16757844
-51.906 88.044 4.856 8191851
-46.977 106.013 5.932 16739210
-36.954 126.094 3.975 16757844
-37.819 124.044 5.320 16739210
-63.540 55.832 7.165 6737151
-53.315 91.824 2.890 8191851
-32.511 128.828 0.542 16376911
-32.334 125.988 2.040 16757844
-55.098 94.297 4.334 3003583
-55.554 95.205 3.903 8191851
-44.422 105.459 5.333 16739210
-56.928 98.306 4.614 3003583
-56.463 97.284 4.561 8191851
-54.544 99.176 4.051 3003583
-60.891 99.147 2.643 8191851
-45.122 103.183 5.497 12616956
-52.783 101.907 3.020 8191851
-55.565 101.445 4.601 3003583
-58.301 101.434 4.740 8191851
-56.004 102.383 5.279 3718648
-56.436 103.279 4.066 8191851
-52.720 102.982 3.007 8191851
-103.208 114.024 4.028 6737151
-102.295 116.905 6.264 6737151
-102.675 115.048 7.915 3718648
-102.649 115.605 6.611 3718648
-102.322 116.290 2.701 3003583
-100.573 118.941 5.247 6737151
-102.254 117.047 3.010 8191851
-102.480 115.342 7.256 6737151
-101.212 118.903 1.705 3003583
-93.927 121.877 2.547 3003583
-96.455 120.779 3.985 6737151
-102.478 117.507 5.937 3718648
-102.678 118.195 3.300 8191851
-41.171 99.795 3.404 16757844
-93.511 122.009 3.993 6737151
-94.497 121.621 4.282 8191851
-93.934 121.646 5.438 3718648
-96.943 120.423 5.797 3718648
-43.552 99.900 7.322 12616956
-91.607 128.538 2.674 3003583
-65.629 111.936 6.287 6737151
-62.112 110.254 2.629 3003583
-43.930 99.643 4.417 16757844
-92.724 137.015 3.276 3003583
-63.435 113.036 4.981 6737151
-54.997 107.079 3.989 8191851
-100.704 141.600 7.976 3718648
-92.031 132.069 4.061 8191851
-97.290 132.948 7.039 6737151
-89.862 129.208 2.121 8191851
-24.607 86.646 6.346 16739210
-60.327 110.464 4.819 3718648
-55.207 109.094 4.449 3003583
-98.347 144.894 6.767 3718648
-94.569 146.916 4.784 6737151
-96.706 145.608 3.693 8191851
-54.767 107.987 4.093 3003583
-54.628 108.611 3.874 8191851
-98.301 144.849 7.147 6737151
-94.725 146.673 5.164 3718648
-55.307 109.953 2.930 8191851
-41.407 95.041 5.375 16739210
-75.527 135.767 2.745 3003583
-55.317 109.387 4.373 8191851
-55.656 110.005 4.327 8191851
-84.688 150.513 6.027 3718648
-75.190 134.930 4.027 8191851
-69.950 131.841 1.977 3003583
-59.872 118.297 2.461 8191851
-52.876 107.973 2.949 3003583
-72.073 134.750 2.153 3003583
-69.583 139.289 3.388 3003583
-56.626 114.336 2.694 3003583
-60.986 126.824 2.314 8191851
-83.324 152.831 5.283 3718648
-57.119 118.939 2.527 8191851
-59.093 121.726 2.527 3003583
-73.506 155.514 1.661 3003583
-36.677 75.460 3.288 16376911
-65.759 152.548 5.290 6737151
-45.986 95.690 3.049 16376911
-58.750 138.257 3.422 3003583
-50.905 109.129 2.887 3003583
-54.455 125.333 3.564 3003583
-58.342 141.828 4.448 6737151
-54.162 143.527 4.119 6737151
-58.447 141.717 5.874 6737151
-55.125 143.082 4.624 3718648
-51.111 120.559 2.823 3003583
-51.550 144.544 6.283 3718648
-47.973 79.800 4.978 16757844
-49.976 118.369 3.790 8191851
-46.595 69.427 7.880 16739210
-46.828 63.773 8.406 16739210
-47.000 112.122 4.276 3003583
-47.834 69.938 8.229 12616956
-49.373 95.185 3.069 16376911
-47.470 107.212 5.129 3718648
-50.497 84.547 3.643 16757844
-46.231 110.639 3.120 8191851
-44.335 115.021 4.082 3003583
-45.651 109.299 4.428 3003583
-45.365 108.709 3.757 3003583
-45.658 104.317 5.554 3718648
-43.843 104.341 5.310 3718648
-57.464 99.224 3.871 16376911
-60.680 99.536 2.798 16757844
-55.572 101.480 5.912 12616956
-55.858 102.600 2.986 16376911
-56.837 103.136 3.949 16376911
-101.621 118.689 3.862 16376911
-100.881 118.838 6.432 16757844
-102.313 116.968 6.813 12616956
-99.768 119.280 5.135 16757844
-102.694 118.182 2.210 16376911
-102.484 115.885 5.850 16376911
-102.279 116.870 4.538 16757844
-99.250 117.917 1.115 16757844
-97.932 118.495 1.177 16757844
-95.929 120.990 4.187 16757844
-92.693 121.520 2.509 16376911
-44.293 100.329 5.775 3718648
-41.696 99.232 2.871 3003583
-94.143 121.585 5.632 16376911
-93.943 124.679 6.490 12616956
-93.689 121.757 4.761 16376911
-66.400 111.117 3.408 16757844
-94.284 125.545 4.405 16757844
-94.525 126.265 5.602 16376911
-25.177 89.155 6.353 6737151
-92.797 129.651 5.238 16757844
-42.109 98.377 2.880 3003583
-91.358 130.210 4.017 16757844
-98.111 135.017 8.037 12616956
-96.830 131.823 8.250 16739210
-39.795 96.028 2.816 8191851
-54.798 106.222 3.553 16757844
-97.408 133.437 5.604 16376911
-91.319 133.493 2.083 16376911
-100.402 140.563 6.737 12616956
-97.026 132.479 5.936 16376911
-54.284 106.435 3.599 16757844
-54.335 107.033 3.974 16376911
-93.835 136.331 4.190 16757844
-56.213 108.255 4.122 16757844
-96.338 145.042 8.122 12616956
-78.117 129.053 3.398 16757844
-95.432 146.511 3.970 16757844
-54.868 108.612 4.161 16757844
-69.159 125.243 8.279 16739210
-88.822 148.759 4.977 16757844
-75.740 130.984 3.356 16757844
-89.494 152.114 7.964 12616956
-77.487 139.754 3.801 16757844
-83.625 153.687 4.486 16757844
-87.426 149.285 8.154 16739210
-87.168 149.460 5.300 16376911
-89.184 148.704 7.143 16739210
-29.489 79.328 5.842 6737151
-35.506 79.774 2.645 8191851
-41.027 91.709 3.008 3003583
-67.699 130.200 2.088 16757844
-85.651 158.316 2.085 16757844
-70.423 137.760 3.119 16757844
-54.298 111.929 2.787 16757844
-35.503 73.418 2.557 3003583
-35.666 76.032 3.070 3003583
-80.824 160.636 3.955 16376911
-61.877 144.330 6.429 12616956
-58.271 138.888 2.420 16376911
-69.983 161.330 3.833 16376911
-50.927 114.633 6.752 16739210
-58.321 141.775 5.789 16376911
-57.859 142.028 6.737 16739210
-43.474 67.667 6.739 3718648
-50.888 114.641 6.394 12616956
-42.607 67.757 6.116 3718648
-51.603 120.643 3.201 16757844
-45.572 80.316 5.846 6737151
-49.692 117.403 4.824 16376911
-48.371 108.979 5.533 16739210
-48.652 117.050 6.609 12616956
-51.444 86.616 3.920 3003583
-51.909 88.904 5.358 6737151
-47.543 107.292 5.466 12616956
-46.762 111.666 3.000 16757844
-46.810 108.900 2.936 16376911
-46.159 110.111 4.761 16757844
-41.826 121.887 5.537 12616956
-40.390 123.028 7.374 12616956
-37.443 126.584 3.369 16757844
-53.019 89.831 3.159 3003583
-54.077 92.143 3.958 3003583
-44.242 105.115 5.339 16739210
-54.324 97.871 4.799 8191851
-56.534 97.419 3.978 8191851
-56.521 97.305 3.706 3003583
-56.688 97.589 3.705 3003583
-54.660 99.433 4.257 8191851
-62.224 96.798 2.309 8191851
-57.539 99.590 3.271 8191851
-57.857 100.100 3.936 8191851
-42.255 102.115 3.148 16376911
-42.044 101.779 3.088 16376911
-102.426 116.074 2.401 3003583
-102.802 115.154 5.339 6737151
-98.786 118.101 0.644 8191851
-103.057 114.383 5.677 3718648
-100.178 117.561 1.192 3003583
-102.367 116.012 5.648 3718648
-100.327 119.192 3.992 6737151
-102.411 117.422 1.711 3003583
-102.774 115.159 3.387 8191851
-60.914 106.239 3.100 3003583
-61.926 108.150 3.759 8191851
-96.113 120.958 7.589 3718648
-52.470 103.825 3.009 8191851
-102.313 118.210 5.950 3718648
-61.247 106.989 3.010 3003583
-97.859 118.401 2.221 8191851
-93.112 122.863 6.294 3718648
-40.848 99.072 3.318 16757844
-54.053 104.688 4.100 3003583
-92.871 122.134 3.168 8191851
-94.014 120.738 2.315 8191851
-62.224 108.854 3.483 3003583
-93.865 121.654 6.899 6737151
-93.370 123.331 6.878 6737151
-93.428 123.530 3.400 8191851
-93.596 123.905 4.554 3718648
-54.011 105.647 4.212 8191851
-53.514 105.193 4.126 3003583
-66.740 111.841 3.840 8191851
-96.932 132.386 5.381 3718648
-54.531 106.062 4.546 3003583
-24.939 87.611 6.951 16739210
-96.265 130.630 5.715 3718648
-95.791 141.238 1.689 3003583
-53.332 105.952 3.798 8191851
-101.332 143.241 8.053 3718648
-54.153 106.315 4.549 3003583
-98.210 135.377 5.714 3718648
-53.721 106.791 3.628 8191851
-100.425 140.695 7.224 6737151
-53.632 106.597 3.970 3003583
-75.312 130.114 2.829 3003583
-42.837 97.088 6.037 16739210
-93.936 146.709 7.771 3718648
-88.655 146.321 4.405 6737151
-27.141 83.399 6.259 16739210
-92.545 147.266 3.312 6737151
-92.113 139.431 1.552 8191851
-27.275 82.854 6.281 16739210
-73.823 131.881 4.590 6737151
-24.839 82.109 6.556 16739210
-96.808 145.462 4.098 3718648
-76.523 127.725 2.699 8191851
-41.606 95.602 5.355 16739210
-92.227 147.394 6.607 3718648
-53.327 107.643 2.964 3003583
-82.717 151.324 5.653 6737151
-58.174 113.720 2.669 3003583
-78.573 142.178 3.541 6737151
-78.100 142.891 5.862 3718648
-83.356 151.022 4.620 6737151
-78.541 141.712 3.847 8191851
-74.739 141.267 2.484 3003583
-72.982 132.624 6.162 6737151
-80.729 152.367 1.787 3003583
-79.217 158.627 4.073 6737151
-53.774 111.750 2.785 8191851
-68.961 146.221 1.980 3003583
-75.258 154.873 1.707 3003583
-74.449 155.076 1.702 3003583
-55.157 115.044 2.703 3003583
-41.829 87.770 2.997 16376911
-68.137 153.460 1.837 3003583
-37.780 78.534 3.924 16757844
-68.922 159.287 7.132 3718648
-66.369 140.914 2.097 8191851
-51.570 110.256 4.029 3003583
-58.219 138.671 2.758 3003583
-69.931 161.227 6.483 6737151
-60.190 136.312 3.323 8191851
-43.050 69.570 6.697 12616956
-51.069 121.269 3.256 3003583
-50.393 117.912 2.840 8191851
-51.291 120.834 5.934 6737151
-49.286 110.821 3.187 8191851
-52.411 144.175 6.306 3718648
-44.908 79.097 3.174 16757844
-42.511 67.803 6.385 16739210
-48.341 111.969 3.651 8191851
-48.226 109.193 4.802 3718648
-43.002 125.173 -0.065 8191851
-47.248 106.095 3.047 8191851
-45.172 107.808 4.969 6737151
-36.242 123.996 5.593 3718648
-52.303 94.746 5.518 16739210
-44.744 107.460 4.077 8191851
-44.296 106.461 3.713 8191851
-53.716 98.032 3.205 16376911
-43.794 105.095 4.842 6737151
-43.476 104.836 3.786 8191851
-42.996 103.571 3.347 3003583
-56.421 102.329 4.541 16376911
-58.661 101.890 3.177 16757844
-102.815 115.085 6.539 16757844
-42.038 101.483 4.510 8191851
-100.401 119.140 7.712 12616956
-56.838 104.180 3.416 16757844
-57.033 104.571 3.363 16757844
-94.242 121.545 6.236 16757844
-100.969 118.798 5.816 16376911
-97.447 120.359 4.514 16757844
-94.324 125.819 7.427 12616956
-95.310 121.052 6.861 16376911
-65.672 111.949 5.852 12616956
-96.141 120.800 5.999 16376911
-92.986 122.328 4.486 16757844
-65.637 111.917 6.428 16739210
-54.760 105.416 4.369 16757844
-91.493 130.672 4.928 16757844
-25.356 88.707 6.374 6737151
-94.670 126.686 5.928 16376911
-91.775 128.954 4.361 16757844
-43.613 98.814 6.042 3718648
-53.002 105.232 3.924 16757844
-96.339 130.838 5.949 16376911
-95.782 141.181 3.396 16376911
-98.335 144.942 7.856 12616956
-95.764 141.156 3.754 16757844
-53.979 107.173 4.004 16376911
-54.102 107.391 3.974 16376911
-38.294 93.488 3.518 3003583
-95.490 145.989 8.122 12616956
-96.581 145.636 4.013 16757844
-38.218 93.431 4.094 8191851
-90.486 145.778 3.644 16757844
-97.784 145.155 5.931 16376911
-77.650 130.478 3.368 16757844
-56.515 110.426 2.819 16757844
-73.484 128.720 2.004 16757844
-91.013 147.918 5.402 16376911
-87.683 149.193 6.402 12616956
-72.090 131.562 7.567 16739210
-36.912 85.204 3.114 8191851
-59.000 114.938 8.225 12616956
-86.600 149.691 5.309 16376911
-39.308 88.759 2.958 8191851
-42.803 93.795 2.999 8191851
-85.381 151.751 8.157 16739210
-59.010 118.130 2.530 16376911
-78.611 157.456 2.921 16376911
-34.292 80.035 8.277 6737151
-32.980 73.555 2.449 3003583
-37.423 77.341 4.336 6737151
-53.406 112.412 2.785 16757844
-65.594 152.378 4.307 16757844
-38.459 78.718 3.939 8191851
-37.070 78.072 4.027 8191851
-70.291 162.005 1.989 16757844
-38.975 68.772 2.412 3003583
-59.704 141.264 4.645 16757844
-58.022 138.255 4.652 16757844
-42.337 66.974 3.235 3003583
-43.436 82.863 3.003 3003583
-61.745 143.931 4.137 16376911
-50.468 118.130 5.408 12616956
-51.096 114.694 5.468 16739210
-54.980 143.148 4.797 16376911
-51.847 124.145 2.897 16757844
-50.771 114.764 4.644 16376911
-45.353 78.860 4.268 8191851
-47.501 84.241 3.261 3003583
-48.508 118.155 7.904 12616956
-48.001 114.599 3.742 16757844
-46.901 111.879 3.565 16376911
-46.816 111.750 4.374 16757844
-51.763 92.430 4.212 8191851
-52.931 89.750 3.988 8191851
-52.669 94.344 4.206 3003583
-33.190 126.263 7.483 16739210
-32.534 126.393 7.108 12616956
-55.576 95.240 3.931 8191851
-55.927 96.118 4.156 3003583
-56.494 97.275 4.421 3003583
-61.024 99.148 4.030 8191851
-44.921 102.661 5.543 12616956
-58.627 101.926 3.132 8191851
-52.510 102.225 3.931 3003583
-103.340 113.963 2.443 3003583
-52.812 103.149 4.172 8191851
-53.124 103.216 4.326 3003583
-102.650 115.364 5.688 3718648
-98.289 119.872 6.188 6737151
-102.551 115.779 3.081 8191851
-53.022 103.665 4.455 8191851
-102.129 116.757 8.910 6737151
-96.778 120.667 3.732 3003583
-98.767 118.953 4.044 6737151
-97.878 120.059 5.258 6737151
-101.689 118.689 1.738 3003583
-95.985 120.983 7.612 3718648
-93.032 122.545 3.750 3003583
-94.991 121.262 5.214 6737151
-97.716 120.080 8.619 6737151
-93.104 122.689 5.177 6737151
-93.306 123.260 7.480 3718648
-53.088 104.180 4.276 3003583
-53.208 104.565 4.628 3003583
-93.897 121.934 3.173 8191851
-65.625 112.083 4.011 3003583
-92.630 128.107 3.903 6737151
-52.993 104.634 4.501 3003583
-61.433 111.591 3.612 8191851
-99.979 140.003 6.490 3718648
-92.592 136.938 2.351 3003583
-61.464 111.758 3.977 3003583
-24.129 81.145 6.816 12616956
-61.015 111.651 2.653 3003583
-95.130 141.651 2.076 3003583
-63.490 112.938 4.372 8191851
-72.152 121.207 1.889 3003583
-100.147 140.101 7.241 6737151
-41.638 95.666 5.033 16757844
-92.876 137.429 2.984 8191851
-100.610 144.007 4.170 3718648
-63.642 118.561 2.221 8191851
-87.646 149.241 5.797 6737151
-89.805 148.372 4.766 6737151
-89.556 148.528 6.203 3718648
-40.031 91.827 5.428 12616956
-58.926 113.405 2.662 3003583
-76.766 142.253 2.140 3003583
-88.293 148.978 6.528 3718648
-73.121 132.454 5.963 3718648
-64.050 127.072 2.234 8191851
-84.024 155.425 3.097 6737151
-77.783 140.377 4.194 3718648
-69.325 137.407 2.795 3003583
-81.691 159.960 4.487 6737151
-57.638 118.697 2.568 8191851
-66.546 147.170 1.966 3003583
-72.491 155.917 1.696 3003583
-60.274 132.167 2.232 3003583
-38.964 81.649 3.127 16757844
-50.650 108.294 3.687 8191851
-68.422 158.293 2.960 6737151
-62.430 140.675 2.175 8191851
-56.146 128.764 3.066 8191851
-50.670 119.786 4.238 3003583
-49.142 106.438 2.977 8191851
-55.097 143.121 3.457 6737151
-42.897 69.794 6.689 12616956
-42.825 74.359 2.791 16757844
-50.150 117.879 5.146 3718648
-50.416 118.169 5.246 3718648
-49.329 116.304 5.123 3718648
-48.682 106.483 2.973 8191851
-43.364 68.336 6.377 16739210
-47.452 70.990 7.401 16739210
-45.096 69.206 7.129 16739210
-48.364 111.543 3.461 3003583
-47.091 70.346 7.074 16739210
-47.198 111.806 2.956 8191851
-51.070 86.717 5.105 16757844
-47.463 108.342 3.196 3003583
-50.664 91.544 3.063 16757844
-45.751 109.559 4.168 8191851
-42.530 118.310 3.754 3003583
-45.521 109.211 3.719 3003583
-53.339 90.595 4.068 16757844
-38.664 122.239 7.379 6737151
-44.295 106.470 4.428 3003583
-44.314 106.447 4.637 8191851
-43.874 105.537 4.457 3003583
-42.869 103.371 3.793 8191851
-52.274 101.865 3.925 16376911
-51.924 102.288 4.012 16376911
-52.932 102.154 4.147 16757844
-55.975 102.359 4.708 16757844
-103.168 113.755 7.891 12616956
-51.937 102.812 3.991 16376911
-102.488 115.886 5.253 16757844
-102.741 114.645 8.517 16739210
-102.655 114.921 7.212 16376911
-101.101 118.702 5.527 16757844
-52.313 103.394 4.206 16757844
-102.428 116.021 6.225 16376911
-96.462 120.580 5.438 16757844
-102.411 117.264 4.909 16376911
-98.762 119.686 5.791 16376911
-52.455 104.028 3.757 16376911
-95.451 121.183 4.530 16757844
-52.524 104.062 4.123 16757844
-93.629 123.904 7.992 16739210
-65.618 112.038 4.601 16757844
-90.972 128.698 2.352 16376911
-40.466 96.983 5.346 3718648
-60.317 110.468 4.661 16757844
-93.123 138.282 3.531 16376911
-96.389 130.820 7.282 16739210
-96.843 132.022 7.313 16739210
-39.323 95.649 4.436 8191851
-45.096 99.507 3.008 8191851
-97.252 145.369 6.330 16757844
-65.443 116.330 2.298 16376911
-96.542 145.653 3.670 16757844
-100.558 141.186 7.562 16739210
-94.725 146.274 8.126 12616956
-96.970 145.268 8.593 16739210
-100.129 144.204 6.023 16376911
-42.009 95.525 3.149 8191851
-39.230 94.318 5.323 6737151
-98.791 144.728 7.525 16739210
-89.041 148.727 4.675 16757844
-63.889 118.361 2.223 16376911
-91.400 147.702 5.080 16757844
-75.249 135.177 3.729 16376911
-95.699 146.392 4.405 16376911
-53.174 107.653 2.981 16376911
-93.700 146.816 7.345 16739210
-75.672 135.912 3.956 16757844
-72.547 129.431 2.017 16757844
-55.563 111.049 2.847 16757844
-37.002 85.632 4.449 6737151
-70.286 130.239 2.041 16757844
-75.840 142.889 2.038 16376911
-68.197 130.279 2.108 16757844
-83.347 152.860 6.696 16376911
-67.069 130.080 2.158 16757844
-79.880 155.835 3.375 16757844
-79.947 160.490 3.617 16757844
-39.734 81.671 3.301 3003583
-61.656 129.321 2.360 16757844
-40.482 84.665 3.025 3003583
-69.215 159.758 4.620 16757844
-38.977 80.941 4.169 8191851
-59.441 141.357 6.320 12616956
-60.844 141.981 6.620 12616956
-64.935 150.831 6.442 16739210
-51.386 120.271 5.934 12616956
-42.295 69.609 6.647 3718648
-59.313 138.617 4.249 16376911
-54.287 143.467 4.565 16757844
-46.518 76.286 4.376 3003583
-42.743 68.284 7.321 6737151
-49.525 117.228 4.679 16757844
-55.084 143.124 2.891 16757844
-47.057 88.925 3.074 3003583
-45.648 80.409 3.816 8191851
-47.659 84.581 3.308 3003583
-48.420 108.591 3.127 16376911
-50.184 83.944 3.540 8191851
-48.038 111.299 3.689 16376911
-47.872 79.484 4.871 3718648
-50.027 83.581 4.274 3003583
-47.910 107.968 5.734 16739210
-47.103 112.073 4.842 16376911
-47.143 108.946 2.977 16376911
-50.542 90.790 5.859 6737151
-37.865 123.963 5.504 12616956
-46.553 105.949 5.484 16739210
-51.517 92.727 4.366 3003583
-52.848 89.557 3.793 3003583
-35.229 125.258 6.333 16739210
-46.553 105.158 5.823 16739210
-46.111 104.640 5.517 12616956
-44.281 106.433 4.327 16757844
-51.182 100.443 4.169 3003583
-52.084 100.734 4.308 8191851
-57.387 99.110 3.724 3003583
-52.056 101.104 4.504 3003583
-52.016 101.737 4.361 8191851
-58.762 102.132 4.221 8191851
-52.105 102.068 4.688 3003583
-51.778 102.559 3.499 8191851
-52.324 102.635 4.660 3003583
-103.338 113.869 3.778 3003583
-44.619 101.994 4.903 16376911
-103.394 113.799 1.155 3003583
-103.112 114.399 6.709 3718648
-51.919 102.832 4.078 3003583
-102.469 116.001 5.378 6737151
-103.030 114.163 7.033 3718648
-102.214 116.971 2.764 3003583
-97.313 118.722 0.778 8191851
-102.457 115.600 7.003 3718648
-60.559 105.392 3.827 3003583
-102.155 116.816 8.934 6737151
-95.545 121.011 6.133 6737151
-94.598 120.748 2.632 3003583
-61.798 107.857 3.816 8191851
-97.334 120.354 6.488 3718648
-102.556 117.602 2.079 8191851
-94.322 120.464 2.940 3003583
-98.025 120.000 6.818 3718648
-96.314 120.691 6.754 3718648
-66.509 111.052 3.564 3003583
-93.891 124.747 7.545 3718648
-94.003 120.446 4.667 3718648
-7.430 81.614 7.703 16739210
-96.954 132.174 6.106 6737151
-91.195 129.399 4.793 6737151
-63.066 110.531 3.347 3003583
-89.971 130.717 2.709 3003583
-54.783 106.171 2.984 3003583
-23.825 89.039 7.273 12616956
-24.811 85.926 6.725 16739210
-43.322 98.928 7.680 12616956
-99.093 144.625 8.032 3718648
-27.289 82.878 5.956 12616956
-64.508 116.766 2.353 8191851
-38.091 93.084 4.049 16376911
-60.405 112.375 2.656 3003583
-97.338 145.326 5.302 3718648
-71.553 127.137 1.934 8191851
-78.659 130.217 3.263 8191851
-95.721 146.415 3.759 8191851
-75.415 135.277 4.582 6737151
-91.856 147.532 6.657 3718648
-77.017 138.797 2.360 3003583
-73.073 129.362 2.543 3003583
-73.542 129.490 2.736 8191851
-84.356 150.633 6.100 3718648
-72.814 133.581 2.279 3003583
-52.845 108.005 2.989 3003583
-54.244 111.472 2.827 8191851
-71.624 145.709 2.034 3003583
-56.346 114.441 2.748 3003583
-69.642 145.941 2.042 3003583
-71.478 140.437 2.100 8191851
-61.259 131.711 2.276 3003583
-71.339 156.521 1.693 3003583
-60.561 132.069 2.255 3003583
-40.740 83.843 3.827 16376911
-71.632 158.212 1.944 8191851
-66.162 153.565 5.686 3718648
-50.775 109.272 4.041 8191851
-59.157 136.545 2.300 3003583
-56.061 128.252 2.962 3003583
-54.979 143.148 5.165 6737151
-54.222 125.990 7.862 6737151
-58.977 141.597 4.048 3718648
-54.644 143.297 3.465 6737151
-43.533 68.101 5.990 12616956
-50.426 118.569 3.105 3003583
-46.905 85.302 2.982 16376911
-45.434 79.025 3.199 16757844
-46.932 76.937 3.676 16376911
-45.311 67.439 8.076 16739210
-48.235 109.729 4.596 8191851
-54.150 66.653 6.205 12616956
-52.648 65.535 8.806 12616956
-43.566 118.605 6.171 3718648
-64.780 56.951 7.590 12616956
-42.537 120.165 3.423 3003583
-46.992 106.113 6.071 6737151
-45.254 108.448 3.515 8191851
-54.763 94.677 5.320 12616956
-53.784 96.698 5.549 12616956
-53.874 97.611 3.744 16757844
-51.386 100.924 4.381 16757844
-55.167 99.863 5.545 16739210
-55.126 100.515 6.120 16739210
-51.570 101.424 4.571 16376911
-51.712 101.795 4.560 16376911
-51.937 102.840 4.002 16376911
-103.151 114.295 2.364 16376911
-102.563 115.545 5.606 16757844
-99.157 114.181 1.315 16757844
-102.322 116.337 3.324 16757844
-97.721 120.193 2.429 16376911
-100.580 118.987 7.138 16376911
-96.600 120.748 2.456 16376911
-98.402 119.762 8.278 16739210
-98.080 119.906 7.029 16376911
-101.537 118.500 4.913 16376911
-97.471 120.140 3.354 16757844
-55.311 105.137 2.984 16376911
-58.906 106.285 2.983 16757844
-58.850 106.432 2.980 16757844
-93.378 123.387 4.229 16757844
-94.357 121.432 8.034 16739210
-95.451 121.049 4.851 16376911
-91.911 128.374 3.836 16376911
-92.889 122.037 5.960 16376911
-89.708 130.086 3.812 16376911
-91.441 130.320 5.286 16757844
-42.926 98.748 3.171 3003583
-91.482 128.502 3.249 16757844
-97.045 132.612 5.682 16376911
-101.420 143.476 8.044 12616956
-96.277 130.603 8.600 16739210
-42.851 98.092 3.918 3003583
-63.443 112.980 4.713 16757844
-91.844 134.913 3.030 16757844
-97.417 145.226 6.743 12616956
-79.811 127.609 1.839 16757844
-77.814 126.505 2.004 16757844
-99.059 144.632 5.640 16376911
-77.294 126.574 2.024 16757844
-76.008 129.758 2.786 16376911
-89.811 148.376 6.159 16757844
-91.523 151.205 7.735 12616956
-38.934 92.680 2.903 3003583
-97.022 145.447 7.491 16739210
-74.048 128.322 2.055 16757844
-94.654 146.437 5.916 16376911
-75.949 131.476 3.400 16757844
-87.932 149.141 5.041 16757844
-93.051 146.733 5.877 16376911
-86.977 149.526 7.868 12616956
-40.927 93.065 3.182 3003583
-77.287 140.669 2.164 16376911
-42.568 93.956 3.013 8191851
-39.395 88.693 2.976 8191851
-83.491 153.068 6.371 12616956
-84.204 155.701 6.414 12616956
-58.653 118.141 2.584 16376911
-57.794 115.978 8.257 12616956
-39.408 82.965 4.489 6737151
-39.761 83.971 4.162 8191851
-68.281 158.094 5.684 16757844
-40.425 83.749 4.177 8191851
-39.486 83.566 4.260 8191851
-39.636 83.375 4.260 8191851
-60.125 130.136 2.337 16757844
-45.329 92.726 3.098 8191851
-41.749 76.634 2.747 8191851
-58.033 137.727 3.630 16376911
-41.123 84.010 3.865 8191851
-59.870 141.221 4.930 16376911
-57.090 139.263 2.453 16376911
-57.923 137.814 4.056 16757844
-46.230 85.055 2.988 8191851
-49.454 109.433 2.901 16376911
-50.271 118.202 5.531 12616956
-47.168 83.940 3.243 3003583
-47.907 65.974 7.537 6737151
-50.463 63.051 8.698 3718648
-48.430 85.390 4.141 8191851
-45.389 121.340 3.547 16376911
-42.411 120.584 5.200 16376911
-40.139 120.673 7.171 12616956
